date,symbol,close
2010-01-04,BRENT,79.0500
2010-01-04,WTI,81.5200
2010-01-05,BRENT,79.2700
2010-01-05,WTI,81.7400
2010-01-06,BRENT,80.1400
2010-01-06,WTI,83.1200
2010-01-07,BRENT,80.5700
2010-01-07,WTI,82.6000
2010-01-08,BRENT,80.0600
2010-01-08,WTI,82.7400
2010-01-11,BRENT,80.1400
2010-01-11,WTI,82.5400
2010-01-12,BRENT,79.3800
2010-01-12,WTI,80.7900
2010-01-13,BRENT,77.5700
2010-01-13,WTI,79.6600
2010-01-14,BRENT,77.6100
2010-01-14,WTI,79.3500
2010-01-15,BRENT,76.8500
2010-01-15,WTI,77.9600
2010-01-19,BRENT,75.1800
2010-01-19,WTI,78.9800
2010-01-20,BRENT,75.0900
2010-01-20,WTI,77.4200
2010-01-21,BRENT,74.1300
2010-01-21,WTI,75.8400
2010-01-22,BRENT,72.7300
2010-01-22,WTI,74.2500
2010-01-25,BRENT,72.1800
2010-01-25,WTI,74.9000
2010-01-26,BRENT,72.6300
2010-01-26,WTI,74.6700
2010-01-27,BRENT,72.7500
2010-01-27,WTI,73.6400
2010-01-28,BRENT,70.6500
2010-01-28,WTI,73.6200
2010-01-29,BRENT,71.2000
2010-01-29,WTI,72.8500
2010-02-01,BRENT,71.5800
2010-02-01,WTI,74.4100
2010-02-02,BRENT,73.9400
2010-02-02,WTI,77.2100
2010-02-03,BRENT,75.7700
2010-02-03,WTI,76.9600
2010-02-04,BRENT,71.3000
2010-02-04,WTI,73.1300
2010-02-05,BRENT,70.1100
2010-02-05,WTI,71.1500
2010-02-08,BRENT,69.6200
2010-02-08,WTI,71.8700
2010-02-09,BRENT,70.4000
2010-02-09,WTI,73.7100
2010-02-10,BRENT,70.4000
2010-02-10,WTI,74.4800
2010-02-11,BRENT,72.3500
2010-02-11,WTI,75.2300
2010-02-12,BRENT,71.4900
2010-02-12,WTI,74.1100
2010-02-16,BRENT,74.8200
2010-02-16,WTI,76.9800
2010-02-17,BRENT,74.8900
2010-02-17,WTI,77.2700
2010-02-18,BRENT,76.6100
2010-02-18,WTI,78.9700
2010-02-19,BRENT,76.8800
2010-02-19,WTI,79.7700
2010-02-22,BRENT,76.9500
2010-02-22,WTI,80.0400
2010-02-23,BRENT,76.4400
2010-02-23,WTI,78.6100
2010-02-24,BRENT,77.0000
2010-02-24,WTI,79.7500
2010-02-25,BRENT,74.3800
2010-02-25,WTI,77.9900
2010-02-26,BRENT,76.3600
2010-02-26,WTI,79.7200
2010-03-01,BRENT,76.0700
2010-03-01,WTI,78.7100
2010-03-02,BRENT,77.5000
2010-03-02,WTI,79.6200
2010-03-03,BRENT,78.6600
2010-03-03,WTI,80.9100
2010-03-04,BRENT,77.8800
2010-03-04,WTI,80.2100
2010-03-05,BRENT,79.2000
2010-03-05,WTI,81.5000
2010-03-08,BRENT,78.9400
2010-03-08,WTI,81.8500
2010-03-09,BRENT,78.7700
2010-03-09,WTI,81.5000
2010-03-10,BRENT,80.2900
2010-03-10,WTI,82.0700
2010-03-11,BRENT,79.4400
2010-03-11,WTI,82.1000
2010-03-12,BRENT,79.3800
2010-03-12,WTI,81.2600
2010-03-15,BRENT,77.0800
2010-03-15,WTI,79.7900
2010-03-16,BRENT,79.4500
2010-03-16,WTI,81.7500
2010-03-17,BRENT,80.2800
2010-03-17,WTI,82.9300
2010-03-18,BRENT,80.0900
2010-03-18,WTI,82.1600
2010-03-19,BRENT,78.3700
2010-03-19,WTI,80.5800
2010-03-22,BRENT,78.0900
2010-03-22,WTI,81.2600
2010-03-23,BRENT,79.1700
2010-03-23,WTI,81.6800
2010-03-24,BRENT,78.0300
2010-03-24,WTI,80.2900
2010-03-25,BRENT,78.6400
2010-03-25,WTI,80.2500
2010-03-26,BRENT,77.9800
2010-03-26,WTI,79.7500
2010-03-29,BRENT,79.8900
2010-03-29,WTI,81.9200
2010-03-30,BRENT,79.4600
2010-03-30,WTI,82.1400
2010-03-31,BRENT,80.3700
2010-03-31,WTI,83.4500
2010-04-01,BRENT,82.6300
2010-04-01,WTI,84.5300
2010-04-05,BRENT,84.4800
2010-04-05,WTI,86.3600
2010-04-06,BRENT,85.0500
2010-04-06,WTI,86.5400
2010-04-07,BRENT,84.4900
2010-04-07,WTI,85.6400
2010-04-08,BRENT,82.6300
2010-04-08,WTI,85.1700
2010-04-09,BRENT,82.7700
2010-04-09,WTI,84.6000
2010-04-12,BRENT,85.2100
2010-04-12,WTI,84.0700
2010-04-13,BRENT,83.4400
2010-04-13,WTI,83.8000
2010-04-14,BRENT,85.8100
2010-04-14,WTI,85.6200
2010-04-15,BRENT,86.9000
2010-04-15,WTI,85.2500
2010-04-16,BRENT,84.8100
2010-04-16,WTI,82.9700
2010-04-19,BRENT,83.0900
2010-04-19,WTI,81.5200
2010-04-20,BRENT,84.7300
2010-04-20,WTI,82.9800
2010-04-21,BRENT,84.5500
2010-04-21,WTI,82.7800
2010-04-22,BRENT,84.5800
2010-04-22,WTI,82.8900
2010-04-23,BRENT,86.0900
2010-04-23,WTI,84.3400
2010-04-26,BRENT,86.7200
2010-04-26,WTI,84.2000
2010-04-27,BRENT,85.5900
2010-04-27,WTI,82.4300
2010-04-28,BRENT,84.5900
2010-04-28,WTI,83.2200
2010-04-29,BRENT,86.8200
2010-04-29,WTI,85.1700
2010-04-30,BRENT,86.1900
2010-04-30,WTI,86.0700
2010-05-03,BRENT,88.0900
2010-05-03,WTI,86.1900
2010-05-04,BRENT,85.3900
2010-05-04,WTI,82.7300
2010-05-05,BRENT,82.3100
2010-05-05,WTI,80.0000
2010-05-06,BRENT,80.2100
2010-05-06,WTI,77.1800
2010-05-07,BRENT,76.4800
2010-05-07,WTI,75.1000
2010-05-10,BRENT,78.0800
2010-05-10,WTI,76.8900
2010-05-11,BRENT,79.0000
2010-05-11,WTI,76.3700
2010-05-12,BRENT,78.7000
2010-05-12,WTI,75.6500
2010-05-13,BRENT,79.4100
2010-05-13,WTI,74.3800
2010-05-14,BRENT,76.4300
2010-05-14,WTI,71.6100
2010-05-17,BRENT,73.8700
2010-05-17,WTI,70.0800
2010-05-18,BRENT,75.1200
2010-05-18,WTI,69.3800
2010-05-19,BRENT,71.8600
2010-05-19,WTI,69.9100
2010-05-20,BRENT,69.5600
2010-05-20,WTI,68.2800
2010-05-21,BRENT,70.4500
2010-05-21,WTI,68.0300
2010-05-24,BRENT,69.6200
2010-05-24,WTI,68.2300
2010-05-25,BRENT,67.1800
2010-05-25,WTI,64.7800
2010-05-26,BRENT,70.5900
2010-05-26,WTI,71.5200
2010-05-27,BRENT,73.5600
2010-05-27,WTI,74.5600
2010-05-28,BRENT,73.0000
2010-05-28,WTI,74.0000
2010-06-01,BRENT,73.0800
2010-06-01,WTI,72.7000
2010-06-02,BRENT,72.7800
2010-06-02,WTI,72.8800
2010-06-03,BRENT,73.1200
2010-06-03,WTI,74.6200
2010-06-04,BRENT,71.8400
2010-06-04,WTI,71.4300
2010-06-07,BRENT,71.0900
2010-06-07,WTI,71.5500
2010-06-08,BRENT,71.4300
2010-06-08,WTI,71.8800
2010-06-09,BRENT,73.6800
2010-06-09,WTI,74.3800
2010-06-10,BRENT,74.3300
2010-06-10,WTI,75.4800
2010-06-11,BRENT,73.2800
2010-06-11,WTI,73.8900
2010-06-14,BRENT,75.1100
2010-06-14,WTI,74.9900
2010-06-15,BRENT,75.2900
2010-06-15,WTI,76.8400
2010-06-16,BRENT,76.1200
2010-06-16,WTI,77.6700
2010-06-17,BRENT,77.5200
2010-06-17,WTI,76.8200
2010-06-18,BRENT,77.0500
2010-06-18,WTI,77.1800
2010-06-21,BRENT,78.5300
2010-06-21,WTI,77.8400
2010-06-22,BRENT,78.0800
2010-06-22,WTI,77.1500
2010-06-23,BRENT,75.2200
2010-06-23,WTI,75.9000
2010-06-24,BRENT,75.1700
2010-06-24,WTI,75.9600
2010-06-25,BRENT,76.2100
2010-06-25,WTI,78.4500
2010-06-28,BRENT,76.6600
2010-06-28,WTI,78.2600
2010-06-29,BRENT,74.2100
2010-06-29,WTI,75.9300
2010-06-30,BRENT,74.9400
2010-06-30,WTI,75.5900
2010-07-01,BRENT,71.7300
2010-07-01,WTI,72.9500
2010-07-02,BRENT,71.7500
2010-07-02,WTI,72.0600
2010-07-06,BRENT,73.0800
2010-07-06,WTI,71.9600
2010-07-07,BRENT,72.9700
2010-07-07,WTI,74.0500
2010-07-08,BRENT,74.5600
2010-07-08,WTI,75.4600
2010-07-09,BRENT,75.2000
2010-07-09,WTI,76.0800
2010-07-12,BRENT,74.3500
2010-07-12,WTI,74.9300
2010-07-13,BRENT,76.4500
2010-07-13,WTI,77.1600
2010-07-14,BRENT,76.6300
2010-07-14,WTI,77.0200
2010-07-15,BRENT,75.5200
2010-07-15,WTI,76.6700
2010-07-16,BRENT,75.5500
2010-07-16,WTI,75.9600
2010-07-19,BRENT,76.2900
2010-07-19,WTI,76.5300
2010-07-20,BRENT,76.3100
2010-07-20,WTI,77.3200
2010-07-21,BRENT,75.7500
2010-07-21,WTI,76.2700
2010-07-22,BRENT,77.5900
2010-07-22,WTI,79.0100
2010-07-23,BRENT,77.2700
2010-07-23,WTI,78.6800
2010-07-26,BRENT,77.9000
2010-07-26,WTI,78.9300
2010-07-27,BRENT,75.5200
2010-07-27,WTI,77.4600
2010-07-28,BRENT,76.6600
2010-07-28,WTI,77.0600
2010-07-29,BRENT,78.6000
2010-07-29,WTI,78.3000
2010-07-30,BRENT,77.5000
2010-07-30,WTI,78.8500
2010-08-02,BRENT,81.9300
2010-08-02,WTI,81.2500
2010-08-03,BRENT,83.6000
2010-08-03,WTI,82.5200
2010-08-04,BRENT,83.7600
2010-08-04,WTI,82.4900
2010-08-05,BRENT,82.9000
2010-08-05,WTI,82.0000
2010-08-06,BRENT,81.2800
2010-08-06,WTI,80.6700
2010-08-09,BRENT,81.5400
2010-08-09,WTI,81.4600
2010-08-10,BRENT,79.8900
2010-08-10,WTI,80.2400
2010-08-11,BRENT,77.8300
2010-08-11,WTI,78.0900
2010-08-12,BRENT,76.6300
2010-08-12,WTI,75.6800
2010-08-13,BRENT,75.1400
2010-08-13,WTI,75.3900
2010-08-16,BRENT,74.5600
2010-08-16,WTI,75.1700
2010-08-17,BRENT,76.7400
2010-08-17,WTI,75.7600
2010-08-18,BRENT,75.1000
2010-08-18,WTI,75.3900
2010-08-19,BRENT,74.8400
2010-08-19,WTI,74.4500
2010-08-20,BRENT,73.4800
2010-08-20,WTI,73.4500
2010-08-23,BRENT,73.0800
2010-08-23,WTI,72.7100
2010-08-24,BRENT,70.6100
2010-08-24,WTI,71.2400
2010-08-25,BRENT,70.7400
2010-08-25,WTI,72.0700
2010-08-26,BRENT,74.5000
2010-08-26,WTI,73.3600
2010-08-27,BRENT,75.1600
2010-08-27,WTI,75.1700
2010-08-30,BRENT,76.0500
2010-08-30,WTI,74.6900
2010-08-31,BRENT,75.5100
2010-08-31,WTI,71.9300
2010-09-01,BRENT,75.5300
2010-09-01,WTI,73.9700
2010-09-02,BRENT,74.9300
2010-09-02,WTI,74.9900
2010-09-03,BRENT,75.0300
2010-09-03,WTI,74.5200
2010-09-07,BRENT,75.7800
2010-09-07,WTI,73.9800
2010-09-08,BRENT,77.4800
2010-09-08,WTI,74.6500
2010-09-09,BRENT,77.8700
2010-09-09,WTI,74.2500
2010-09-10,BRENT,77.5400
2010-09-10,WTI,76.4000
2010-09-13,BRENT,78.5200
2010-09-13,WTI,77.1700
2010-09-14,BRENT,78.8900
2010-09-14,WTI,76.7800
2010-09-15,BRENT,78.4600
2010-09-15,WTI,75.9200
2010-09-16,BRENT,78.8900
2010-09-16,WTI,74.5800
2010-09-17,BRENT,77.4300
2010-09-17,WTI,73.6300
2010-09-20,BRENT,79.4200
2010-09-20,WTI,74.8100
2010-09-21,BRENT,78.7600
2010-09-21,WTI,72.9600
2010-09-22,BRENT,77.2900
2010-09-22,WTI,72.9800
2010-09-23,BRENT,77.6900
2010-09-23,WTI,73.4000
2010-09-24,BRENT,78.7300
2010-09-24,WTI,74.6300
2010-09-27,BRENT,77.7100
2010-09-27,WTI,76.5100
2010-09-28,BRENT,79.1400
2010-09-28,WTI,76.1500
2010-09-29,BRENT,78.7900
2010-09-29,WTI,77.8500
2010-09-30,BRENT,80.7700
2010-09-30,WTI,79.9500
2010-10-01,BRENT,82.6900
2010-10-01,WTI,81.5700
2010-10-04,BRENT,83.4200
2010-10-04,WTI,81.4300
2010-10-05,BRENT,83.3500
2010-10-05,WTI,82.8300
2010-10-06,BRENT,85.0100
2010-10-06,WTI,83.2100
2010-10-07,BRENT,83.6700
2010-10-07,WTI,81.3400
2010-10-08,BRENT,83.8800
2010-10-08,WTI,82.6600
2010-10-11,BRENT,83.0800
2010-10-11,WTI,82.1800
2010-10-12,BRENT,82.9900
2010-10-12,WTI,81.6700
2010-10-13,BRENT,84.0100
2010-10-13,WTI,83.0300
2010-10-14,BRENT,83.5500
2010-10-14,WTI,82.7100
2010-10-15,BRENT,81.9400
2010-10-15,WTI,81.2300
2010-10-18,BRENT,82.3000
2010-10-18,WTI,83.0600
2010-10-19,BRENT,81.1200
2010-10-19,WTI,79.5700
2010-10-20,BRENT,81.6800
2010-10-20,WTI,81.9300
2010-10-21,BRENT,81.2800
2010-10-21,WTI,80.0300
2010-10-22,BRENT,80.7500
2010-10-22,WTI,81.1500
2010-10-25,BRENT,81.9100
2010-10-25,WTI,82.0000
2010-10-26,BRENT,82.6200
2010-10-26,WTI,82.6000
2010-10-27,BRENT,81.2700
2010-10-27,WTI,81.9000
2010-10-28,BRENT,82.9700
2010-10-28,WTI,82.2000
2010-10-29,BRENT,82.4700
2010-10-29,WTI,81.4500
2010-11-01,BRENT,84.0600
2010-11-01,WTI,82.9400
2010-11-02,BRENT,84.7100
2010-11-02,WTI,83.9100
2010-11-03,BRENT,85.3300
2010-11-03,WTI,84.4500
2010-11-04,BRENT,86.8300
2010-11-04,WTI,86.4900
2010-11-05,BRENT,87.0500
2010-11-05,WTI,86.8500
2010-11-08,BRENT,87.1500
2010-11-08,WTI,87.0700
2010-11-09,BRENT,87.9300
2010-11-09,WTI,87.0400
2010-11-10,BRENT,87.9200
2010-11-10,WTI,87.7700
2010-11-11,BRENT,88.0800
2010-11-11,WTI,87.7700
2010-11-12,BRENT,86.0700
2010-11-12,WTI,84.8900
2010-11-15,BRENT,85.4900
2010-11-15,WTI,84.8800
2010-11-16,BRENT,83.9800
2010-11-16,WTI,82.3300
2010-11-17,BRENT,83.3600
2010-11-17,WTI,80.4300
2010-11-18,BRENT,83.7000
2010-11-18,WTI,81.8800
2010-11-19,BRENT,83.1700
2010-11-19,WTI,81.6500
2010-11-22,BRENT,82.3400
2010-11-22,WTI,81.2400
2010-11-23,BRENT,82.3700
2010-11-23,WTI,80.7900
2010-11-24,BRENT,84.5300
2010-11-24,WTI,83.2100
2010-11-26,BRENT,84.7800
2010-11-26,WTI,83.8700
2010-11-29,BRENT,85.9000
2010-11-29,WTI,85.7300
2010-11-30,BRENT,86.0200
2010-11-30,WTI,84.1200
2010-12-01,BRENT,88.5600
2010-12-01,WTI,86.7500
2010-12-02,BRENT,89.3700
2010-12-02,WTI,87.9800
2010-12-03,BRENT,90.6500
2010-12-03,WTI,89.1800
2010-12-06,BRENT,91.2500
2010-12-06,WTI,89.3300
2010-12-07,BRENT,90.7800
2010-12-07,WTI,88.6900
2010-12-08,BRENT,89.7400
2010-12-08,WTI,88.3000
2010-12-09,BRENT,89.9300
2010-12-09,WTI,88.3500
2010-12-10,BRENT,89.5400
2010-12-10,WTI,87.8100
2010-12-13,BRENT,90.4000
2010-12-13,WTI,88.6200
2010-12-14,BRENT,90.6300
2010-12-14,WTI,88.3300
2010-12-15,BRENT,91.3300
2010-12-15,WTI,88.6600
2010-12-16,BRENT,91.0900
2010-12-16,WTI,87.7100
2010-12-17,BRENT,91.1100
2010-12-17,WTI,88.0200
2010-12-20,BRENT,91.3100
2010-12-20,WTI,88.6800
2010-12-21,BRENT,93.1100
2010-12-21,WTI,89.3000
2010-12-22,BRENT,93.5500
2010-12-22,WTI,89.8300
2010-12-23,BRENT,93.6300
2010-12-23,WTI,90.8400
2010-12-27,BRENT,93.0800
2010-12-27,WTI,90.9900
2010-12-28,BRENT,93.5200
2010-12-28,WTI,91.4800
2010-12-29,BRENT,93.5200
2010-12-29,WTI,91.1300
2010-12-30,BRENT,92.5000
2010-12-30,WTI,89.8500
2010-12-31,BRENT,93.2300
2010-12-31,WTI,91.3800
2011-01-03,BRENT,95.8200
2011-01-03,WTI,91.5900
2011-01-04,BRENT,93.5200
2011-01-04,WTI,89.3900
2011-01-05,BRENT,95.0700
2011-01-05,WTI,90.3000
2011-01-06,BRENT,94.9500
2011-01-06,WTI,88.3700
2011-01-07,BRENT,94.2500
2011-01-07,WTI,88.0700
2011-01-10,BRENT,95.0500
2011-01-10,WTI,89.2400
2011-01-11,BRENT,96.8000
2011-01-11,WTI,91.1100
2011-01-12,BRENT,97.8600
2011-01-12,WTI,91.8500
2011-01-13,BRENT,97.8600
2011-01-13,WTI,91.3900
2011-01-14,BRENT,97.8600
2011-01-14,WTI,91.5300
2011-01-18,BRENT,97.8300
2011-01-18,WTI,91.3800
2011-01-19,BRENT,98.4200
2011-01-19,WTI,90.8500
2011-01-20,BRENT,96.2700
2011-01-20,WTI,88.5600
2011-01-21,BRENT,96.8400
2011-01-21,WTI,88.2200
2011-01-24,BRENT,96.7600
2011-01-24,WTI,86.7400
2011-01-25,BRENT,96.7600
2011-01-25,WTI,85.0800
2011-01-26,BRENT,96.0400
2011-01-26,WTI,86.1500
2011-01-27,BRENT,96.4800
2011-01-27,WTI,84.4500
2011-01-28,BRENT,97.0600
2011-01-28,WTI,88.1500
2011-01-31,BRENT,98.9700
2011-01-31,WTI,90.9900
2011-02-01,BRENT,100.4000
2011-02-01,WTI,89.5400
2011-02-02,BRENT,101.3000
2011-02-02,WTI,89.7800
2011-02-03,BRENT,101.6900
2011-02-03,WTI,89.4200
2011-02-04,BRENT,99.4300
2011-02-04,WTI,87.8700
2011-02-07,BRENT,99.4400
2011-02-07,WTI,86.3000
2011-02-08,BRENT,99.2500
2011-02-08,WTI,85.8500
2011-02-09,BRENT,100.1600
2011-02-09,WTI,85.5900
2011-02-10,BRENT,100.7400
2011-02-10,WTI,85.4400
2011-02-11,BRENT,99.9300
2011-02-11,WTI,84.3900
2011-02-14,BRENT,103.1200
2011-02-14,WTI,83.6600
2011-02-15,BRENT,102.4800
2011-02-15,WTI,83.1300
2011-02-16,BRENT,102.7800
2011-02-16,WTI,83.8000
2011-02-17,BRENT,103.4500
2011-02-17,WTI,85.0500
2011-02-18,BRENT,102.2000
2011-02-18,WTI,85.0300
2011-02-22,BRENT,106.8200
2011-02-22,WTI,92.6500
2011-02-23,BRENT,109.7700
2011-02-23,WTI,96.0400
2011-02-24,BRENT,113.9100
2011-02-24,WTI,95.8300
2011-02-25,BRENT,111.4700
2011-02-25,WTI,96.5200
2011-02-28,BRENT,112.2700
2011-02-28,WTI,97.1000
2011-03-01,BRENT,113.3400
2011-03-01,WTI,99.6300
2011-03-02,BRENT,116.8900
2011-03-02,WTI,102.2700
2011-03-03,BRENT,114.4200
2011-03-03,WTI,101.9200
2011-03-04,BRENT,115.7100
2011-03-04,WTI,104.3400
2011-03-07,BRENT,116.5800
2011-03-07,WTI,105.3700
2011-03-08,BRENT,112.3200
2011-03-08,WTI,105.0600
2011-03-09,BRENT,115.1900
2011-03-09,WTI,104.3900
2011-03-10,BRENT,114.0700
2011-03-10,WTI,102.7300
2011-03-11,BRENT,114.0700
2011-03-11,WTI,101.1400
2011-03-14,BRENT,112.9500
2011-03-14,WTI,101.2000
2011-03-15,BRENT,111.1100
2011-03-15,WTI,97.2300
2011-03-16,BRENT,110.9600
2011-03-16,WTI,97.9900
2011-03-17,BRENT,114.1800
2011-03-17,WTI,101.4700
2011-03-18,BRENT,114.1300
2011-03-18,WTI,101.0600
2011-03-21,BRENT,114.9200
2011-03-21,WTI,102.3600
2011-03-22,BRENT,115.6300
2011-03-22,WTI,104.5300
2011-03-23,BRENT,115.6500
2011-03-23,WTI,105.2100
2011-03-24,BRENT,115.4100
2011-03-24,WTI,105.0400
2011-03-25,BRENT,115.4500
2011-03-25,WTI,104.8900
2011-03-28,BRENT,115.9500
2011-03-28,WTI,103.5400
2011-03-29,BRENT,115.5800
2011-03-29,WTI,104.3400
2011-03-30,BRENT,115.3500
2011-03-30,WTI,103.8000
2011-03-31,BRENT,116.9400
2011-03-31,WTI,106.1900
2011-04-01,BRENT,118.6300
2011-04-01,WTI,107.5500
2011-04-04,BRENT,120.0700
2011-04-04,WTI,108.1400
2011-04-05,BRENT,122.8700
2011-04-05,WTI,107.8200
2011-04-06,BRENT,123.0100
2011-04-06,WTI,108.3800
2011-04-07,BRENT,122.9000
2011-04-07,WTI,109.8200
2011-04-08,BRENT,126.3000
2011-04-08,WTI,112.2700
2011-04-11,BRENT,126.4600
2011-04-11,WTI,109.5000
2011-04-12,BRENT,121.3300
2011-04-12,WTI,105.7500
2011-04-13,BRENT,122.7000
2011-04-13,WTI,106.6000
2011-04-14,BRENT,122.7400
2011-04-14,WTI,107.7300
2011-04-15,BRENT,124.6300
2011-04-15,WTI,109.1700
2011-04-18,BRENT,121.6900
2011-04-18,WTI,106.7000
2011-04-19,BRENT,121.3500
2011-04-19,WTI,107.1800
2011-04-20,BRENT,124.2600
2011-04-20,WTI,110.8400
2011-04-21,BRENT,123.6400
2011-04-21,WTI,111.7200
2011-04-26,BRENT,124.5500
2011-04-26,WTI,111.7200
2011-04-27,BRENT,124.9400
2011-04-27,WTI,112.3100
2011-04-28,BRENT,126.5900
2011-04-28,WTI,112.3800
2011-05-02,BRENT,126.6400
2011-05-02,WTI,113.0300
2011-05-03,BRENT,124.0100
2011-05-03,WTI,110.6000
2011-05-04,BRENT,121.5500
2011-05-04,WTI,108.7900
2011-05-05,BRENT,111.9300
2011-05-05,WTI,99.8900
2011-05-06,BRENT,113.6900
2011-05-06,WTI,96.8700
2011-05-09,BRENT,113.2100
2011-05-09,WTI,100.3200
2011-05-10,BRENT,117.8200
2011-05-10,WTI,103.3900
2011-05-11,BRENT,115.6600
2011-05-11,WTI,97.8800
2011-05-12,BRENT,112.8700
2011-05-12,WTI,98.5300
2011-05-13,BRENT,113.0800
2011-05-13,WTI,99.2100
2011-05-16,BRENT,113.7200
2011-05-16,WTI,96.9100
2011-05-17,BRENT,109.3900
2011-05-17,WTI,96.4000
2011-05-18,BRENT,112.5400
2011-05-18,WTI,99.5200
2011-05-19,BRENT,113.2000
2011-05-19,WTI,97.9900
2011-05-20,BRENT,111.2500
2011-05-20,WTI,99.1500
2011-05-23,BRENT,110.1300
2011-05-23,WTI,97.0600
2011-05-24,BRENT,112.5200
2011-05-24,WTI,99.1300
2011-05-25,BRENT,114.4700
2011-05-25,WTI,100.7800
2011-05-26,BRENT,115.0600
2011-05-26,WTI,100.1800
2011-05-27,BRENT,114.8500
2011-05-27,WTI,100.5800
2011-05-31,BRENT,117.1800
2011-05-31,WTI,102.7000
2011-06-01,BRENT,116.1500
2011-06-01,WTI,100.3000
2011-06-02,BRENT,114.3000
2011-06-02,WTI,100.4100
2011-06-03,BRENT,115.0900
2011-06-03,WTI,100.2800
2011-06-06,BRENT,115.4000
2011-06-06,WTI,99.0700
2011-06-07,BRENT,116.1400
2011-06-07,WTI,99.1800
2011-06-08,BRENT,118.4300
2011-06-08,WTI,100.7700
2011-06-09,BRENT,119.9500
2011-06-09,WTI,101.9500
2011-06-10,BRENT,118.7100
2011-06-10,WTI,99.3000
2011-06-13,BRENT,120.4900
2011-06-13,WTI,97.2000
2011-06-14,BRENT,120.3500
2011-06-14,WTI,99.3700
2011-06-15,BRENT,114.6700
2011-06-15,WTI,94.8300
2011-06-16,BRENT,114.6900
2011-06-16,WTI,94.9500
2011-06-17,BRENT,113.7400
2011-06-17,WTI,93.0200
2011-06-20,BRENT,112.2100
2011-06-20,WTI,93.2300
2011-06-21,BRENT,112.0200
2011-06-21,WTI,93.7000
2011-06-22,BRENT,113.5900
2011-06-22,WTI,94.9600
2011-06-23,BRENT,108.2700
2011-06-23,WTI,90.7000
2011-06-24,BRENT,104.7900
2011-06-24,WTI,90.8900
2011-06-27,BRENT,104.5700
2011-06-27,WTI,90.6500
2011-06-28,BRENT,107.5700
2011-06-28,WTI,92.9000
2011-06-29,BRENT,111.4900
2011-06-29,WTI,94.8500
2011-06-30,BRENT,111.7100
2011-06-30,WTI,95.3000
2011-07-01,BRENT,109.8200
2011-07-01,WTI,94.8100
2011-07-05,BRENT,113.2100
2011-07-05,WTI,96.9200
2011-07-06,BRENT,113.5500
2011-07-06,WTI,96.6700
2011-07-07,BRENT,117.4000
2011-07-07,WTI,98.7000
2011-07-08,BRENT,117.4000
2011-07-08,WTI,96.2000
2011-07-11,BRENT,117.3500
2011-07-11,WTI,95.1600
2011-07-12,BRENT,117.3600
2011-07-12,WTI,97.4100
2011-07-13,BRENT,118.4600
2011-07-13,WTI,98.0400
2011-07-14,BRENT,117.3800
2011-07-14,WTI,95.7500
2011-07-15,BRENT,118.0600
2011-07-15,WTI,97.2400
2011-07-18,BRENT,117.0500
2011-07-18,WTI,95.9400
2011-07-19,BRENT,118.1800
2011-07-19,WTI,97.4900
2011-07-20,BRENT,118.5200
2011-07-20,WTI,98.1100
2011-07-21,BRENT,118.2500
2011-07-21,WTI,98.9600
2011-07-22,BRENT,118.9900
2011-07-22,WTI,99.5300
2011-07-25,BRENT,118.2700
2011-07-25,WTI,98.9700
2011-07-26,BRENT,118.1400
2011-07-26,WTI,99.6100
2011-07-27,BRENT,117.9900
2011-07-27,WTI,97.4000
2011-07-28,BRENT,118.1600
2011-07-28,WTI,97.4800
2011-07-29,BRENT,115.9300
2011-07-29,WTI,95.6800
2011-08-01,BRENT,116.3700
2011-08-01,WTI,94.9800
2011-08-02,BRENT,116.0200
2011-08-02,WTI,93.7800
2011-08-03,BRENT,113.7400
2011-08-03,WTI,91.8700
2011-08-04,BRENT,110.2200
2011-08-04,WTI,86.7500
2011-08-05,BRENT,106.9200
2011-08-05,WTI,86.8900
2011-08-08,BRENT,103.0600
2011-08-08,WTI,81.2700
2011-08-09,BRENT,103.6300
2011-08-09,WTI,79.3200
2011-08-10,BRENT,103.8400
2011-08-10,WTI,83.0500
2011-08-11,BRENT,107.8200
2011-08-11,WTI,85.4800
2011-08-12,BRENT,108.1700
2011-08-12,WTI,85.1900
2011-08-15,BRENT,108.8900
2011-08-15,WTI,87.8800
2011-08-16,BRENT,109.6900
2011-08-16,WTI,86.6500
2011-08-17,BRENT,111.3700
2011-08-17,WTI,87.5800
2011-08-18,BRENT,108.3600
2011-08-18,WTI,82.3800
2011-08-19,BRENT,109.3700
2011-08-19,WTI,82.3300
2011-08-22,BRENT,108.8300
2011-08-22,WTI,84.4200
2011-08-23,BRENT,110.3500
2011-08-23,WTI,85.3500
2011-08-24,BRENT,111.9100
2011-08-24,WTI,84.9900
2011-08-25,BRENT,111.9100
2011-08-25,WTI,85.1500
2011-08-26,BRENT,112.2900
2011-08-26,WTI,85.3700
2011-08-30,BRENT,115.5900
2011-08-30,WTI,88.9000
2011-08-31,BRENT,116.4800
2011-08-31,WTI,88.8100
2011-09-01,BRENT,116.4300
2011-09-01,WTI,88.9300
2011-09-02,BRENT,115.9200
2011-09-02,WTI,86.4500
2011-09-06,BRENT,113.2900
2011-09-06,WTI,85.9900
2011-09-07,BRENT,117.5000
2011-09-07,WTI,89.3400
2011-09-08,BRENT,117.9900
2011-09-08,WTI,89.0500
2011-09-09,BRENT,115.1000
2011-09-09,WTI,87.2400
2011-09-12,BRENT,114.7500
2011-09-12,WTI,88.1900
2011-09-13,BRENT,114.0800
2011-09-13,WTI,90.2100
2011-09-14,BRENT,113.1000
2011-09-14,WTI,88.9100
2011-09-15,BRENT,116.7100
2011-09-15,WTI,89.4000
2011-09-16,BRENT,116.2600
2011-09-16,WTI,87.9600
2011-09-19,BRENT,112.8900
2011-09-19,WTI,85.7000
2011-09-20,BRENT,114.3900
2011-09-20,WTI,86.9200
2011-09-21,BRENT,114.2600
2011-09-21,WTI,85.7700
2011-09-22,BRENT,109.2100
2011-09-22,WTI,80.2900
2011-09-23,BRENT,109.1700
2011-09-23,WTI,79.5800
2011-09-26,BRENT,107.9000
2011-09-26,WTI,79.9700
2011-09-27,BRENT,109.5400
2011-09-27,WTI,84.1800
2011-09-28,BRENT,108.5200
2011-09-28,WTI,80.9400
2011-09-29,BRENT,107.0800
2011-09-29,WTI,81.8700
2011-09-30,BRENT,105.4200
2011-09-30,WTI,78.9300
2011-10-03,BRENT,103.6100
2011-10-03,WTI,77.3400
2011-10-04,BRENT,101.8400
2011-10-04,WTI,75.4000
2011-10-05,BRENT,103.7700
2011-10-05,WTI,79.4100
2011-10-06,BRENT,104.3800
2011-10-06,WTI,82.3200
2011-10-07,BRENT,106.5600
2011-10-07,WTI,82.7000
2011-10-10,BRENT,109.4900
2011-10-10,WTI,85.1400
2011-10-11,BRENT,109.2200
2011-10-11,WTI,85.5400
2011-10-12,BRENT,112.4400
2011-10-12,WTI,85.3000
2011-10-13,BRENT,112.4500
2011-10-13,WTI,83.9600
2011-10-14,BRENT,114.3300
2011-10-14,WTI,86.8000
2011-10-17,BRENT,112.9200
2011-10-17,WTI,86.3800
2011-10-18,BRENT,112.0800
2011-10-18,WTI,88.3400
2011-10-19,BRENT,111.7600
2011-10-19,WTI,86.1100
2011-10-20,BRENT,109.0000
2011-10-20,WTI,86.0700
2011-10-21,BRENT,111.6000
2011-10-21,WTI,87.1900
2011-10-24,BRENT,111.6700
2011-10-24,WTI,91.1200
2011-10-25,BRENT,112.1100
2011-10-25,WTI,92.9800
2011-10-26,BRENT,110.4300
2011-10-26,WTI,90.2000
2011-10-27,BRENT,112.4500
2011-10-27,WTI,93.9600
2011-10-28,BRENT,110.0100
2011-10-28,WTI,93.3200
2011-10-31,BRENT,108.4300
2011-10-31,WTI,93.1900
2011-11-01,BRENT,106.9700
2011-11-01,WTI,92.1900
2011-11-02,BRENT,110.8200
2011-11-02,WTI,92.5100
2011-11-03,BRENT,110.7600
2011-11-03,WTI,94.0700
2011-11-04,BRENT,112.2200
2011-11-04,WTI,94.2600
2011-11-07,BRENT,114.7500
2011-11-07,WTI,95.5200
2011-11-08,BRENT,115.6100
2011-11-08,WTI,96.8000
2011-11-09,BRENT,115.2900
2011-11-09,WTI,95.7400
2011-11-10,BRENT,113.3200
2011-11-10,WTI,97.7800
2011-11-11,BRENT,114.4300
2011-11-11,WTI,98.9900
2011-11-14,BRENT,112.5700
2011-11-14,WTI,98.1400
2011-11-15,BRENT,111.9000
2011-11-15,WTI,99.3700
2011-11-16,BRENT,111.9100
2011-11-16,WTI,102.5900
2011-11-17,BRENT,109.2500
2011-11-17,WTI,98.8200
2011-11-18,BRENT,107.8200
2011-11-18,WTI,97.6700
2011-11-21,BRENT,105.9800
2011-11-21,WTI,96.7300
2011-11-22,BRENT,107.7700
2011-11-22,WTI,97.7600
2011-11-23,BRENT,106.8300
2011-11-23,WTI,96.1600
2011-11-25,BRENT,106.0800
2011-11-25,WTI,96.9100
2011-11-28,BRENT,109.3800
2011-11-28,WTI,98.2100
2011-11-29,BRENT,111.2500
2011-11-29,WTI,99.7900
2011-11-30,BRENT,111.2200
2011-11-30,WTI,100.3600
2011-12-01,BRENT,108.8300
2011-12-01,WTI,100.2000
2011-12-02,BRENT,109.5900
2011-12-02,WTI,100.9700
2011-12-05,BRENT,110.1800
2011-12-05,WTI,100.9400
2011-12-06,BRENT,110.1600
2011-12-06,WTI,101.2500
2011-12-07,BRENT,110.0700
2011-12-07,WTI,100.4500
2011-12-08,BRENT,108.2300
2011-12-08,WTI,98.3500
2011-12-09,BRENT,107.9100
2011-12-09,WTI,99.4000
2011-12-12,BRENT,107.8200
2011-12-12,WTI,97.7700
2011-12-13,BRENT,109.2500
2011-12-13,WTI,100.2400
2011-12-14,BRENT,105.7200
2011-12-14,WTI,94.9200
2011-12-15,BRENT,104.5200
2011-12-15,WTI,93.8400
2011-12-16,BRENT,104.0000
2011-12-16,WTI,93.5500
2011-12-19,BRENT,104.5500
2011-12-19,WTI,93.8600
2011-12-20,BRENT,107.8000
2011-12-20,WTI,97.1600
2011-12-21,BRENT,108.0000
2011-12-21,WTI,98.5400
2011-12-22,BRENT,108.9800
2011-12-22,WTI,99.4200
2011-12-23,BRENT,109.2800
2011-12-23,WTI,99.7200
2011-12-28,BRENT,107.5400
2011-12-28,WTI,99.4400
2011-12-29,BRENT,106.8900
2011-12-29,WTI,99.6800
2011-12-30,BRENT,108.0900
2011-12-30,WTI,98.8300
2012-01-03,BRENT,111.1200
2012-01-03,WTI,102.9600
2012-01-04,BRENT,113.3700
2012-01-04,WTI,103.2200
2012-01-05,BRENT,113.5900
2012-01-05,WTI,101.8100
2012-01-06,BRENT,111.9600
2012-01-06,WTI,101.5600
2012-01-09,BRENT,111.0700
2012-01-09,WTI,101.3100
2012-01-10,BRENT,113.3000
2012-01-10,WTI,102.2400
2012-01-11,BRENT,111.6600
2012-01-11,WTI,100.8900
2012-01-12,BRENT,112.9700
2012-01-12,WTI,99.0300
2012-01-13,BRENT,109.8800
2012-01-13,WTI,98.6900
2012-01-17,BRENT,110.5500
2012-01-17,WTI,100.7000
2012-01-18,BRENT,109.8100
2012-01-18,WTI,100.6100
2012-01-19,BRENT,109.5400
2012-01-19,WTI,100.3200
2012-01-20,BRENT,108.5000
2012-01-20,WTI,98.1500
2012-01-23,BRENT,109.4600
2012-01-23,WTI,99.4700
2012-01-24,BRENT,108.3800
2012-01-24,WTI,98.8400
2012-01-25,BRENT,108.4800
2012-01-25,WTI,99.2300
2012-01-26,BRENT,109.0800
2012-01-26,WTI,99.7600
2012-01-27,BRENT,110.5000
2012-01-27,WTI,99.4700
2012-01-30,BRENT,110.2400
2012-01-30,WTI,98.7500
2012-01-31,BRENT,110.2600
2012-01-31,WTI,98.4600
2012-02-01,BRENT,111.9600
2012-02-01,WTI,97.6300
2012-02-02,BRENT,110.9600
2012-02-02,WTI,96.3600
2012-02-03,BRENT,112.5600
2012-02-03,WTI,97.8000
2012-02-06,BRENT,115.4700
2012-02-06,WTI,96.8900
2012-02-07,BRENT,116.8600
2012-02-07,WTI,98.5500
2012-02-08,BRENT,117.1800
2012-02-08,WTI,98.8000
2012-02-09,BRENT,118.4000
2012-02-09,WTI,99.8800
2012-02-10,BRENT,118.1300
2012-02-10,WTI,98.6800
2012-02-13,BRENT,118.7300
2012-02-13,WTI,100.3900
2012-02-14,BRENT,118.3000
2012-02-14,WTI,100.8200
2012-02-15,BRENT,120.2500
2012-02-15,WTI,101.8200
2012-02-16,BRENT,121.0000
2012-02-16,WTI,102.3300
2012-02-17,BRENT,120.6900
2012-02-17,WTI,103.2700
2012-02-21,BRENT,120.8500
2012-02-21,WTI,105.8800
2012-02-22,BRENT,123.0700
2012-02-22,WTI,105.9900
2012-02-23,BRENT,124.5300
2012-02-23,WTI,107.4400
2012-02-24,BRENT,124.8900
2012-02-24,WTI,109.3900
2012-02-27,BRENT,126.4600
2012-02-27,WTI,108.4900
2012-02-28,BRENT,124.0200
2012-02-28,WTI,106.5900
2012-02-29,BRENT,122.2300
2012-02-29,WTI,107.0800
2012-03-01,BRENT,125.7600
2012-03-01,WTI,108.7600
2012-03-02,BRENT,125.9300
2012-03-02,WTI,106.6800
2012-03-05,BRENT,126.6800
2012-03-05,WTI,106.7000
2012-03-06,BRENT,125.0300
2012-03-06,WTI,104.7100
2012-03-07,BRENT,125.3700
2012-03-07,WTI,106.1600
2012-03-08,BRENT,127.9600
2012-03-08,WTI,106.6500
2012-03-09,BRENT,128.0800
2012-03-09,WTI,107.4000
2012-03-12,BRENT,127.2700
2012-03-12,WTI,106.3400
2012-03-13,BRENT,128.1400
2012-03-13,WTI,106.7000
2012-03-14,BRENT,126.9800
2012-03-14,WTI,105.4900
2012-03-15,BRENT,123.6300
2012-03-15,WTI,105.1900
2012-03-16,BRENT,125.0900
2012-03-16,WTI,107.0300
2012-03-19,BRENT,125.7600
2012-03-19,WTI,108.0900
2012-03-20,BRENT,124.3800
2012-03-20,WTI,105.6800
2012-03-21,BRENT,123.8900
2012-03-21,WTI,106.8700
2012-03-22,BRENT,122.4900
2012-03-22,WTI,104.9800
2012-03-23,BRENT,125.2100
2012-03-23,WTI,106.4300
2012-03-26,BRENT,125.8500
2012-03-26,WTI,107.0700
2012-03-27,BRENT,125.2500
2012-03-27,WTI,107.3200
2012-03-28,BRENT,124.4100
2012-03-28,WTI,105.4000
2012-03-29,BRENT,123.2300
2012-03-29,WTI,102.7900
2012-03-30,BRENT,123.4100
2012-03-30,WTI,103.0300
2012-04-02,BRENT,124.4400
2012-04-02,WTI,105.2500
2012-04-04,BRENT,123.0400
2012-04-04,WTI,101.5300
2012-04-05,BRENT,123.5800
2012-04-05,WTI,103.2900
2012-04-10,BRENT,121.8900
2012-04-10,WTI,101.1200
2012-04-11,BRENT,120.4100
2012-04-11,WTI,102.6600
2012-04-12,BRENT,120.5700
2012-04-12,WTI,103.6900
2012-04-13,BRENT,120.6200
2012-04-13,WTI,102.8400
2012-04-16,BRENT,118.2300
2012-04-16,WTI,102.9200
2012-04-17,BRENT,117.4100
2012-04-17,WTI,104.2300
2012-04-18,BRENT,115.1800
2012-04-18,WTI,102.6500
2012-04-19,BRENT,117.0000
2012-04-19,WTI,102.3800
2012-04-20,BRENT,118.0800
2012-04-20,WTI,103.5800
2012-04-23,BRENT,116.6600
2012-04-23,WTI,102.6800
2012-04-24,BRENT,117.7400
2012-04-24,WTI,103.1000
2012-04-25,BRENT,117.4500
2012-04-25,WTI,103.7200
2012-04-26,BRENT,119.3300
2012-04-26,WTI,104.5600
2012-04-27,BRENT,119.3000
2012-04-27,WTI,104.8600
2012-04-30,BRENT,118.6600
2012-04-30,WTI,104.8900
2012-05-01,BRENT,119.5700
2012-05-01,WTI,106.1700
2012-05-02,BRENT,117.5700
2012-05-02,WTI,105.2500
2012-05-03,BRENT,115.9100
2012-05-03,WTI,102.5600
2012-05-04,BRENT,111.6600
2012-05-04,WTI,98.4900
2012-05-08,BRENT,110.4800
2012-05-08,WTI,97.1300
2012-05-09,BRENT,111.8900
2012-05-09,WTI,96.8000
2012-05-10,BRENT,112.2400
2012-05-10,WTI,97.1000
2012-05-11,BRENT,112.5000
2012-05-11,WTI,96.0300
2012-05-14,BRENT,110.7900
2012-05-14,WTI,94.7500
2012-05-15,BRENT,111.4000
2012-05-15,WTI,93.9700
2012-05-16,BRENT,109.8000
2012-05-16,WTI,92.7800
2012-05-17,BRENT,109.3100
2012-05-17,WTI,92.5300
2012-05-18,BRENT,108.0300
2012-05-18,WTI,91.5100
2012-05-21,BRENT,109.0200
2012-05-21,WTI,92.5700
2012-05-22,BRENT,109.7600
2012-05-22,WTI,91.4400
2012-05-23,BRENT,106.8800
2012-05-23,WTI,89.4000
2012-05-24,BRENT,107.2000
2012-05-24,WTI,90.3600
2012-05-25,BRENT,107.8600
2012-05-25,WTI,90.6400
2012-05-29,BRENT,107.5500
2012-05-29,WTI,90.7500
2012-05-30,BRENT,103.8500
2012-05-30,WTI,87.7900
2012-05-31,BRENT,103.8600
2012-05-31,WTI,86.5200
2012-06-01,BRENT,98.6300
2012-06-01,WTI,83.1700
2012-06-04,BRENT,97.7400
2012-06-04,WTI,83.9500
2012-06-05,BRENT,98.6500
2012-06-05,WTI,84.3100
2012-06-06,BRENT,101.1400
2012-06-06,WTI,85.0500
2012-06-07,BRENT,100.0500
2012-06-07,WTI,84.7800
2012-06-08,BRENT,97.5700
2012-06-08,WTI,84.0800
2012-06-11,BRENT,98.6000
2012-06-11,WTI,82.5800
2012-06-12,BRENT,96.5900
2012-06-12,WTI,83.3500
2012-06-13,BRENT,97.2900
2012-06-13,WTI,82.5600
2012-06-14,BRENT,96.4600
2012-06-14,WTI,83.8300
2012-06-15,BRENT,97.1300
2012-06-15,WTI,84.0300
2012-06-18,BRENT,95.2100
2012-06-18,WTI,83.2600
2012-06-19,BRENT,95.1400
2012-06-19,WTI,83.9900
2012-06-20,BRENT,93.5000
2012-06-20,WTI,81.0600
2012-06-21,BRENT,89.2200
2012-06-21,WTI,77.9100
2012-06-22,BRENT,89.2200
2012-06-22,WTI,79.3300
2012-06-25,BRENT,88.6900
2012-06-25,WTI,78.7600
2012-06-26,BRENT,90.1900
2012-06-26,WTI,79.3400
2012-06-27,BRENT,92.0600
2012-06-27,WTI,80.2700
2012-06-28,BRENT,91.0200
2012-06-28,WTI,77.7200
2012-06-29,BRENT,94.1700
2012-06-29,WTI,85.0400
2012-07-02,BRENT,95.2800
2012-07-02,WTI,83.7200
2012-07-03,BRENT,99.8900
2012-07-03,WTI,87.7400
2012-07-05,BRENT,101.5400
2012-07-05,WTI,87.1100
2012-07-06,BRENT,98.5000
2012-07-06,WTI,84.3700
2012-07-09,BRENT,99.9400
2012-07-09,WTI,85.9300
2012-07-10,BRENT,99.1500
2012-07-10,WTI,83.9200
2012-07-11,BRENT,99.2300
2012-07-11,WTI,85.8800
2012-07-12,BRENT,99.1800
2012-07-12,WTI,86.0200
2012-07-13,BRENT,101.9100
2012-07-13,WTI,87.1500
2012-07-16,BRENT,102.1000
2012-07-16,WTI,88.4100
2012-07-17,BRENT,104.2100
2012-07-17,WTI,89.0700
2012-07-18,BRENT,105.9200
2012-07-18,WTI,89.8800
2012-07-19,BRENT,107.7900
2012-07-19,WTI,92.7800
2012-07-20,BRENT,106.9800
2012-07-20,WTI,91.5600
2012-07-23,BRENT,103.9100
2012-07-23,WTI,87.7700
2012-07-24,BRENT,103.5700
2012-07-24,WTI,88.2800
2012-07-25,BRENT,102.3500
2012-07-25,WTI,88.8000
2012-07-26,BRENT,104.7700
2012-07-26,WTI,89.4000
2012-07-27,BRENT,106.3000
2012-07-27,WTI,90.1300
2012-07-30,BRENT,106.5400
2012-07-30,WTI,89.8000
2012-07-31,BRENT,105.9300
2012-07-31,WTI,88.0800
2012-08-01,BRENT,106.7800
2012-08-01,WTI,88.9900
2012-08-02,BRENT,107.5500
2012-08-02,WTI,87.2200
2012-08-03,BRENT,109.5700
2012-08-03,WTI,91.4000
2012-08-06,BRENT,110.0100
2012-08-06,WTI,92.3000
2012-08-07,BRENT,112.3900
2012-08-07,WTI,93.6800
2012-08-08,BRENT,113.4200
2012-08-08,WTI,93.3900
2012-08-09,BRENT,113.5200
2012-08-09,WTI,93.3900
2012-08-10,BRENT,113.1300
2012-08-10,WTI,92.9400
2012-08-13,BRENT,114.4800
2012-08-13,WTI,92.7600
2012-08-14,BRENT,113.9000
2012-08-14,WTI,93.4000
2012-08-15,BRENT,115.5100
2012-08-15,WTI,94.3500
2012-08-16,BRENT,116.1200
2012-08-16,WTI,95.6600
2012-08-17,BRENT,115.2000
2012-08-17,WTI,96.0000
2012-08-20,BRENT,115.5000
2012-08-20,WTI,96.0300
2012-08-21,BRENT,116.0300
2012-08-21,WTI,96.5500
2012-08-22,BRENT,115.7700
2012-08-22,WTI,96.8900
2012-08-23,BRENT,117.4500
2012-08-23,WTI,95.8700
2012-08-24,BRENT,115.7600
2012-08-24,WTI,95.7800
2012-08-27,BRENT,113.7400
2012-08-27,WTI,95.5400
2012-08-28,BRENT,112.6200
2012-08-28,WTI,96.3000
2012-08-29,BRENT,112.5300
2012-08-29,WTI,95.5000
2012-08-30,BRENT,112.2800
2012-08-30,WTI,94.6100
2012-08-31,BRENT,113.9300
2012-08-31,WTI,96.4700
2012-09-04,BRENT,114.9800
2012-09-04,WTI,95.3400
2012-09-05,BRENT,113.3200
2012-09-05,WTI,95.3700
2012-09-06,BRENT,114.5000
2012-09-06,WTI,95.5800
2012-09-07,BRENT,113.6400
2012-09-07,WTI,96.4100
2012-09-10,BRENT,113.8400
2012-09-10,WTI,96.5200
2012-09-11,BRENT,114.8600
2012-09-11,WTI,97.0300
2012-09-12,BRENT,114.8600
2012-09-12,WTI,97.0200
2012-09-13,BRENT,116.0000
2012-09-13,WTI,98.3000
2012-09-14,BRENT,117.4800
2012-09-14,WTI,98.9400
2012-09-17,BRENT,116.7000
2012-09-17,WTI,96.5100
2012-09-18,BRENT,113.2900
2012-09-18,WTI,95.2500
2012-09-19,BRENT,108.4900
2012-09-19,WTI,91.9700
2012-09-20,BRENT,109.4100
2012-09-20,WTI,92.1400
2012-09-21,BRENT,111.2700
2012-09-21,WTI,92.6400
2012-09-24,BRENT,109.2000
2012-09-24,WTI,91.6800
2012-09-25,BRENT,110.7700
2012-09-25,WTI,91.0700
2012-09-26,BRENT,108.9900
2012-09-26,WTI,89.9200
2012-09-27,BRENT,111.4500
2012-09-27,WTI,91.8900
2012-09-28,BRENT,111.3600
2012-09-28,WTI,92.1800
2012-10-01,BRENT,112.5800
2012-10-01,WTI,92.4400
2012-10-02,BRENT,112.4900
2012-10-02,WTI,91.8800
2012-10-03,BRENT,109.3200
2012-10-03,WTI,88.1900
2012-10-04,BRENT,110.4800
2012-10-04,WTI,91.6900
2012-10-05,BRENT,112.1700
2012-10-05,WTI,89.8700
2012-10-08,BRENT,112.6000
2012-10-08,WTI,89.4300
2012-10-09,BRENT,114.3200
2012-10-09,WTI,92.4200
2012-10-10,BRENT,116.1100
2012-10-10,WTI,91.2400
2012-10-11,BRENT,116.1800
2012-10-11,WTI,92.1900
2012-10-12,BRENT,115.1700
2012-10-12,WTI,91.8300
2012-10-15,BRENT,115.0000
2012-10-15,WTI,91.8400
2012-10-16,BRENT,115.0000
2012-10-16,WTI,92.0700
2012-10-17,BRENT,113.4900
2012-10-17,WTI,92.0400
2012-10-18,BRENT,112.5800
2012-10-18,WTI,92.0000
2012-10-19,BRENT,111.8900
2012-10-19,WTI,90.0000
2012-10-22,BRENT,109.6200
2012-10-22,WTI,88.3000
2012-10-23,BRENT,107.5300
2012-10-23,WTI,86.6500
2012-10-24,BRENT,107.6600
2012-10-24,WTI,85.3900
2012-10-25,BRENT,107.6400
2012-10-25,WTI,85.5900
2012-10-26,BRENT,108.9000
2012-10-26,WTI,85.8400
2012-10-29,BRENT,109.3300
2012-10-29,WTI,85.5200
2012-10-30,BRENT,109.4000
2012-10-30,WTI,85.6500
2012-10-31,BRENT,109.8900
2012-10-31,WTI,86.2300
2012-11-01,BRENT,108.8400
2012-11-01,WTI,87.0500
2012-11-02,BRENT,106.7900
2012-11-02,WTI,84.9000
2012-11-05,BRENT,105.5900
2012-11-05,WTI,85.6400
2012-11-06,BRENT,109.2700
2012-11-06,WTI,88.6200
2012-11-07,BRENT,108.2100
2012-11-07,WTI,84.5000
2012-11-08,BRENT,107.2300
2012-11-08,WTI,85.0700
2012-11-09,BRENT,108.6100
2012-11-09,WTI,86.0800
2012-11-12,BRENT,110.2300
2012-11-12,WTI,85.5600
2012-11-13,BRENT,108.8200
2012-11-13,WTI,85.3800
2012-11-14,BRENT,109.6600
2012-11-14,WTI,86.3200
2012-11-15,BRENT,110.0700
2012-11-15,WTI,85.4500
2012-11-16,BRENT,106.8100
2012-11-16,WTI,86.6200
2012-11-19,BRENT,110.0600
2012-11-19,WTI,89.0500
2012-11-20,BRENT,110.0100
2012-11-20,WTI,86.4600
2012-11-21,BRENT,110.8100
2012-11-21,WTI,87.0800
2012-11-23,BRENT,110.1400
2012-11-23,WTI,87.0100
2012-11-26,BRENT,110.1800
2012-11-26,WTI,87.2800
2012-11-27,BRENT,109.3300
2012-11-27,WTI,86.8100
2012-11-28,BRENT,108.2600
2012-11-28,WTI,86.1000
2012-11-29,BRENT,110.4700
2012-11-29,WTI,87.6400
2012-11-30,BRENT,110.8400
2012-11-30,WTI,88.5400
2012-12-03,BRENT,111.2700
2012-12-03,WTI,88.6900
2012-12-04,BRENT,109.9900
2012-12-04,WTI,88.0400
2012-12-05,BRENT,108.9600
2012-12-05,WTI,87.3600
2012-12-06,BRENT,108.0100
2012-12-06,WTI,85.4700
2012-12-07,BRENT,107.1600
2012-12-07,WTI,85.4500
2012-12-10,BRENT,108.2500
2012-12-10,WTI,85.1400
2012-12-11,BRENT,107.6000
2012-12-11,WTI,85.3600
2012-12-12,BRENT,110.1700
2012-12-12,WTI,86.3500
2012-12-13,BRENT,110.1800
2012-12-13,WTI,85.3900
2012-12-14,BRENT,109.2800
2012-12-14,WTI,86.3200
2012-12-17,BRENT,109.3500
2012-12-17,WTI,86.7100
2012-12-18,BRENT,109.9600
2012-12-18,WTI,87.4600
2012-12-19,BRENT,109.9500
2012-12-19,WTI,89.0900
2012-12-20,BRENT,110.5700
2012-12-20,WTI,89.7600
2012-12-21,BRENT,109.1300
2012-12-21,WTI,88.2000
2012-12-24,BRENT,108.4400
2012-12-24,WTI,88.2900
2012-12-26,BRENT,110.7200
2012-12-26,WTI,90.7100
2012-12-27,BRENT,110.0400
2012-12-27,WTI,90.9100
2012-12-28,BRENT,110.0500
2012-12-28,WTI,90.6600
2012-12-31,BRENT,110.8000
2012-12-31,WTI,91.8300
2013-01-02,BRENT,112.9800
2013-01-02,WTI,93.1400
2013-01-03,BRENT,113.0300
2013-01-03,WTI,92.9700
2013-01-04,BRENT,112.5800
2013-01-04,WTI,93.1200
2013-01-07,BRENT,112.4900
2013-01-07,WTI,93.2000
2013-01-08,BRENT,113.0300
2013-01-08,WTI,93.2100
2013-01-09,BRENT,113.0700
2013-01-09,WTI,93.0800
2013-01-10,BRENT,112.9700
2013-01-10,WTI,93.8100
2013-01-11,BRENT,110.3000
2013-01-11,WTI,93.6000
2013-01-14,BRENT,111.3200
2013-01-14,WTI,94.2700
2013-01-15,BRENT,111.7200
2013-01-15,WTI,93.2600
2013-01-16,BRENT,110.9700
2013-01-16,WTI,94.2800
2013-01-17,BRENT,111.0100
2013-01-17,WTI,95.4900
2013-01-18,BRENT,111.7100
2013-01-18,WTI,95.6100
2013-01-22,BRENT,112.7200
2013-01-22,WTI,96.0900
2013-01-23,BRENT,113.6800
2013-01-23,WTI,95.0600
2013-01-24,BRENT,114.5900
2013-01-24,WTI,95.3500
2013-01-25,BRENT,113.8800
2013-01-25,WTI,95.1500
2013-01-28,BRENT,113.9200
2013-01-28,WTI,95.9500
2013-01-29,BRENT,115.2200
2013-01-29,WTI,97.6200
2013-01-30,BRENT,115.4200
2013-01-30,WTI,97.9800
2013-01-31,BRENT,115.5500
2013-01-31,WTI,97.6500
2013-02-01,BRENT,115.5500
2013-02-01,WTI,97.4600
2013-02-04,BRENT,116.0600
2013-02-04,WTI,96.2100
2013-02-05,BRENT,117.0300
2013-02-05,WTI,96.6800
2013-02-06,BRENT,116.6100
2013-02-06,WTI,96.4400
2013-02-07,BRENT,117.1700
2013-02-07,WTI,95.8400
2013-02-08,BRENT,118.9000
2013-02-08,WTI,95.7100
2013-02-11,BRENT,118.2900
2013-02-11,WTI,97.0100
2013-02-12,BRENT,117.8900
2013-02-12,WTI,97.4800
2013-02-13,BRENT,118.4300
2013-02-13,WTI,97.0300
2013-02-14,BRENT,118.4800
2013-02-14,WTI,97.3000
2013-02-15,BRENT,117.4000
2013-02-15,WTI,95.9500
2013-02-19,BRENT,117.0400
2013-02-19,WTI,96.6900
2013-02-20,BRENT,116.2300
2013-02-20,WTI,94.9200
2013-02-21,BRENT,114.1900
2013-02-21,WTI,92.7900
2013-02-22,BRENT,113.7400
2013-02-22,WTI,93.1200
2013-02-25,BRENT,114.5500
2013-02-25,WTI,92.7400
2013-02-26,BRENT,112.9600
2013-02-26,WTI,92.6300
2013-02-27,BRENT,112.2400
2013-02-27,WTI,92.8400
2013-02-28,BRENT,112.2000
2013-02-28,WTI,92.0300
2013-03-01,BRENT,110.1400
2013-03-01,WTI,90.7100
2013-03-04,BRENT,109.9000
2013-03-04,WTI,90.1300
2013-03-05,BRENT,110.4200
2013-03-05,WTI,90.8800
2013-03-06,BRENT,110.2700
2013-03-06,WTI,90.4700
2013-03-07,BRENT,110.4200
2013-03-07,WTI,91.5300
2013-03-08,BRENT,108.9100
2013-03-08,WTI,92.0100
2013-03-11,BRENT,108.6400
2013-03-11,WTI,92.0700
2013-03-12,BRENT,108.4800
2013-03-12,WTI,92.4400
2013-03-13,BRENT,107.5100
2013-03-13,WTI,92.4700
2013-03-14,BRENT,108.1000
2013-03-14,WTI,93.0300
2013-03-15,BRENT,109.3200
2013-03-15,WTI,93.4900
2013-03-18,BRENT,108.5400
2013-03-18,WTI,93.7100
2013-03-19,BRENT,106.9100
2013-03-19,WTI,92.4400
2013-03-20,BRENT,108.2700
2013-03-20,WTI,93.2100
2013-03-21,BRENT,106.4100
2013-03-21,WTI,92.4600
2013-03-22,BRENT,106.5100
2013-03-22,WTI,93.4100
2013-03-25,BRENT,106.6600
2013-03-25,WTI,94.5500
2013-03-26,BRENT,107.1000
2013-03-26,WTI,95.9900
2013-03-27,BRENT,108.5100
2013-03-27,WTI,96.5300
2013-03-28,BRENT,108.4600
2013-03-28,WTI,97.2400
2013-04-01,BRENT,108.7600
2013-04-01,WTI,97.1000
2013-04-02,BRENT,109.6600
2013-04-02,WTI,97.2300
2013-04-03,BRENT,107.8200
2013-04-03,WTI,95.0200
2013-04-04,BRENT,105.0900
2013-04-04,WTI,93.2600
2013-04-05,BRENT,103.9800
2013-04-05,WTI,92.7600
2013-04-08,BRENT,103.1600
2013-04-08,WTI,93.3600
2013-04-09,BRENT,104.0800
2013-04-09,WTI,94.1800
2013-04-10,BRENT,104.8000
2013-04-10,WTI,94.5900
2013-04-11,BRENT,103.6200
2013-04-11,WTI,93.4400
2013-04-12,BRENT,100.5800
2013-04-12,WTI,91.2300
2013-04-15,BRENT,99.3200
2013-04-15,WTI,88.7500
2013-04-16,BRENT,97.8800
2013-04-16,WTI,88.7300
2013-04-17,BRENT,96.8400
2013-04-17,WTI,86.6500
2013-04-18,BRENT,97.4800
2013-04-18,WTI,87.8300
2013-04-19,BRENT,98.9400
2013-04-19,WTI,88.0400
2013-04-22,BRENT,99.0700
2013-04-22,WTI,88.8100
2013-04-23,BRENT,99.2500
2013-04-23,WTI,89.2100
2013-04-24,BRENT,100.7100
2013-04-24,WTI,91.0700
2013-04-25,BRENT,101.6200
2013-04-25,WTI,93.2700
2013-04-26,BRENT,102.3900
2013-04-26,WTI,92.6300
2013-04-29,BRENT,102.8800
2013-04-29,WTI,94.0900
2013-04-30,BRENT,101.5300
2013-04-30,WTI,93.2200
2013-05-01,BRENT,98.3400
2013-05-01,WTI,90.7400
2013-05-02,BRENT,100.3200
2013-05-02,WTI,93.7000
2013-05-03,BRENT,104.6000
2013-05-03,WTI,95.2500
2013-05-06,BRENT,105.0000
2013-05-06,WTI,95.8000
2013-05-07,BRENT,105.1800
2013-05-07,WTI,95.2800
2013-05-08,BRENT,103.7900
2013-05-08,WTI,96.2400
2013-05-09,BRENT,103.5900
2013-05-09,WTI,96.0900
2013-05-10,BRENT,101.3100
2013-05-10,WTI,95.8100
2013-05-13,BRENT,102.1700
2013-05-13,WTI,94.7600
2013-05-14,BRENT,102.7000
2013-05-14,WTI,93.9600
2013-05-15,BRENT,101.5700
2013-05-15,WTI,93.9500
2013-05-16,BRENT,104.2700
2013-05-16,WTI,94.8500
2013-05-17,BRENT,103.8300
2013-05-17,WTI,95.7200
2013-05-20,BRENT,104.5500
2013-05-20,WTI,96.2900
2013-05-21,BRENT,103.1000
2013-05-21,WTI,95.5500
2013-05-22,BRENT,102.1400
2013-05-22,WTI,93.9800
2013-05-23,BRENT,100.4600
2013-05-23,WTI,94.1200
2013-05-24,BRENT,101.2400
2013-05-24,WTI,93.8400
2013-05-28,BRENT,103.7700
2013-05-28,WTI,94.6500
2013-05-29,BRENT,102.1400
2013-05-29,WTI,93.1300
2013-05-30,BRENT,101.7900
2013-05-30,WTI,93.5700
2013-05-31,BRENT,100.4300
2013-05-31,WTI,91.9300
2013-06-03,BRENT,101.6300
2013-06-03,WTI,93.4100
2013-06-04,BRENT,102.0400
2013-06-04,WTI,93.3600
2013-06-05,BRENT,103.5100
2013-06-05,WTI,93.6600
2013-06-06,BRENT,103.3700
2013-06-06,WTI,94.7100
2013-06-07,BRENT,104.0700
2013-06-07,WTI,96.1100
2013-06-10,BRENT,103.8700
2013-06-10,WTI,95.8200
2013-06-11,BRENT,101.5000
2013-06-11,WTI,95.5000
2013-06-12,BRENT,103.1100
2013-06-12,WTI,95.9800
2013-06-13,BRENT,103.3800
2013-06-13,WTI,96.6600
2013-06-14,BRENT,105.1000
2013-06-14,WTI,97.8300
2013-06-17,BRENT,105.8000
2013-06-17,WTI,97.8600
2013-06-18,BRENT,105.2100
2013-06-18,WTI,98.4600
2013-06-19,BRENT,105.5600
2013-06-19,WTI,98.2400
2013-06-20,BRENT,102.7200
2013-06-20,WTI,94.8900
2013-06-21,BRENT,100.3600
2013-06-21,WTI,93.8100
2013-06-24,BRENT,99.8000
2013-06-24,WTI,95.0700
2013-06-25,BRENT,101.5100
2013-06-25,WTI,95.2500
2013-06-26,BRENT,100.6200
2013-06-26,WTI,95.4700
2013-06-27,BRENT,102.7400
2013-06-27,WTI,97.0000
2013-06-28,BRENT,102.4900
2013-06-28,WTI,96.3600
2013-07-01,BRENT,103.1900
2013-07-01,WTI,97.9400
2013-07-02,BRENT,103.9600
2013-07-02,WTI,99.6500
2013-07-03,BRENT,106.1200
2013-07-03,WTI,101.9200
2013-07-05,BRENT,107.4600
2013-07-05,WTI,103.0900
2013-07-08,BRENT,107.7500
2013-07-08,WTI,103.0300
2013-07-09,BRENT,107.9000
2013-07-09,WTI,103.4600
2013-07-10,BRENT,108.4300
2013-07-10,WTI,106.4100
2013-07-11,BRENT,108.1800
2013-07-11,WTI,104.7700
2013-07-12,BRENT,109.0300
2013-07-12,WTI,105.8500
2013-07-15,BRENT,109.0500
2013-07-15,WTI,106.2000
2013-07-16,BRENT,109.2900
2013-07-16,WTI,105.8800
2013-07-17,BRENT,109.6700
2013-07-17,WTI,106.3900
2013-07-18,BRENT,109.7100
2013-07-18,WTI,107.9400
2013-07-19,BRENT,109.3400
2013-07-19,WTI,108.0000
2013-07-22,BRENT,108.8200
2013-07-22,WTI,106.6100
2013-07-23,BRENT,109.2700
2013-07-23,WTI,107.1300
2013-07-24,BRENT,108.2300
2013-07-24,WTI,105.4100
2013-07-25,BRENT,108.1000
2013-07-25,WTI,105.4700
2013-07-26,BRENT,107.5700
2013-07-26,WTI,104.7600
2013-07-29,BRENT,108.1000
2013-07-29,WTI,104.6100
2013-07-30,BRENT,107.4700
2013-07-30,WTI,103.1400
2013-07-31,BRENT,107.8900
2013-07-31,WTI,105.1000
2013-08-01,BRENT,109.9400
2013-08-01,WTI,107.9300
2013-08-02,BRENT,109.6300
2013-08-02,WTI,106.9400
2013-08-05,BRENT,109.8100
2013-08-05,WTI,106.6100
2013-08-06,BRENT,108.7700
2013-08-06,WTI,105.3200
2013-08-07,BRENT,108.3900
2013-08-07,WTI,104.4100
2013-08-08,BRENT,107.3200
2013-08-08,WTI,103.4500
2013-08-09,BRENT,108.4900
2013-08-09,WTI,106.0400
2013-08-12,BRENT,109.2800
2013-08-12,WTI,106.1900
2013-08-13,BRENT,110.6900
2013-08-13,WTI,106.7800
2013-08-14,BRENT,110.2600
2013-08-14,WTI,106.8900
2013-08-15,BRENT,111.5800
2013-08-15,WTI,107.4300
2013-08-16,BRENT,111.8200
2013-08-16,WTI,107.5800
2013-08-19,BRENT,111.4100
2013-08-19,WTI,107.1400
2013-08-20,BRENT,110.7400
2013-08-20,WTI,104.9000
2013-08-21,BRENT,110.8200
2013-08-21,WTI,103.9300
2013-08-22,BRENT,110.5100
2013-08-22,WTI,104.9300
2013-08-23,BRENT,112.1200
2013-08-23,WTI,106.4800
2013-08-26,BRENT,112.2300
2013-08-26,WTI,105.8800
2013-08-27,BRENT,115.2100
2013-08-27,WTI,109.1100
2013-08-28,BRENT,116.2700
2013-08-28,WTI,110.1700
2013-08-29,BRENT,116.9100
2013-08-29,WTI,108.5100
2013-08-30,BRENT,115.9700
2013-08-30,WTI,107.9800
2013-09-03,BRENT,115.4900
2013-09-03,WTI,108.6700
2013-09-04,BRENT,115.6500
2013-09-04,WTI,107.2900
2013-09-05,BRENT,115.8100
2013-09-05,WTI,108.5000
2013-09-06,BRENT,117.1500
2013-09-06,WTI,110.6200
2013-09-09,BRENT,115.2000
2013-09-09,WTI,109.6200
2013-09-10,BRENT,112.1000
2013-09-10,WTI,107.4800
2013-09-11,BRENT,112.3700
2013-09-11,WTI,107.6500
2013-09-12,BRENT,113.1100
2013-09-12,WTI,108.7200
2013-09-13,BRENT,113.3100
2013-09-13,WTI,108.3100
2013-09-16,BRENT,110.8600
2013-09-16,WTI,106.5400
2013-09-17,BRENT,109.0500
2013-09-17,WTI,105.3600
2013-09-18,BRENT,109.0900
2013-09-18,WTI,108.2300
2013-09-19,BRENT,110.6600
2013-09-19,WTI,106.2600
2013-09-20,BRENT,110.2200
2013-09-20,WTI,104.7000
2013-09-23,BRENT,108.5600
2013-09-23,WTI,103.6200
2013-09-24,BRENT,107.6800
2013-09-24,WTI,103.2200
2013-09-25,BRENT,109.4600
2013-09-25,WTI,102.6800
2013-09-26,BRENT,108.8600
2013-09-26,WTI,103.1000
2013-09-27,BRENT,109.4500
2013-09-27,WTI,102.8600
2013-09-30,BRENT,107.8500
2013-09-30,WTI,102.3600
2013-10-01,BRENT,107.3200
2013-10-01,WTI,102.0900
2013-10-02,BRENT,109.0900
2013-10-02,WTI,104.1500
2013-10-03,BRENT,109.4900
2013-10-03,WTI,103.2900
2013-10-04,BRENT,109.4200
2013-10-04,WTI,103.8300
2013-10-07,BRENT,109.6600
2013-10-07,WTI,103.0700
2013-10-08,BRENT,110.5600
2013-10-08,WTI,103.5400
2013-10-09,BRENT,109.0200
2013-10-09,WTI,101.6300
2013-10-10,BRENT,111.6300
2013-10-10,WTI,103.0800
2013-10-11,BRENT,110.6500
2013-10-11,WTI,102.1700
2013-10-14,BRENT,110.1300
2013-10-14,WTI,102.4600
2013-10-15,BRENT,110.6700
2013-10-15,WTI,101.1500
2013-10-16,BRENT,110.7900
2013-10-16,WTI,102.3400
2013-10-17,BRENT,109.5500
2013-10-17,WTI,100.7200
2013-10-18,BRENT,109.4000
2013-10-18,WTI,100.8700
2013-10-21,BRENT,109.4700
2013-10-21,WTI,99.2800
2013-10-22,BRENT,109.5700
2013-10-22,WTI,97.6300
2013-10-23,BRENT,107.7400
2013-10-23,WTI,96.9000
2013-10-24,BRENT,106.6300
2013-10-24,WTI,96.6500
2013-10-25,BRENT,105.7000
2013-10-25,WTI,97.4000
2013-10-28,BRENT,108.2900
2013-10-28,WTI,98.7400
2013-10-29,BRENT,108.0400
2013-10-29,WTI,98.2900
2013-10-30,BRENT,108.4100
2013-10-30,WTI,96.8100
2013-10-31,BRENT,107.5300
2013-10-31,WTI,96.2900
2013-11-01,BRENT,105.7800
2013-11-01,WTI,94.5600
2013-11-04,BRENT,104.8500
2013-11-04,WTI,94.5800
2013-11-05,BRENT,105.0100
2013-11-05,WTI,93.4000
2013-11-06,BRENT,105.4600
2013-11-06,WTI,94.7400
2013-11-07,BRENT,103.0800
2013-11-07,WTI,94.2500
2013-11-08,BRENT,104.2900
2013-11-08,WTI,94.5600
2013-11-11,BRENT,105.7600
2013-11-11,WTI,95.1300
2013-11-12,BRENT,106.2900
2013-11-12,WTI,93.1200
2013-11-13,BRENT,106.9000
2013-11-13,WTI,93.9100
2013-11-14,BRENT,108.2900
2013-11-14,WTI,93.7600
2013-11-15,BRENT,108.2500
2013-11-15,WTI,93.8000
2013-11-18,BRENT,108.8000
2013-11-18,WTI,93.0300
2013-11-19,BRENT,108.2900
2013-11-19,WTI,93.3500
2013-11-20,BRENT,108.2700
2013-11-20,WTI,93.3400
2013-11-21,BRENT,109.9000
2013-11-21,WTI,95.3500
2013-11-22,BRENT,111.3600
2013-11-22,WTI,94.5300
2013-11-25,BRENT,110.8300
2013-11-25,WTI,93.8600
2013-11-26,BRENT,112.0400
2013-11-26,WTI,93.4100
2013-11-27,BRENT,111.3200
2013-11-27,WTI,92.0500
2013-11-29,BRENT,111.0700
2013-11-29,WTI,92.5500
2013-12-02,BRENT,111.4900
2013-12-02,WTI,93.6100
2013-12-03,BRENT,113.0600
2013-12-03,WTI,95.8300
2013-12-04,BRENT,113.2700
2013-12-04,WTI,96.9700
2013-12-05,BRENT,112.0700
2013-12-05,WTI,97.1400
2013-12-06,BRENT,111.5000
2013-12-06,WTI,97.4800
2013-12-09,BRENT,110.0700
2013-12-09,WTI,97.1000
2013-12-10,BRENT,108.9100
2013-12-10,WTI,98.3200
2013-12-11,BRENT,109.4700
2013-12-11,WTI,97.2500
2013-12-12,BRENT,108.9900
2013-12-12,WTI,97.2100
2013-12-13,BRENT,108.0800
2013-12-13,WTI,96.2700
2013-12-16,BRENT,110.3000
2013-12-16,WTI,97.1800
2013-12-17,BRENT,108.9100
2013-12-17,WTI,96.9900
2013-12-18,BRENT,109.5600
2013-12-18,WTI,97.5900
2013-12-19,BRENT,110.7800
2013-12-19,WTI,98.4000
2013-12-20,BRENT,112.1500
2013-12-20,WTI,99.1100
2013-12-23,BRENT,111.5800
2013-12-23,WTI,98.6200
2013-12-24,BRENT,111.5700
2013-12-24,WTI,98.8700
2013-12-26,BRENT,111.6500
2013-12-26,WTI,99.1800
2013-12-27,BRENT,112.0600
2013-12-27,WTI,99.9400
2013-12-30,BRENT,110.4700
2013-12-30,WTI,98.9000
2013-12-31,BRENT,109.9500
2013-12-31,WTI,98.1700
2014-01-02,BRENT,107.9400
2014-01-02,WTI,95.1400
2014-01-03,BRENT,106.5700
2014-01-03,WTI,93.6600
2014-01-06,BRENT,106.7100
2014-01-06,WTI,93.1200
2014-01-07,BRENT,107.0100
2014-01-07,WTI,93.3100
2014-01-08,BRENT,107.4200
2014-01-08,WTI,91.9000
2014-01-09,BRENT,107.4900
2014-01-09,WTI,91.3600
2014-01-10,BRENT,106.4400
2014-01-10,WTI,92.3900
2014-01-13,BRENT,108.0200
2014-01-13,WTI,91.4500
2014-01-14,BRENT,107.1200
2014-01-14,WTI,92.1500
2014-01-15,BRENT,108.0900
2014-01-15,WTI,93.7800
2014-01-16,BRENT,107.4600
2014-01-16,WTI,93.5400
2014-01-17,BRENT,108.4500
2014-01-17,WTI,93.9600
2014-01-21,BRENT,109.1700
2014-01-21,WTI,94.5100
2014-01-22,BRENT,109.6900
2014-01-22,WTI,96.3500
2014-01-23,BRENT,109.6900
2014-01-23,WTI,97.2300
2014-01-24,BRENT,109.1400
2014-01-24,WTI,96.6600
2014-01-27,BRENT,108.7200
2014-01-27,WTI,95.8200
2014-01-28,BRENT,109.1000
2014-01-28,WTI,97.4900
2014-01-29,BRENT,108.8300
2014-01-29,WTI,97.3400
2014-01-30,BRENT,109.3600
2014-01-30,WTI,98.2500
2014-01-31,BRENT,108.1600
2014-01-31,WTI,97.5500
2014-02-03,BRENT,106.5500
2014-02-03,WTI,96.4400
2014-02-04,BRENT,107.0400
2014-02-04,WTI,97.2400
2014-02-05,BRENT,106.8100
2014-02-05,WTI,97.4000
2014-02-06,BRENT,108.1500
2014-02-06,WTI,97.8400
2014-02-07,BRENT,110.1200
2014-02-07,WTI,99.9800
2014-02-10,BRENT,110.1800
2014-02-10,WTI,100.1200
2014-02-11,BRENT,109.2100
2014-02-11,WTI,99.9600
2014-02-12,BRENT,108.6200
2014-02-12,WTI,100.3800
2014-02-13,BRENT,108.9800
2014-02-13,WTI,100.2700
2014-02-14,BRENT,108.6300
2014-02-14,WTI,100.3100
2014-02-18,BRENT,110.1400
2014-02-18,WTI,102.5400
2014-02-19,BRENT,110.3700
2014-02-19,WTI,103.4600
2014-02-20,BRENT,109.4200
2014-02-20,WTI,103.2000
2014-02-21,BRENT,109.0300
2014-02-21,WTI,102.5300
2014-02-24,BRENT,109.7600
2014-02-24,WTI,103.1700
2014-02-25,BRENT,109.1900
2014-02-25,WTI,102.2000
2014-02-26,BRENT,109.3900
2014-02-26,WTI,102.9300
2014-02-27,BRENT,108.5400
2014-02-27,WTI,102.6800
2014-02-28,BRENT,108.9800
2014-02-28,WTI,102.8800
2014-03-03,BRENT,111.2600
2014-03-03,WTI,105.3400
2014-03-04,BRENT,109.1700
2014-03-04,WTI,103.6400
2014-03-05,BRENT,108.1500
2014-03-05,WTI,101.7500
2014-03-06,BRENT,107.9900
2014-03-06,WTI,101.8200
2014-03-07,BRENT,109.1400
2014-03-07,WTI,102.8200
2014-03-10,BRENT,108.2700
2014-03-10,WTI,101.3900
2014-03-11,BRENT,108.3500
2014-03-11,WTI,100.2900
2014-03-12,BRENT,107.8800
2014-03-12,WTI,98.2900
2014-03-13,BRENT,107.4800
2014-03-13,WTI,98.5700
2014-03-14,BRENT,108.0800
2014-03-14,WTI,99.2300
2014-03-17,BRENT,106.9900
2014-03-17,WTI,98.4300
2014-03-18,BRENT,106.7900
2014-03-18,WTI,100.0800
2014-03-19,BRENT,105.9500
2014-03-19,WTI,100.7100
2014-03-20,BRENT,105.7300
2014-03-20,WTI,99.6800
2014-03-21,BRENT,107.2000
2014-03-21,WTI,99.9700
2014-03-24,BRENT,106.5900
2014-03-24,WTI,100.0500
2014-03-25,BRENT,107.0100
2014-03-25,WTI,99.6600
2014-03-26,BRENT,105.9000
2014-03-26,WTI,100.6100
2014-03-27,BRENT,106.5800
2014-03-27,WTI,101.2500
2014-03-28,BRENT,106.6400
2014-03-28,WTI,101.7300
2014-03-31,BRENT,105.9500
2014-03-31,WTI,101.5700
2014-04-01,BRENT,105.7000
2014-04-01,WTI,99.6900
2014-04-02,BRENT,103.3700
2014-04-02,WTI,99.6000
2014-04-03,BRENT,104.8800
2014-04-03,WTI,100.2900
2014-04-04,BRENT,106.4100
2014-04-04,WTI,101.1600
2014-04-07,BRENT,104.8900
2014-04-07,WTI,100.4300
2014-04-08,BRENT,105.8300
2014-04-08,WTI,102.5700
2014-04-09,BRENT,107.3900
2014-04-09,WTI,103.5500
2014-04-10,BRENT,107.1000
2014-04-10,WTI,103.3700
2014-04-11,BRENT,107.3400
2014-04-11,WTI,103.6800
2014-04-14,BRENT,107.6800
2014-04-14,WTI,104.0500
2014-04-15,BRENT,109.1000
2014-04-15,WTI,103.7000
2014-04-16,BRENT,109.7100
2014-04-16,WTI,103.7100
2014-04-17,BRENT,109.7900
2014-04-17,WTI,104.3300
2014-04-21,BRENT,109.6900
2014-04-21,WTI,104.3500
2014-04-22,BRENT,108.5400
2014-04-22,WTI,101.6900
2014-04-23,BRENT,108.4800
2014-04-23,WTI,101.4700
2014-04-24,BRENT,109.7900
2014-04-24,WTI,102.2000
2014-04-25,BRENT,109.5300
2014-04-25,WTI,100.8500
2014-04-28,BRENT,109.1200
2014-04-28,WTI,101.1300
2014-04-29,BRENT,109.8900
2014-04-29,WTI,101.5600
2014-04-30,BRENT,108.6300
2014-04-30,WTI,100.0700
2014-05-01,BRENT,108.6300
2014-05-01,WTI,99.6900
2014-05-02,BRENT,109.4800
2014-05-02,WTI,100.0900
2014-05-05,BRENT,109.4800
2014-05-05,WTI,99.7400
2014-05-06,BRENT,108.3000
2014-05-06,WTI,99.8100
2014-05-07,BRENT,108.1700
2014-05-07,WTI,101.0600
2014-05-08,BRENT,108.1900
2014-05-08,WTI,100.5200
2014-05-09,BRENT,108.2600
2014-05-09,WTI,100.3200
2014-05-12,BRENT,108.3700
2014-05-12,WTI,100.8900
2014-05-13,BRENT,108.7800
2014-05-13,WTI,102.0100
2014-05-14,BRENT,109.8700
2014-05-14,WTI,102.6300
2014-05-15,BRENT,109.7400
2014-05-15,WTI,101.7400
2014-05-16,BRENT,110.9000
2014-05-16,WTI,102.3100
2014-05-19,BRENT,110.8400
2014-05-19,WTI,102.9500
2014-05-20,BRENT,110.3500
2014-05-20,WTI,102.8000
2014-05-21,BRENT,111.3200
2014-05-21,WTI,104.3100
2014-05-22,BRENT,110.8900
2014-05-22,WTI,104.0300
2014-05-23,BRENT,110.1900
2014-05-23,WTI,105.0100
2014-05-27,BRENT,109.8100
2014-05-27,WTI,104.7800
2014-05-28,BRENT,109.0900
2014-05-28,WTI,103.3700
2014-05-29,BRENT,109.9800
2014-05-29,WTI,104.2600
2014-05-30,BRENT,109.2100
2014-05-30,WTI,103.4000
2014-06-02,BRENT,109.3400
2014-06-02,WTI,103.0700
2014-06-03,BRENT,108.8700
2014-06-03,WTI,103.3400
2014-06-04,BRENT,109.0700
2014-06-04,WTI,103.2700
2014-06-05,BRENT,108.4300
2014-06-05,WTI,103.1700
2014-06-06,BRENT,109.2100
2014-06-06,WTI,103.3200
2014-06-09,BRENT,110.5500
2014-06-09,WTI,105.0900
2014-06-10,BRENT,109.1800
2014-06-10,WTI,105.0200
2014-06-11,BRENT,109.8300
2014-06-11,WTI,105.0400
2014-06-12,BRENT,112.1800
2014-06-12,WTI,107.2000
2014-06-13,BRENT,113.1500
2014-06-13,WTI,107.4900
2014-06-16,BRENT,113.4200
2014-06-16,WTI,107.5200
2014-06-17,BRENT,114.0200
2014-06-17,WTI,106.9500
2014-06-18,BRENT,114.2500
2014-06-18,WTI,106.6400
2014-06-19,BRENT,115.1900
2014-06-19,WTI,107.0800
2014-06-20,BRENT,114.5500
2014-06-20,WTI,107.9500
2014-06-23,BRENT,113.6200
2014-06-23,WTI,106.8300
2014-06-24,BRENT,113.7400
2014-06-24,WTI,106.6400
2014-06-25,BRENT,112.8400
2014-06-25,WTI,107.0400
2014-06-26,BRENT,112.6100
2014-06-26,WTI,106.4900
2014-06-27,BRENT,112.6200
2014-06-27,WTI,106.4600
2014-06-30,BRENT,111.0300
2014-06-30,WTI,106.0700
2014-07-01,BRENT,110.8400
2014-07-01,WTI,106.0600
2014-07-02,BRENT,110.1800
2014-07-02,WTI,105.1800
2014-07-03,BRENT,108.9800
2014-07-03,WTI,104.7600
2014-07-07,BRENT,108.7000
2014-07-07,WTI,104.1900
2014-07-08,BRENT,107.6500
2014-07-08,WTI,104.0600
2014-07-09,BRENT,106.8400
2014-07-09,WTI,102.9300
2014-07-10,BRENT,106.2000
2014-07-10,WTI,103.6100
2014-07-11,BRENT,105.7700
2014-07-11,WTI,101.4800
2014-07-14,BRENT,104.7300
2014-07-14,WTI,101.7300
2014-07-15,BRENT,104.7300
2014-07-15,WTI,100.5600
2014-07-16,BRENT,105.4100
2014-07-16,WTI,101.8800
2014-07-17,BRENT,106.0400
2014-07-17,WTI,103.8400
2014-07-18,BRENT,106.0300
2014-07-18,WTI,103.8300
2014-07-21,BRENT,105.7100
2014-07-21,WTI,105.3400
2014-07-22,BRENT,106.4800
2014-07-22,WTI,104.5900
2014-07-23,BRENT,106.8500
2014-07-23,WTI,103.8100
2014-07-24,BRENT,105.7800
2014-07-24,WTI,102.7600
2014-07-25,BRENT,106.8900
2014-07-25,WTI,105.2300
2014-07-28,BRENT,106.7000
2014-07-28,WTI,105.6800
2014-07-29,BRENT,106.9800
2014-07-29,WTI,104.9100
2014-07-30,BRENT,106.4700
2014-07-30,WTI,104.2900
2014-07-31,BRENT,104.9400
2014-07-31,WTI,98.2300
2014-08-01,BRENT,103.4500
2014-08-01,WTI,97.8600
2014-08-04,BRENT,103.6300
2014-08-04,WTI,98.2600
2014-08-05,BRENT,102.8200
2014-08-05,WTI,97.3400
2014-08-06,BRENT,104.1700
2014-08-06,WTI,96.9300
2014-08-07,BRENT,104.0200
2014-08-07,WTI,97.3400
2014-08-08,BRENT,103.3600
2014-08-08,WTI,97.6100
2014-08-11,BRENT,103.4700
2014-08-11,WTI,98.0900
2014-08-12,BRENT,101.6800
2014-08-12,WTI,97.3600
2014-08-13,BRENT,102.2700
2014-08-13,WTI,97.5700
2014-08-14,BRENT,101.1500
2014-08-14,WTI,95.5400
2014-08-15,BRENT,101.1300
2014-08-15,WTI,97.3000
2014-08-18,BRENT,99.3700
2014-08-18,WTI,96.4400
2014-08-19,BRENT,99.7400
2014-08-19,WTI,94.3500
2014-08-20,BRENT,99.9200
2014-08-20,WTI,96.4000
2014-08-21,BRENT,100.2800
2014-08-21,WTI,93.9700
2014-08-22,BRENT,100.0900
2014-08-22,WTI,93.6100
2014-08-25,BRENT,100.4900
2014-08-25,WTI,95.3900
2014-08-26,BRENT,100.5000
2014-08-26,WTI,95.7800
2014-08-27,BRENT,100.4000
2014-08-27,WTI,95.8200
2014-08-28,BRENT,100.7100
2014-08-28,WTI,96.4400
2014-08-29,BRENT,101.1200
2014-08-29,WTI,97.8600
2014-09-02,BRENT,100.2100
2014-09-02,WTI,92.9200
2014-09-03,BRENT,100.8800
2014-09-03,WTI,95.5000
2014-09-04,BRENT,101.2100
2014-09-04,WTI,94.5100
2014-09-05,BRENT,99.5100
2014-09-05,WTI,93.3200
2014-09-08,BRENT,99.5300
2014-09-08,WTI,92.6400
2014-09-09,BRENT,98.0800
2014-09-09,WTI,92.7300
2014-09-10,BRENT,96.2600
2014-09-10,WTI,91.7100
2014-09-11,BRENT,96.4200
2014-09-11,WTI,92.8900
2014-09-12,BRENT,96.3100
2014-09-12,WTI,92.1800
2014-09-15,BRENT,96.4300
2014-09-15,WTI,92.8600
2014-09-16,BRENT,97.3900
2014-09-16,WTI,94.9100
2014-09-17,BRENT,97.7000
2014-09-17,WTI,94.3300
2014-09-18,BRENT,96.8200
2014-09-18,WTI,93.0700
2014-09-19,BRENT,96.7500
2014-09-19,WTI,92.4300
2014-09-22,BRENT,95.3700
2014-09-22,WTI,91.4600
2014-09-23,BRENT,94.8700
2014-09-23,WTI,91.5500
2014-09-24,BRENT,94.5300
2014-09-24,WTI,93.6000
2014-09-25,BRENT,95.2000
2014-09-25,WTI,93.5900
2014-09-26,BRENT,95.0800
2014-09-26,WTI,95.5500
2014-09-29,BRENT,95.7000
2014-09-29,WTI,94.5300
2014-09-30,BRENT,94.6700
2014-09-30,WTI,91.1700
2014-10-01,BRENT,94.5700
2014-10-01,WTI,90.7400
2014-10-02,BRENT,91.2900
2014-10-02,WTI,91.0200
2014-10-03,BRENT,90.8000
2014-10-03,WTI,89.7600
2014-10-06,BRENT,90.6500
2014-10-06,WTI,90.3300
2014-10-07,BRENT,90.9000
2014-10-07,WTI,88.8900
2014-10-08,BRENT,90.2500
2014-10-08,WTI,87.2900
2014-10-09,BRENT,90.4700
2014-10-09,WTI,85.7600
2014-10-10,BRENT,88.6600
2014-10-10,WTI,85.8700
2014-10-13,BRENT,87.8200
2014-10-13,WTI,85.7300
2014-10-14,BRENT,86.3600
2014-10-14,WTI,81.7200
2014-10-15,BRENT,84.0200
2014-10-15,WTI,81.8200
2014-10-16,BRENT,84.0200
2014-10-16,WTI,82.3300
2014-10-17,BRENT,85.2700
2014-10-17,WTI,82.8000
2014-10-20,BRENT,84.4200
2014-10-20,WTI,82.7600
2014-10-21,BRENT,85.1700
2014-10-21,WTI,83.2500
2014-10-22,BRENT,86.3800
2014-10-22,WTI,80.5200
2014-10-23,BRENT,85.9400
2014-10-23,WTI,82.8100
2014-10-24,BRENT,86.0000
2014-10-24,WTI,81.2700
2014-10-27,BRENT,85.6400
2014-10-27,WTI,81.2600
2014-10-28,BRENT,85.5700
2014-10-28,WTI,81.3600
2014-10-29,BRENT,86.9100
2014-10-29,WTI,82.2500
2014-10-30,BRENT,85.5000
2014-10-30,WTI,81.0600
2014-10-31,BRENT,84.1700
2014-10-31,WTI,80.5300
2014-11-03,BRENT,84.9000
2014-11-03,WTI,78.7700
2014-11-04,BRENT,82.1200
2014-11-04,WTI,77.1500
2014-11-05,BRENT,82.8800
2014-11-05,WTI,78.7100
2014-11-06,BRENT,82.0800
2014-11-06,WTI,77.8700
2014-11-07,BRENT,83.2000
2014-11-07,WTI,78.7100
2014-11-10,BRENT,82.9000
2014-11-10,WTI,77.4300
2014-11-11,BRENT,80.9400
2014-11-11,WTI,77.8500
2014-11-12,BRENT,80.4200
2014-11-12,WTI,77.1600
2014-11-13,BRENT,77.7400
2014-11-13,WTI,74.1300
2014-11-14,BRENT,77.5100
2014-11-14,WTI,75.9100
2014-11-17,BRENT,76.8600
2014-11-17,WTI,75.6400
2014-11-18,BRENT,77.2300
2014-11-18,WTI,74.5500
2014-11-19,BRENT,77.2100
2014-11-19,WTI,74.5500
2014-11-20,BRENT,77.6100
2014-11-20,WTI,75.6300
2014-11-21,BRENT,79.2000
2014-11-21,WTI,76.5200
2014-11-24,BRENT,79.6200
2014-11-24,WTI,75.7400
2014-11-25,BRENT,77.6200
2014-11-25,WTI,74.0400
2014-11-26,BRENT,77.3900
2014-11-26,WTI,73.7000
2014-11-28,BRENT,71.8900
2014-11-28,WTI,65.9400
2014-12-01,BRENT,70.8700
2014-12-01,WTI,68.9800
2014-12-02,BRENT,71.1300
2014-12-02,WTI,66.9900
2014-12-03,BRENT,70.1300
2014-12-03,WTI,67.3000
2014-12-04,BRENT,68.4800
2014-12-04,WTI,66.7300
2014-12-05,BRENT,68.0000
2014-12-05,WTI,65.8900
2014-12-08,BRENT,65.6400
2014-12-08,WTI,63.1300
2014-12-09,BRENT,66.1100
2014-12-09,WTI,63.7400
2014-12-10,BRENT,63.3200
2014-12-10,WTI,60.9900
2014-12-11,BRENT,63.6500
2014-12-11,WTI,60.0100
2014-12-12,BRENT,61.6700
2014-12-12,WTI,57.8100
2014-12-15,BRENT,61.0900
2014-12-15,WTI,55.9600
2014-12-16,BRENT,60.2600
2014-12-16,WTI,55.9700
2014-12-17,BRENT,59.8400
2014-12-17,WTI,56.4300
2014-12-18,BRENT,58.8100
2014-12-18,WTI,54.1800
2014-12-19,BRENT,58.8700
2014-12-19,WTI,56.9100
2014-12-22,BRENT,58.3100
2014-12-22,WTI,55.2500
2014-12-23,BRENT,59.0700
2014-12-23,WTI,56.7800
2014-12-24,BRENT,58.6700
2014-12-24,WTI,55.7000
2014-12-26,BRENT,58.7200
2014-12-26,WTI,54.5900
2014-12-29,BRENT,57.8600
2014-12-29,WTI,53.4600
2014-12-30,BRENT,55.6000
2014-12-30,WTI,54.1400
2014-12-31,BRENT,55.2700
2014-12-31,WTI,53.4500
2015-01-02,BRENT,55.3800
2015-01-02,WTI,52.7200
2015-01-05,BRENT,51.0800
2015-01-05,WTI,50.0500
2015-01-06,BRENT,50.1200
2015-01-06,WTI,47.9800
2015-01-07,BRENT,49.0600
2015-01-07,WTI,48.6900
2015-01-08,BRENT,49.4300
2015-01-08,WTI,48.8000
2015-01-09,BRENT,47.6400
2015-01-09,WTI,48.3500
2015-01-12,BRENT,46.9000
2015-01-12,WTI,46.0600
2015-01-13,BRENT,45.1300
2015-01-13,WTI,45.9200
2015-01-14,BRENT,45.8200
2015-01-14,WTI,48.4900
2015-01-15,BRENT,47.6600
2015-01-15,WTI,46.3700
2015-01-16,BRENT,47.3800
2015-01-16,WTI,48.4900
2015-01-20,BRENT,46.4900
2015-01-20,WTI,46.7900
2015-01-21,BRENT,46.5000
2015-01-21,WTI,47.8500
2015-01-22,BRENT,46.0900
2015-01-22,WTI,45.9300
2015-01-23,BRENT,46.6900
2015-01-23,WTI,45.2600
2015-01-26,BRENT,46.0700
2015-01-26,WTI,44.8000
2015-01-27,BRENT,46.5500
2015-01-27,WTI,45.8400
2015-01-28,BRENT,47.0700
2015-01-28,WTI,44.0800
2015-01-29,BRENT,46.6100
2015-01-29,WTI,44.1200
2015-01-30,BRENT,47.5200
2015-01-30,WTI,47.7900
2015-02-02,BRENT,51.7400
2015-02-02,WTI,49.2500
2015-02-03,BRENT,54.4100
2015-02-03,WTI,53.0400
2015-02-04,BRENT,55.0700
2015-02-04,WTI,48.4500
2015-02-05,BRENT,55.9800
2015-02-05,WTI,50.4800
2015-02-06,BRENT,55.8800
2015-02-06,WTI,51.6600
2015-02-09,BRENT,57.0000
2015-02-09,WTI,52.9900
2015-02-10,BRENT,55.7900
2015-02-10,WTI,50.0600
2015-02-11,BRENT,53.4800
2015-02-11,WTI,48.8000
2015-02-12,BRENT,56.2300
2015-02-12,WTI,51.1700
2015-02-13,BRENT,60.3300
2015-02-13,WTI,52.6600
2015-02-17,BRENT,60.7800
2015-02-17,WTI,53.5600
2015-02-18,BRENT,60.7200
2015-02-18,WTI,52.1300
2015-02-19,BRENT,58.7800
2015-02-19,WTI,51.1200
2015-02-20,BRENT,60.9900
2015-02-20,WTI,49.9500
2015-02-23,BRENT,59.7800
2015-02-23,WTI,49.5600
2015-02-24,BRENT,60.3300
2015-02-24,WTI,48.4800
2015-02-25,BRENT,59.7700
2015-02-25,WTI,50.2500
2015-02-26,BRENT,61.3900
2015-02-26,WTI,47.6500
2015-02-27,BRENT,61.8900
2015-02-27,WTI,49.8400
2015-03-02,BRENT,60.7500
2015-03-02,WTI,49.5900
2015-03-03,BRENT,61.1800
2015-03-03,WTI,50.4300
2015-03-04,BRENT,59.1800
2015-03-04,WTI,51.5300
2015-03-05,BRENT,60.3300
2015-03-05,WTI,50.7600
2015-03-06,BRENT,59.1500
2015-03-06,WTI,49.6100
2015-03-09,BRENT,58.6700
2015-03-09,WTI,49.9500
2015-03-10,BRENT,55.9500
2015-03-10,WTI,48.4200
2015-03-11,BRENT,56.4600
2015-03-11,WTI,48.0600
2015-03-12,BRENT,56.6600
2015-03-12,WTI,47.1200
2015-03-13,BRENT,54.8000
2015-03-13,WTI,44.8800
2015-03-16,BRENT,52.0000
2015-03-16,WTI,43.9300
2015-03-17,BRENT,52.1700
2015-03-17,WTI,43.3900
2015-03-18,BRENT,52.5900
2015-03-18,WTI,44.6300
2015-03-19,BRENT,52.9600
2015-03-19,WTI,44.0200
2015-03-20,BRENT,53.8800
2015-03-20,WTI,46.0000
2015-03-23,BRENT,53.8200
2015-03-23,WTI,47.4000
2015-03-24,BRENT,53.6100
2015-03-24,WTI,47.0300
2015-03-25,BRENT,54.1800
2015-03-25,WTI,48.7500
2015-03-26,BRENT,57.0200
2015-03-26,WTI,51.4100
2015-03-27,BRENT,56.4400
2015-03-27,WTI,48.8300
2015-03-30,BRENT,53.9900
2015-03-30,WTI,48.6600
2015-03-31,BRENT,53.6900
2015-03-31,WTI,47.7200
2015-04-01,BRENT,55.7300
2015-04-01,WTI,50.1200
2015-04-02,BRENT,55.7300
2015-04-02,WTI,49.1300
2015-04-06,BRENT,55.7300
2015-04-06,WTI,52.0800
2015-04-07,BRENT,57.5500
2015-04-07,WTI,53.9500
2015-04-08,BRENT,56.4200
2015-04-08,WTI,50.4400
2015-04-09,BRENT,56.0400
2015-04-09,WTI,50.7900
2015-04-10,BRENT,56.8200
2015-04-10,WTI,51.6300
2015-04-13,BRENT,57.1400
2015-04-13,WTI,51.9500
2015-04-14,BRENT,57.6900
2015-04-14,WTI,53.3000
2015-04-15,BRENT,59.3200
2015-04-15,WTI,56.2500
2015-04-16,BRENT,60.1300
2015-04-16,WTI,56.6900
2015-04-17,BRENT,61.3100
2015-04-17,WTI,55.7100
2015-04-20,BRENT,61.2000
2015-04-20,WTI,56.3700
2015-04-21,BRENT,60.1200
2015-04-21,WTI,55.5800
2015-04-22,BRENT,60.1200
2015-04-22,WTI,56.1700
2015-04-23,BRENT,62.6600
2015-04-23,WTI,56.5900
2015-04-24,BRENT,62.9600
2015-04-24,WTI,55.9800
2015-04-27,BRENT,62.8600
2015-04-27,WTI,55.5600
2015-04-28,BRENT,62.6100
2015-04-28,WTI,57.0500
2015-04-29,BRENT,63.9700
2015-04-29,WTI,58.5500
2015-04-30,BRENT,63.9000
2015-04-30,WTI,59.6200
2015-05-01,BRENT,64.1300
2015-05-01,WTI,59.1000
2015-05-04,BRENT,64.6200
2015-05-04,WTI,58.9200
2015-05-05,BRENT,65.4400
2015-05-05,WTI,60.3800
2015-05-06,BRENT,66.2200
2015-05-06,WTI,60.9300
2015-05-07,BRENT,64.9300
2015-05-07,WTI,58.9900
2015-05-08,BRENT,63.8200
2015-05-08,WTI,59.4100
2015-05-11,BRENT,62.8200
2015-05-11,WTI,59.2300
2015-05-12,BRENT,65.0900
2015-05-12,WTI,60.7200
2015-05-13,BRENT,66.3300
2015-05-13,WTI,60.5000
2015-05-14,BRENT,65.5800
2015-05-14,WTI,59.8900
2015-05-15,BRENT,64.6900
2015-05-15,WTI,59.7300
2015-05-18,BRENT,65.1500
2015-05-18,WTI,59.4400
2015-05-19,BRENT,63.4800
2015-05-19,WTI,57.3000
2015-05-20,BRENT,63.5200
2015-05-20,WTI,58.9600
2015-05-21,BRENT,64.7000
2015-05-21,WTI,60.1800
2015-05-22,BRENT,64.7000
2015-05-22,WTI,58.8800
2015-05-26,BRENT,61.6500
2015-05-26,WTI,57.2900
2015-05-27,BRENT,61.3500
2015-05-27,WTI,57.5100
2015-05-28,BRENT,60.1200
2015-05-28,WTI,57.6900
2015-05-29,BRENT,63.1600
2015-05-29,WTI,60.2500
2015-06-01,BRENT,62.8700
2015-06-01,WTI,60.2400
2015-06-02,BRENT,63.1400
2015-06-02,WTI,61.3000
2015-06-03,BRENT,62.7800
2015-06-03,WTI,59.6700
2015-06-04,BRENT,60.3400
2015-06-04,WTI,58.0000
2015-06-05,BRENT,60.3600
2015-06-05,WTI,59.1100
2015-06-08,BRENT,61.3300
2015-06-08,WTI,58.1500
2015-06-09,BRENT,63.2300
2015-06-09,WTI,60.1500
2015-06-10,BRENT,64.6800
2015-06-10,WTI,61.3600
2015-06-11,BRENT,63.7600
2015-06-11,WTI,60.7400
2015-06-12,BRENT,63.1900
2015-06-12,WTI,59.9600
2015-06-15,BRENT,60.9900
2015-06-15,WTI,59.5300
2015-06-16,BRENT,60.7500
2015-06-16,WTI,60.0100
2015-06-17,BRENT,60.7500
2015-06-17,WTI,59.8900
2015-06-18,BRENT,61.3700
2015-06-18,WTI,60.4100
2015-06-19,BRENT,59.4100
2015-06-19,WTI,59.6200
2015-06-22,BRENT,60.5400
2015-06-22,WTI,60.0100
2015-06-23,BRENT,61.6700
2015-06-23,WTI,61.0500
2015-06-24,BRENT,61.6300
2015-06-24,WTI,60.0100
2015-06-25,BRENT,60.2400
2015-06-25,WTI,59.5900
2015-06-26,BRENT,60.1400
2015-06-26,WTI,59.4100
2015-06-29,BRENT,59.0300
2015-06-29,WTI,58.3400
2015-06-30,BRENT,60.3100
2015-06-30,WTI,59.4800
2015-07-01,BRENT,61.6500
2015-07-01,WTI,56.9400
2015-07-02,BRENT,61.7300
2015-07-02,WTI,56.9300
2015-07-06,BRENT,57.1900
2015-07-06,WTI,52.4800
2015-07-07,BRENT,54.7200
2015-07-07,WTI,52.3300
2015-07-08,BRENT,55.7000
2015-07-08,WTI,51.6100
2015-07-09,BRENT,57.8300
2015-07-09,WTI,52.7600
2015-07-10,BRENT,57.7200
2015-07-10,WTI,52.7400
2015-07-13,BRENT,57.6300
2015-07-13,WTI,52.1900
2015-07-14,BRENT,57.2000
2015-07-14,WTI,53.0500
2015-07-15,BRENT,57.3400
2015-07-15,WTI,51.4000
2015-07-16,BRENT,57.3100
2015-07-16,WTI,50.9000
2015-07-17,BRENT,56.3800
2015-07-17,WTI,50.8800
2015-07-20,BRENT,56.4200
2015-07-20,WTI,50.1100
2015-07-21,BRENT,55.9400
2015-07-21,WTI,50.5900
2015-07-22,BRENT,56.3600
2015-07-22,WTI,49.2700
2015-07-23,BRENT,55.7600
2015-07-23,WTI,48.1100
2015-07-24,BRENT,54.2900
2015-07-24,WTI,47.9800
2015-07-27,BRENT,54.0700
2015-07-27,WTI,47.1700
2015-07-28,BRENT,54.3000
2015-07-28,WTI,47.9700
2015-07-29,BRENT,54.7300
2015-07-29,WTI,48.7700
2015-07-30,BRENT,54.2900
2015-07-30,WTI,48.5300
2015-07-31,BRENT,53.2900
2015-07-31,WTI,47.1100
2015-08-03,BRENT,49.4900
2015-08-03,WTI,45.2500
2015-08-04,BRENT,49.0800
2015-08-04,WTI,45.7500
2015-08-05,BRENT,49.0400
2015-08-05,WTI,45.1300
2015-08-06,BRENT,47.8000
2015-08-06,WTI,44.6900
2015-08-07,BRENT,47.5400
2015-08-07,WTI,43.8700
2015-08-10,BRENT,48.3000
2015-08-10,WTI,44.9400
2015-08-11,BRENT,47.3300
2015-08-11,WTI,43.1100
2015-08-12,BRENT,48.2900
2015-08-12,WTI,43.2200
2015-08-13,BRENT,48.0100
2015-08-13,WTI,42.2700
2015-08-14,BRENT,47.7900
2015-08-14,WTI,42.4500
2015-08-17,BRENT,47.7700
2015-08-17,WTI,41.9300
2015-08-18,BRENT,47.0000
2015-08-18,WTI,42.5800
2015-08-19,BRENT,45.7500
2015-08-19,WTI,40.7500
2015-08-20,BRENT,45.6300
2015-08-20,WTI,41.0000
2015-08-21,BRENT,43.8400
2015-08-21,WTI,40.4500
2015-08-24,BRENT,41.5900
2015-08-24,WTI,38.2200
2015-08-25,BRENT,41.8600
2015-08-25,WTI,39.1500
2015-08-26,BRENT,41.7600
2015-08-26,WTI,38.5000
2015-08-27,BRENT,44.4600
2015-08-27,WTI,42.4700
2015-08-28,BRENT,47.9700
2015-08-28,WTI,45.2900
2015-09-01,BRENT,48.8000
2015-09-01,WTI,45.3800
2015-09-02,BRENT,47.6700
2015-09-02,WTI,46.3000
2015-09-03,BRENT,50.4100
2015-09-03,WTI,46.7500
2015-09-04,BRENT,48.5900
2015-09-04,WTI,46.0200
2015-09-08,BRENT,48.8800
2015-09-08,WTI,45.9200
2015-09-09,BRENT,48.0400
2015-09-09,WTI,44.1300
2015-09-10,BRENT,47.7700
2015-09-10,WTI,45.8500
2015-09-11,BRENT,46.8700
2015-09-11,WTI,44.7500
2015-09-14,BRENT,45.8700
2015-09-14,WTI,44.0700
2015-09-15,BRENT,45.9100
2015-09-15,WTI,44.5800
2015-09-16,BRENT,49.3500
2015-09-16,WTI,47.1200
2015-09-17,BRENT,48.2700
2015-09-17,WTI,46.9300
2015-09-18,BRENT,47.2800
2015-09-18,WTI,44.7100
2015-09-21,BRENT,47.6400
2015-09-21,WTI,46.6700
2015-09-22,BRENT,46.6900
2015-09-22,WTI,46.1700
2015-09-23,BRENT,48.0000
2015-09-23,WTI,44.5300
2015-09-24,BRENT,47.0600
2015-09-24,WTI,44.9400
2015-09-25,BRENT,47.2800
2015-09-25,WTI,45.5500
2015-09-28,BRENT,46.0400
2015-09-28,WTI,44.4000
2015-09-29,BRENT,47.5800
2015-09-29,WTI,45.2400
2015-09-30,BRENT,47.2900
2015-09-30,WTI,45.0600
2015-10-01,BRENT,47.4800
2015-10-01,WTI,44.7500
2015-10-02,BRENT,46.5500
2015-10-02,WTI,45.5400
2015-10-05,BRENT,49.4500
2015-10-05,WTI,46.2800
2015-10-06,BRENT,51.3400
2015-10-06,WTI,48.5300
2015-10-07,BRENT,51.6600
2015-10-07,WTI,47.8600
2015-10-08,BRENT,52.1300
2015-10-08,WTI,49.4600
2015-10-09,BRENT,52.0800
2015-10-09,WTI,49.6700
2015-10-12,BRENT,50.9500
2015-10-12,WTI,47.0900
2015-10-13,BRENT,48.9400
2015-10-13,WTI,46.7000
2015-10-14,BRENT,48.2500
2015-10-14,WTI,46.6300
2015-10-15,BRENT,47.8700
2015-10-15,WTI,46.3800
2015-10-16,BRENT,48.9600
2015-10-16,WTI,47.3000
2015-10-19,BRENT,47.5100
2015-10-19,WTI,45.9100
2015-10-20,BRENT,46.9300
2015-10-20,WTI,45.8400
2015-10-21,BRENT,46.7200
2015-10-21,WTI,45.2200
2015-10-22,BRENT,46.5900
2015-10-22,WTI,44.9000
2015-10-23,BRENT,46.3000
2015-10-23,WTI,43.9100
2015-10-26,BRENT,46.5700
2015-10-26,WTI,43.1900
2015-10-27,BRENT,45.5400
2015-10-27,WTI,43.2100
2015-10-28,BRENT,47.6000
2015-10-28,WTI,45.9300
2015-10-29,BRENT,48.0400
2015-10-29,WTI,46.0200
2015-10-30,BRENT,48.0000
2015-10-30,WTI,46.6000
2015-11-02,BRENT,47.9100
2015-11-02,WTI,46.1200
2015-11-03,BRENT,48.0000
2015-11-03,WTI,47.8800
2015-11-04,BRENT,46.9600
2015-11-04,WTI,46.3200
2015-11-05,BRENT,47.1900
2015-11-05,WTI,45.2700
2015-11-06,BRENT,46.0900
2015-11-06,WTI,44.3200
2015-11-09,BRENT,45.3800
2015-11-09,WTI,43.8700
2015-11-10,BRENT,46.4400
2015-11-10,WTI,44.2300
2015-11-11,BRENT,44.9800
2015-11-11,WTI,42.9500
2015-11-12,BRENT,44.9800
2015-11-12,WTI,41.7400
2015-11-13,BRENT,41.9800
2015-11-13,WTI,40.6900
2015-11-16,BRENT,40.2800
2015-11-16,WTI,41.6800
2015-11-17,BRENT,41.2800
2015-11-17,WTI,40.7300
2015-11-18,BRENT,41.4500
2015-11-18,WTI,40.7500
2015-11-19,BRENT,42.2200
2015-11-19,WTI,40.5500
2015-11-20,BRENT,42.4900
2015-11-20,WTI,39.3900
2015-11-23,BRENT,43.7000
2015-11-23,WTI,39.2700
2015-11-24,BRENT,44.3800
2015-11-24,WTI,40.8900
2015-11-25,BRENT,43.5600
2015-11-25,WTI,41.2200
2015-11-27,BRENT,43.0700
2015-11-27,WTI,40.5700
2015-11-30,BRENT,43.7300
2015-11-30,WTI,40.4300
2015-12-01,BRENT,42.9700
2015-12-01,WTI,40.5800
2015-12-02,BRENT,41.9200
2015-12-02,WTI,39.9300
2015-12-03,BRENT,42.0000
2015-12-03,WTI,41.0800
2015-12-04,BRENT,41.4400
2015-12-04,WTI,40.0000
2015-12-07,BRENT,39.6900
2015-12-07,WTI,37.6400
2015-12-08,BRENT,39.4400
2015-12-08,WTI,37.4600
2015-12-09,BRENT,39.0400
2015-12-09,WTI,37.1600
2015-12-10,BRENT,38.6500
2015-12-10,WTI,36.7600
2015-12-11,BRENT,36.9900
2015-12-11,WTI,35.6500
2015-12-14,BRENT,36.5100
2015-12-14,WTI,36.3100
2015-12-15,BRENT,37.6600
2015-12-15,WTI,37.3200
2015-12-16,BRENT,36.9600
2015-12-16,WTI,35.5500
2015-12-17,BRENT,36.2900
2015-12-17,WTI,34.9800
2015-12-18,BRENT,36.7600
2015-12-18,WTI,34.7200
2015-12-21,BRENT,35.3400
2015-12-21,WTI,34.5500
2015-12-22,BRENT,35.2600
2015-12-22,WTI,36.1200
2015-12-23,BRENT,35.7900
2015-12-23,WTI,36.7600
2015-12-24,BRENT,37.2200
2015-12-24,WTI,37.6200
2015-12-28,BRENT,37.0800
2015-12-28,WTI,36.3600
2015-12-29,BRENT,36.8500
2015-12-29,WTI,37.8800
2015-12-30,BRENT,35.6500
2015-12-30,WTI,36.5900
2015-12-31,BRENT,36.6100
2015-12-31,WTI,37.1300
2016-01-04,BRENT,36.2800
2016-01-04,WTI,36.8100
2016-01-05,BRENT,35.5600
2016-01-05,WTI,35.9700
2016-01-06,BRENT,33.8900
2016-01-06,WTI,33.9700
2016-01-07,BRENT,33.5700
2016-01-07,WTI,33.2900
2016-01-08,BRENT,31.6700
2016-01-08,WTI,33.2000
2016-01-11,BRENT,30.1400
2016-01-11,WTI,31.4200
2016-01-12,BRENT,29.1400
2016-01-12,WTI,30.4200
2016-01-13,BRENT,28.5800
2016-01-13,WTI,30.4200
2016-01-14,BRENT,28.8400
2016-01-14,WTI,31.2200
2016-01-15,BRENT,28.8000
2016-01-15,WTI,29.4500
2016-01-19,BRENT,27.3600
2016-01-19,WTI,28.4700
2016-01-20,BRENT,26.0100
2016-01-20,WTI,26.6800
2016-01-21,BRENT,27.5900
2016-01-21,WTI,29.5500
2016-01-22,BRENT,30.4600
2016-01-22,WTI,32.0700
2016-01-25,BRENT,29.8200
2016-01-25,WTI,30.3100
2016-01-26,BRENT,30.9400
2016-01-26,WTI,29.5400
2016-01-27,BRENT,31.8300
2016-01-27,WTI,32.3200
2016-01-28,BRENT,33.0100
2016-01-28,WTI,33.2100
2016-01-29,BRENT,33.1400
2016-01-29,WTI,33.6600
2016-02-01,BRENT,32.4500
2016-02-01,WTI,31.6200
2016-02-02,BRENT,30.9800
2016-02-02,WTI,29.9000
2016-02-03,BRENT,32.3800
2016-02-03,WTI,32.2900
2016-02-04,BRENT,32.7600
2016-02-04,WTI,31.6300
2016-02-05,BRENT,32.3500
2016-02-05,WTI,30.8600
2016-02-08,BRENT,31.6400
2016-02-08,WTI,29.7100
2016-02-09,BRENT,30.1500
2016-02-09,WTI,27.9600
2016-02-10,BRENT,29.6400
2016-02-10,WTI,27.5400
2016-02-11,BRENT,28.8200
2016-02-11,WTI,26.1900
2016-02-12,BRENT,31.8000
2016-02-12,WTI,29.3200
2016-02-16,BRENT,31.0900
2016-02-16,WTI,29.0500
2016-02-17,BRENT,33.2100
2016-02-17,WTI,30.6800
2016-02-18,BRENT,33.2000
2016-02-18,WTI,30.7700
2016-02-19,BRENT,31.6600
2016-02-19,WTI,29.5900
2016-02-22,BRENT,33.5900
2016-02-22,WTI,31.3700
2016-02-23,BRENT,31.9000
2016-02-23,WTI,31.8400
2016-02-24,BRENT,31.5000
2016-02-24,WTI,30.3500
2016-02-25,BRENT,32.8300
2016-02-25,WTI,31.4000
2016-02-26,BRENT,35.7600
2016-02-26,WTI,31.6500
2016-02-29,BRENT,35.9200
2016-02-29,WTI,32.7400
2016-03-01,BRENT,35.7300
2016-03-01,WTI,34.3900
2016-03-02,BRENT,36.3800
2016-03-02,WTI,34.5700
2016-03-03,BRENT,35.7500
2016-03-03,WTI,34.5600
2016-03-04,BRENT,37.6100
2016-03-04,WTI,35.9100
2016-03-07,BRENT,39.0200
2016-03-07,WTI,37.9000
2016-03-08,BRENT,39.1600
2016-03-08,WTI,36.6700
2016-03-09,BRENT,40.2600
2016-03-09,WTI,37.6200
2016-03-10,BRENT,38.6300
2016-03-10,WTI,37.7700
2016-03-11,BRENT,39.4100
2016-03-11,WTI,38.5100
2016-03-14,BRENT,38.0600
2016-03-14,WTI,37.2000
2016-03-15,BRENT,37.4900
2016-03-15,WTI,36.3200
2016-03-16,BRENT,38.3800
2016-03-16,WTI,38.4300
2016-03-17,BRENT,39.2900
2016-03-17,WTI,40.1700
2016-03-18,BRENT,39.2600
2016-03-18,WTI,39.4700
2016-03-21,BRENT,39.9100
2016-03-21,WTI,39.9100
2016-03-22,BRENT,40.5400
2016-03-22,WTI,41.4500
2016-03-23,BRENT,38.8400
2016-03-23,WTI,38.2800
2016-03-24,BRENT,38.3300
2016-03-24,WTI,38.1400
2016-03-28,BRENT,38.3300
2016-03-28,WTI,37.9900
2016-03-29,BRENT,36.7500
2016-03-29,WTI,36.9100
2016-03-30,BRENT,36.7500
2016-03-30,WTI,36.9100
2016-03-31,BRENT,36.7500
2016-03-31,WTI,36.9400
2016-04-01,BRENT,36.4200
2016-04-01,WTI,35.3600
2016-04-04,BRENT,36.0500
2016-04-04,WTI,34.3000
2016-04-05,BRENT,35.8800
2016-04-05,WTI,34.5200
2016-04-06,BRENT,37.7700
2016-04-06,WTI,37.7400
2016-04-07,BRENT,37.1500
2016-04-07,WTI,37.3000
2016-04-08,BRENT,40.7100
2016-04-08,WTI,39.7400
2016-04-11,BRENT,41.5800
2016-04-11,WTI,40.4600
2016-04-12,BRENT,43.0200
2016-04-12,WTI,42.1200
2016-04-13,BRENT,42.8100
2016-04-13,WTI,41.7000
2016-04-14,BRENT,43.0200
2016-04-14,WTI,41.4500
2016-04-15,BRENT,41.3200
2016-04-15,WTI,40.4000
2016-04-18,BRENT,41.6400
2016-04-18,WTI,39.7400
2016-04-19,BRENT,43.0200
2016-04-19,WTI,40.8800
2016-04-20,BRENT,43.0900
2016-04-20,WTI,42.7200
2016-04-21,BRENT,43.4800
2016-04-21,WTI,43.1800
2016-04-22,BRENT,43.9700
2016-04-22,WTI,42.7600
2016-04-25,BRENT,42.9700
2016-04-25,WTI,41.6700
2016-04-26,BRENT,43.9400
2016-04-26,WTI,42.5200
2016-04-27,BRENT,44.1700
2016-04-27,WTI,45.2900
2016-04-28,BRENT,45.6000
2016-04-28,WTI,46.0300
2016-04-29,BRENT,45.6400
2016-04-29,WTI,45.9800
2016-05-02,BRENT,45.8200
2016-05-02,WTI,44.7500
2016-05-03,BRENT,43.0900
2016-05-03,WTI,43.6500
2016-05-04,BRENT,43.0800
2016-05-04,WTI,43.7700
2016-05-05,BRENT,44.3900
2016-05-05,WTI,44.3300
2016-05-06,BRENT,44.6000
2016-05-06,WTI,44.5800
2016-05-09,BRENT,42.4300
2016-05-09,WTI,43.4500
2016-05-10,BRENT,44.0100
2016-05-10,WTI,44.6800
2016-05-11,BRENT,46.0800
2016-05-11,WTI,46.2100
2016-05-12,BRENT,46.4300
2016-05-12,WTI,46.6400
2016-05-13,BRENT,47.0500
2016-05-13,WTI,46.2200
2016-05-16,BRENT,48.4900
2016-05-16,WTI,47.7200
2016-05-17,BRENT,48.7100
2016-05-17,WTI,48.2900
2016-05-18,BRENT,48.9300
2016-05-18,WTI,48.1200
2016-05-19,BRENT,47.0100
2016-05-19,WTI,48.1600
2016-05-20,BRENT,48.5400
2016-05-20,WTI,47.6700
2016-05-23,BRENT,47.7700
2016-05-23,WTI,48.1200
2016-05-24,BRENT,48.4200
2016-05-24,WTI,48.0400
2016-05-25,BRENT,48.8700
2016-05-25,WTI,49.1000
2016-05-26,BRENT,49.5200
2016-05-26,WTI,49.0000
2016-05-27,BRENT,49.0900
2016-05-27,WTI,49.3600
2016-05-31,BRENT,49.2600
2016-05-31,WTI,49.1000
2016-06-01,BRENT,48.8100
2016-06-01,WTI,49.0700
2016-06-02,BRENT,49.0500
2016-06-02,WTI,49.1400
2016-06-03,BRENT,48.5000
2016-06-03,WTI,48.6900
2016-06-06,BRENT,48.9400
2016-06-06,WTI,49.7100
2016-06-07,BRENT,49.7600
2016-06-07,WTI,50.3700
2016-06-08,BRENT,50.7300
2016-06-08,WTI,51.2300
2016-06-09,BRENT,50.5900
2016-06-09,WTI,50.5200
2016-06-10,BRENT,49.7000
2016-06-10,WTI,49.0900
2016-06-13,BRENT,49.3600
2016-06-13,WTI,48.8900
2016-06-14,BRENT,47.8800
2016-06-14,WTI,48.4900
2016-06-15,BRENT,47.4700
2016-06-15,WTI,47.9200
2016-06-16,BRENT,45.6600
2016-06-16,WTI,46.1400
2016-06-17,BRENT,46.5700
2016-06-17,WTI,48.0000
2016-06-20,BRENT,48.6800
2016-06-20,WTI,49.4000
2016-06-21,BRENT,48.1800
2016-06-21,WTI,48.9500
2016-06-22,BRENT,48.4300
2016-06-22,WTI,49.1600
2016-06-23,BRENT,48.6300
2016-06-23,WTI,49.3400
2016-06-24,BRENT,46.6900
2016-06-24,WTI,46.7000
2016-06-27,BRENT,45.0700
2016-06-27,WTI,45.8000
2016-06-28,BRENT,46.2900
2016-06-28,WTI,47.9300
2016-06-29,BRENT,48.4000
2016-06-29,WTI,49.8500
2016-06-30,BRENT,48.0500
2016-06-30,WTI,48.2700
2016-07-01,BRENT,47.6500
2016-07-01,WTI,49.0200
2016-07-05,BRENT,45.6400
2016-07-05,WTI,46.7300
2016-07-06,BRENT,45.7000
2016-07-06,WTI,47.3700
2016-07-07,BRENT,45.9300
2016-07-07,WTI,45.2200
2016-07-08,BRENT,44.5300
2016-07-08,WTI,45.3700
2016-07-11,BRENT,44.0400
2016-07-11,WTI,44.7300
2016-07-12,BRENT,46.7200
2016-07-12,WTI,46.8200
2016-07-13,BRENT,44.6700
2016-07-13,WTI,44.8700
2016-07-14,BRENT,46.0100
2016-07-14,WTI,45.6400
2016-07-15,BRENT,46.2500
2016-07-15,WTI,45.9300
2016-07-18,BRENT,45.3500
2016-07-18,WTI,45.2300
2016-07-19,BRENT,45.7000
2016-07-19,WTI,44.6400
2016-07-20,BRENT,45.8200
2016-07-20,WTI,44.9600
2016-07-21,BRENT,44.9900
2016-07-21,WTI,43.9600
2016-07-22,BRENT,44.2400
2016-07-22,WTI,43.4100
2016-07-25,BRENT,43.7600
2016-07-25,WTI,42.4000
2016-07-26,BRENT,43.5600
2016-07-26,WTI,42.1600
2016-07-27,BRENT,42.7800
2016-07-27,WTI,41.9000
2016-07-28,BRENT,41.8700
2016-07-28,WTI,41.1300
2016-07-29,BRENT,40.7600
2016-07-29,WTI,41.5400
2016-08-01,BRENT,40.1700
2016-08-01,WTI,40.0500
2016-08-02,BRENT,40.0000
2016-08-02,WTI,39.5000
2016-08-03,BRENT,40.4500
2016-08-03,WTI,40.8000
2016-08-04,BRENT,41.3300
2016-08-04,WTI,41.9200
2016-08-05,BRENT,42.4700
2016-08-05,WTI,41.8300
2016-08-08,BRENT,43.2400
2016-08-08,WTI,43.0600
2016-08-09,BRENT,43.3700
2016-08-09,WTI,42.7800
2016-08-10,BRENT,42.1900
2016-08-10,WTI,41.7500
2016-08-11,BRENT,44.2300
2016-08-11,WTI,43.5100
2016-08-12,BRENT,45.1200
2016-08-12,WTI,44.4700
2016-08-15,BRENT,47.3100
2016-08-15,WTI,45.7200
2016-08-16,BRENT,48.2700
2016-08-16,WTI,46.5700
2016-08-17,BRENT,48.5800
2016-08-17,WTI,46.8100
2016-08-18,BRENT,49.4600
2016-08-18,WTI,48.2000
2016-08-19,BRENT,49.3900
2016-08-19,WTI,48.4800
2016-08-22,BRENT,48.1000
2016-08-22,WTI,46.8000
2016-08-23,BRENT,48.7000
2016-08-23,WTI,47.5400
2016-08-24,BRENT,47.5600
2016-08-24,WTI,46.2900
2016-08-25,BRENT,49.2500
2016-08-25,WTI,46.9700
2016-08-26,BRENT,49.6600
2016-08-26,WTI,47.6400
2016-08-29,BRENT,49.6600
2016-08-29,WTI,46.9700
2016-08-30,BRENT,47.9400
2016-08-30,WTI,46.3200
2016-08-31,BRENT,47.9400
2016-08-31,WTI,44.6800
2016-09-01,BRENT,45.0500
2016-09-01,WTI,43.1700
2016-09-02,BRENT,45.9600
2016-09-02,WTI,44.3900
2016-09-06,BRENT,46.2100
2016-09-06,WTI,44.8500
2016-09-07,BRENT,47.0000
2016-09-07,WTI,45.4700
2016-09-08,BRENT,49.2300
2016-09-08,WTI,47.6300
2016-09-09,BRENT,48.3700
2016-09-09,WTI,45.8800
2016-09-12,BRENT,47.8200
2016-09-12,WTI,46.2800
2016-09-13,BRENT,46.4800
2016-09-13,WTI,44.9100
2016-09-14,BRENT,45.6500
2016-09-14,WTI,43.6200
2016-09-15,BRENT,45.8300
2016-09-15,WTI,43.8500
2016-09-16,BRENT,45.2600
2016-09-16,WTI,43.0400
2016-09-19,BRENT,46.0400
2016-09-19,WTI,43.3400
2016-09-20,BRENT,45.2400
2016-09-20,WTI,43.8500
2016-09-21,BRENT,45.9900
2016-09-21,WTI,45.3300
2016-09-22,BRENT,47.2100
2016-09-22,WTI,46.1000
2016-09-23,BRENT,46.7100
2016-09-23,WTI,44.3600
2016-09-26,BRENT,46.6100
2016-09-26,WTI,45.6000
2016-09-27,BRENT,44.9500
2016-09-27,WTI,44.6500
2016-09-28,BRENT,45.4900
2016-09-28,WTI,47.0700
2016-09-29,BRENT,48.4300
2016-09-29,WTI,47.7200
2016-09-30,BRENT,48.2400
2016-09-30,WTI,47.7200
2016-10-03,BRENT,48.6100
2016-10-03,WTI,48.8000
2016-10-04,BRENT,48.8100
2016-10-04,WTI,48.6700
2016-10-05,BRENT,49.5700
2016-10-05,WTI,49.7500
2016-10-06,BRENT,50.1400
2016-10-06,WTI,50.4400
2016-10-07,BRENT,50.4900
2016-10-07,WTI,49.7600
2016-10-10,BRENT,51.5400
2016-10-10,WTI,49.7600
2016-10-11,BRENT,50.4800
2016-10-11,WTI,50.7200
2016-10-12,BRENT,49.5300
2016-10-12,WTI,50.1400
2016-10-13,BRENT,49.2900
2016-10-13,WTI,50.4700
2016-10-14,BRENT,48.8700
2016-10-14,WTI,50.3500
2016-10-17,BRENT,49.3100
2016-10-17,WTI,49.9700
2016-10-18,BRENT,49.8100
2016-10-18,WTI,50.3000
2016-10-19,BRENT,51.8500
2016-10-19,WTI,51.5900
2016-10-20,BRENT,50.4200
2016-10-20,WTI,50.3100
2016-10-21,BRENT,50.2800
2016-10-21,WTI,50.6100
2016-10-24,BRENT,49.8000
2016-10-24,WTI,50.1800
2016-10-25,BRENT,49.0800
2016-10-25,WTI,49.4500
2016-10-26,BRENT,48.9800
2016-10-26,WTI,48.7500
2016-10-27,BRENT,49.1300
2016-10-27,WTI,49.7100
2016-10-28,BRENT,47.7800
2016-10-28,WTI,48.7200
2016-10-31,BRENT,46.2000
2016-10-31,WTI,46.8300
2016-11-01,BRENT,45.7700
2016-11-01,WTI,46.6600
2016-11-02,BRENT,44.2600
2016-11-02,WTI,45.3200
2016-11-03,BRENT,43.8400
2016-11-03,WTI,44.6600
2016-11-04,BRENT,43.0600
2016-11-04,WTI,44.0700
2016-11-07,BRENT,42.8300
2016-11-07,WTI,44.8800
2016-11-08,BRENT,43.4700
2016-11-08,WTI,44.9600
2016-11-09,BRENT,43.8800
2016-11-09,WTI,45.2000
2016-11-10,BRENT,43.6700
2016-11-10,WTI,44.6200
2016-11-11,BRENT,41.6100
2016-11-11,WTI,43.3900
2016-11-14,BRENT,41.8300
2016-11-14,WTI,43.2900
2016-11-15,BRENT,44.1500
2016-11-15,WTI,45.8600
2016-11-16,BRENT,45.0700
2016-11-16,WTI,45.5600
2016-11-17,BRENT,44.5700
2016-11-17,WTI,45.3700
2016-11-18,BRENT,44.4100
2016-11-18,WTI,45.6900
2016-11-21,BRENT,45.9600
2016-11-21,WTI,47.4800
2016-11-22,BRENT,46.1000
2016-11-22,WTI,48.0700
2016-11-23,BRENT,46.5400
2016-11-23,WTI,46.7200
2016-11-25,BRENT,46.3200
2016-11-25,WTI,46.7200
2016-11-28,BRENT,46.6400
2016-11-28,WTI,45.6600
2016-11-29,BRENT,44.6800
2016-11-29,WTI,45.2900
2016-11-30,BRENT,47.9500
2016-11-30,WTI,49.4100
2016-12-01,BRENT,52.2800
2016-12-01,WTI,51.0800
2016-12-02,BRENT,52.3500
2016-12-02,WTI,51.7000
2016-12-05,BRENT,53.3000
2016-12-05,WTI,51.7200
2016-12-06,BRENT,52.3100
2016-12-06,WTI,50.9500
2016-12-07,BRENT,51.9000
2016-12-07,WTI,49.8500
2016-12-08,BRENT,51.6000
2016-12-08,WTI,50.8400
2016-12-09,BRENT,52.1900
2016-12-09,WTI,51.5100
2016-12-12,BRENT,53.9900
2016-12-12,WTI,52.7400
2016-12-13,BRENT,53.2800
2016-12-13,WTI,52.9900
2016-12-14,BRENT,53.1500
2016-12-14,WTI,51.0100
2016-12-15,BRENT,51.7200
2016-12-15,WTI,50.9000
2016-12-16,BRENT,54.1500
2016-12-16,WTI,51.9300
2016-12-19,BRENT,53.5300
2016-12-19,WTI,52.1300
2016-12-20,BRENT,54.5600
2016-12-20,WTI,52.2200
2016-12-21,BRENT,53.0100
2016-12-21,WTI,51.4400
2016-12-22,BRENT,54.0400
2016-12-22,WTI,51.9800
2016-12-23,BRENT,53.9300
2016-12-23,WTI,52.0100
2016-12-28,BRENT,54.9500
2016-12-28,WTI,54.0100
2016-12-29,BRENT,54.9700
2016-12-29,WTI,53.8000
2016-12-30,BRENT,54.9600
2016-12-30,WTI,53.7500
2017-01-03,BRENT,55.0500
2017-01-03,WTI,52.3600
2017-01-04,BRENT,54.5700
2017-01-04,WTI,53.2600
2017-01-05,BRENT,54.9900
2017-01-05,WTI,53.7700
2017-01-06,BRENT,55.9000
2017-01-06,WTI,53.9800
2017-01-09,BRENT,54.3900
2017-01-09,WTI,51.9500
2017-01-10,BRENT,53.2000
2017-01-10,WTI,50.8200
2017-01-11,BRENT,53.6100
2017-01-11,WTI,52.1900
2017-01-12,BRENT,54.5100
2017-01-12,WTI,53.0100
2017-01-13,BRENT,54.3700
2017-01-13,WTI,52.3600
2017-01-17,BRENT,54.6800
2017-01-17,WTI,52.4500
2017-01-18,BRENT,53.7700
2017-01-18,WTI,51.1200
2017-01-19,BRENT,53.1800
2017-01-19,WTI,51.3900
2017-01-20,BRENT,55.0400
2017-01-20,WTI,52.3300
2017-01-23,BRENT,54.8000
2017-01-23,WTI,52.7700
2017-01-24,BRENT,54.7000
2017-01-24,WTI,52.3800
2017-01-25,BRENT,54.3400
2017-01-25,WTI,52.1400
2017-01-26,BRENT,55.8900
2017-01-26,WTI,53.2400
2017-01-27,BRENT,54.8000
2017-01-27,WTI,53.1800
2017-01-30,BRENT,54.7700
2017-01-30,WTI,52.6300
2017-01-31,BRENT,55.2500
2017-01-31,WTI,52.7500
2017-02-01,BRENT,55.7900
2017-02-01,WTI,53.9000
2017-02-02,BRENT,55.9400
2017-02-02,WTI,53.5500
2017-02-03,BRENT,55.9200
2017-02-03,WTI,53.8100
2017-02-06,BRENT,55.0200
2017-02-06,WTI,53.0100
2017-02-07,BRENT,53.7900
2017-02-07,WTI,52.1900
2017-02-08,BRENT,54.4200
2017-02-08,WTI,52.3700
2017-02-09,BRENT,53.9800
2017-02-09,WTI,52.9900
2017-02-10,BRENT,55.2000
2017-02-10,WTI,53.8400
2017-02-13,BRENT,54.1500
2017-02-13,WTI,52.9600
2017-02-14,BRENT,54.9600
2017-02-14,WTI,53.2100
2017-02-15,BRENT,54.5700
2017-02-15,WTI,53.1100
2017-02-16,BRENT,54.1600
2017-02-16,WTI,53.4100
2017-02-17,BRENT,54.4800
2017-02-17,WTI,53.4100
2017-02-21,BRENT,56.3400
2017-02-21,WTI,54.0200
2017-02-22,BRENT,54.9000
2017-02-22,WTI,53.6100
2017-02-23,BRENT,55.8200
2017-02-23,WTI,54.4800
2017-02-24,BRENT,54.6900
2017-02-24,WTI,53.9900
2017-02-27,BRENT,54.6500
2017-02-27,WTI,54.0400
2017-02-28,BRENT,53.3600
2017-02-28,WTI,54.0000
2017-03-01,BRENT,55.7200
2017-03-01,WTI,53.8200
2017-03-02,BRENT,54.1600
2017-03-02,WTI,52.6300
2017-03-03,BRENT,54.1200
2017-03-03,WTI,53.3300
2017-03-06,BRENT,54.7300
2017-03-06,WTI,53.1900
2017-03-07,BRENT,54.6100
2017-03-07,WTI,52.6800
2017-03-08,BRENT,53.3000
2017-03-08,WTI,49.8300
2017-03-09,BRENT,50.6500
2017-03-09,WTI,48.7500
2017-03-10,BRENT,50.6300
2017-03-10,WTI,48.0500
2017-03-13,BRENT,50.1000
2017-03-13,WTI,47.9500
2017-03-14,BRENT,49.6000
2017-03-14,WTI,47.2400
2017-03-15,BRENT,50.6300
2017-03-15,WTI,48.3400
2017-03-16,BRENT,50.5600
2017-03-16,WTI,48.3000
2017-03-17,BRENT,50.5800
2017-03-17,WTI,48.3400
2017-03-20,BRENT,50.6700
2017-03-20,WTI,47.7900
2017-03-21,BRENT,50.1400
2017-03-21,WTI,47.0200
2017-03-22,BRENT,49.5600
2017-03-22,WTI,47.2900
2017-03-23,BRENT,50.1700
2017-03-23,WTI,47.0000
2017-03-24,BRENT,49.9700
2017-03-24,WTI,47.3000
2017-03-27,BRENT,50.1200
2017-03-27,WTI,47.0200
2017-03-28,BRENT,50.7200
2017-03-28,WTI,48.3600
2017-03-29,BRENT,51.3600
2017-03-29,WTI,49.4700
2017-03-30,BRENT,52.2500
2017-03-30,WTI,50.3000
2017-03-31,BRENT,52.2000
2017-03-31,WTI,50.5400
2017-04-03,BRENT,52.0400
2017-04-03,WTI,50.2500
2017-04-04,BRENT,53.0800
2017-04-04,WTI,50.9900
2017-04-05,BRENT,53.4100
2017-04-05,WTI,51.1400
2017-04-06,BRENT,53.6200
2017-04-06,WTI,51.6900
2017-04-07,BRENT,54.2400
2017-04-07,WTI,52.2500
2017-04-10,BRENT,54.7900
2017-04-10,WTI,53.0600
2017-04-11,BRENT,54.7300
2017-04-11,WTI,53.3800
2017-04-12,BRENT,54.7500
2017-04-12,WTI,53.1200
2017-04-13,BRENT,55.0500
2017-04-13,WTI,53.1900
2017-04-17,BRENT,54.7900
2017-04-17,WTI,52.6200
2017-04-18,BRENT,52.6000
2017-04-18,WTI,52.4600
2017-04-19,BRENT,52.4300
2017-04-19,WTI,50.4900
2017-04-20,BRENT,50.6600
2017-04-20,WTI,50.2600
2017-04-21,BRENT,49.9300
2017-04-21,WTI,49.6400
2017-04-24,BRENT,49.4500
2017-04-24,WTI,48.9000
2017-04-25,BRENT,49.3700
2017-04-25,WTI,49.2200
2017-04-26,BRENT,49.9900
2017-04-26,WTI,49.2200
2017-04-27,BRENT,49.4600
2017-04-27,WTI,48.9600
2017-04-28,BRENT,49.4600
2017-04-28,WTI,49.3100
2017-05-01,BRENT,50.4100
2017-05-01,WTI,48.8300
2017-05-02,BRENT,49.3100
2017-05-02,WTI,47.6500
2017-05-03,BRENT,48.8200
2017-05-03,WTI,47.7900
2017-05-04,BRENT,47.5300
2017-05-04,WTI,45.5500
2017-05-05,BRENT,47.4500
2017-05-05,WTI,46.2300
2017-05-08,BRENT,46.6100
2017-05-08,WTI,46.4600
2017-05-09,BRENT,47.0600
2017-05-09,WTI,45.8400
2017-05-10,BRENT,48.0900
2017-05-10,WTI,47.2800
2017-05-11,BRENT,49.1800
2017-05-11,WTI,47.8100
2017-05-12,BRENT,49.0800
2017-05-12,WTI,47.8300
2017-05-15,BRENT,51.2900
2017-05-15,WTI,48.8600
2017-05-16,BRENT,51.2100
2017-05-16,WTI,48.6400
2017-05-17,BRENT,51.7600
2017-05-17,WTI,49.0400
2017-05-18,BRENT,51.7100
2017-05-18,WTI,49.3600
2017-05-19,BRENT,52.7800
2017-05-19,WTI,50.3200
2017-05-22,BRENT,53.3500
2017-05-22,WTI,50.8100
2017-05-23,BRENT,53.1900
2017-05-23,WTI,51.1200
2017-05-24,BRENT,53.2900
2017-05-24,WTI,50.9900
2017-05-25,BRENT,52.2500
2017-05-25,WTI,48.5700
2017-05-26,BRENT,50.8400
2017-05-26,WTI,49.5800
2017-05-30,BRENT,50.6500
2017-05-30,WTI,49.6300
2017-05-31,BRENT,49.4000
2017-05-31,WTI,48.2900
2017-06-01,BRENT,50.4100
2017-06-01,WTI,48.3200
2017-06-02,BRENT,48.4600
2017-06-02,WTI,47.6800
2017-06-05,BRENT,48.2500
2017-06-05,WTI,47.4000
2017-06-06,BRENT,48.1100
2017-06-06,WTI,48.1300
2017-06-07,BRENT,47.0800
2017-06-07,WTI,45.8000
2017-06-08,BRENT,46.3000
2017-06-08,WTI,45.6800
2017-06-09,BRENT,46.6400
2017-06-09,WTI,45.8200
2017-06-12,BRENT,47.1800
2017-06-12,WTI,46.1000
2017-06-13,BRENT,46.9500
2017-06-13,WTI,46.4100
2017-06-14,BRENT,45.4700
2017-06-14,WTI,44.7900
2017-06-15,BRENT,45.6100
2017-06-15,WTI,44.4700
2017-06-16,BRENT,45.7000
2017-06-16,WTI,44.7300
2017-06-19,BRENT,45.9300
2017-06-19,WTI,44.2400
2017-06-20,BRENT,43.9800
2017-06-20,WTI,43.3400
2017-06-21,BRENT,44.6200
2017-06-21,WTI,42.4800
2017-06-22,BRENT,44.4600
2017-06-22,WTI,42.5300
2017-06-23,BRENT,44.1400
2017-06-23,WTI,42.8600
2017-06-26,BRENT,44.0900
2017-06-26,WTI,43.2400
2017-06-27,BRENT,46.1700
2017-06-27,WTI,44.2500
2017-06-28,BRENT,46.4500
2017-06-28,WTI,44.7400
2017-06-29,BRENT,47.0200
2017-06-29,WTI,44.8800
2017-06-30,BRENT,47.0800
2017-06-30,WTI,46.0200
2017-07-05,BRENT,47.5800
2017-07-05,WTI,45.1100
2017-07-06,BRENT,48.5300
2017-07-06,WTI,45.5200
2017-07-07,BRENT,46.4700
2017-07-07,WTI,44.2500
2017-07-10,BRENT,46.5700
2017-07-10,WTI,44.4000
2017-07-11,BRENT,46.6800
2017-07-11,WTI,45.0600
2017-07-12,BRENT,46.7300
2017-07-12,WTI,45.4800
2017-07-13,BRENT,47.6500
2017-07-13,WTI,46.0600
2017-07-14,BRENT,47.8900
2017-07-14,WTI,46.5300
2017-07-17,BRENT,47.6600
2017-07-17,WTI,46.0200
2017-07-18,BRENT,47.9200
2017-07-18,WTI,46.4000
2017-07-19,BRENT,48.3400
2017-07-19,WTI,47.1000
2017-07-20,BRENT,48.5400
2017-07-20,WTI,46.7300
2017-07-21,BRENT,47.4700
2017-07-21,WTI,45.7800
2017-07-24,BRENT,47.8100
2017-07-24,WTI,46.2100
2017-07-25,BRENT,49.1900
2017-07-25,WTI,47.7700
2017-07-26,BRENT,50.0800
2017-07-26,WTI,48.5800
2017-07-27,BRENT,50.6700
2017-07-27,WTI,49.0500
2017-07-28,BRENT,52.0000
2017-07-28,WTI,49.7200
2017-07-31,BRENT,51.9900
2017-07-31,WTI,50.2100
2017-08-01,BRENT,50.7700
2017-08-01,WTI,49.1900
2017-08-02,BRENT,52.0900
2017-08-02,WTI,49.6000
2017-08-03,BRENT,52.8800
2017-08-03,WTI,49.0300
2017-08-04,BRENT,52.4800
2017-08-04,WTI,49.5700
2017-08-07,BRENT,51.4200
2017-08-07,WTI,49.3700
2017-08-08,BRENT,52.1800
2017-08-08,WTI,49.0700
2017-08-09,BRENT,52.1600
2017-08-09,WTI,49.5900
2017-08-10,BRENT,52.5900
2017-08-10,WTI,48.5400
2017-08-11,BRENT,51.4700
2017-08-11,WTI,48.8100
2017-08-14,BRENT,51.2900
2017-08-14,WTI,47.5900
2017-08-15,BRENT,49.9000
2017-08-15,WTI,47.5700
2017-08-16,BRENT,50.3900
2017-08-16,WTI,46.8000
2017-08-17,BRENT,50.3700
2017-08-17,WTI,47.0700
2017-08-18,BRENT,50.9600
2017-08-18,WTI,48.5900
2017-08-21,BRENT,51.9400
2017-08-21,WTI,47.3900
2017-08-22,BRENT,52.2900
2017-08-22,WTI,47.6500
2017-08-23,BRENT,52.3100
2017-08-23,WTI,48.4500
2017-08-24,BRENT,51.7300
2017-08-24,WTI,47.2400
2017-08-25,BRENT,51.8700
2017-08-25,WTI,47.6500
2017-08-28,BRENT,51.8700
2017-08-28,WTI,46.4000
2017-08-29,BRENT,51.6400
2017-08-29,WTI,46.4600
2017-08-30,BRENT,51.9100
2017-08-30,WTI,45.9600
2017-08-31,BRENT,52.6900
2017-08-31,WTI,47.2600
2017-09-01,BRENT,53.1500
2017-09-01,WTI,47.3200
2017-09-05,BRENT,53.6300
2017-09-05,WTI,48.6300
2017-09-06,BRENT,54.4800
2017-09-06,WTI,49.1300
2017-09-07,BRENT,54.1600
2017-09-07,WTI,49.1000
2017-09-08,BRENT,54.5500
2017-09-08,WTI,47.4400
2017-09-11,BRENT,54.2000
2017-09-11,WTI,48.0600
2017-09-12,BRENT,55.0600
2017-09-12,WTI,48.2100
2017-09-13,BRENT,55.5200
2017-09-13,WTI,49.3000
2017-09-14,BRENT,56.7600
2017-09-14,WTI,49.8600
2017-09-15,BRENT,56.1800
2017-09-15,WTI,49.9000
2017-09-18,BRENT,55.5000
2017-09-18,WTI,49.8800
2017-09-19,BRENT,56.5800
2017-09-19,WTI,49.5400
2017-09-20,BRENT,57.2000
2017-09-20,WTI,50.2900
2017-09-21,BRENT,57.7300
2017-09-21,WTI,50.5800
2017-09-22,BRENT,58.1600
2017-09-22,WTI,50.3300
2017-09-25,BRENT,59.4200
2017-09-25,WTI,51.8500
2017-09-26,BRENT,59.7700
2017-09-26,WTI,51.5900
2017-09-27,BRENT,58.7400
2017-09-27,WTI,52.1400
2017-09-28,BRENT,58.8000
2017-09-28,WTI,51.6200
2017-09-29,BRENT,57.0200
2017-09-29,WTI,51.6700
2017-10-02,BRENT,55.6700
2017-10-02,WTI,50.5900
2017-10-03,BRENT,56.1200
2017-10-03,WTI,50.4400
2017-10-04,BRENT,56.0000
2017-10-04,WTI,50.0000
2017-10-05,BRENT,57.0900
2017-10-05,WTI,50.7900
2017-10-06,BRENT,55.5000
2017-10-06,WTI,49.3400
2017-10-09,BRENT,55.2900
2017-10-09,WTI,49.5800
2017-10-10,BRENT,56.6200
2017-10-10,WTI,50.9300
2017-10-11,BRENT,56.1300
2017-10-11,WTI,51.3000
2017-10-12,BRENT,56.1300
2017-10-12,WTI,50.6100
2017-10-13,BRENT,56.8600
2017-10-13,WTI,51.4300
2017-10-16,BRENT,57.4900
2017-10-16,WTI,51.8600
2017-10-17,BRENT,57.6300
2017-10-17,WTI,51.8700
2017-10-18,BRENT,58.0500
2017-10-18,WTI,52.0500
2017-10-19,BRENT,57.8200
2017-10-19,WTI,51.2900
2017-10-20,BRENT,57.8900
2017-10-20,WTI,51.6300
2017-10-23,BRENT,57.6900
2017-10-23,WTI,51.9100
2017-10-24,BRENT,57.8400
2017-10-24,WTI,52.3200
2017-10-25,BRENT,58.4500
2017-10-25,WTI,51.9700
2017-10-26,BRENT,58.7500
2017-10-26,WTI,52.4100
2017-10-27,BRENT,60.1500
2017-10-27,WTI,53.9200
2017-10-30,BRENT,60.6500
2017-10-30,WTI,54.1100
2017-10-31,BRENT,61.3500
2017-10-31,WTI,54.3600
2017-11-01,BRENT,60.9800
2017-11-01,WTI,54.3200
2017-11-02,BRENT,60.7900
2017-11-02,WTI,54.5500
2017-11-03,BRENT,61.4200
2017-11-03,WTI,55.6300
2017-11-06,BRENT,64.2700
2017-11-06,WTI,57.3400
2017-11-07,BRENT,64.3600
2017-11-07,WTI,57.1900
2017-11-08,BRENT,63.9600
2017-11-08,WTI,56.8200
2017-11-09,BRENT,64.4900
2017-11-09,WTI,57.1600
2017-11-10,BRENT,64.3500
2017-11-10,WTI,56.7500
2017-11-13,BRENT,62.9400
2017-11-13,WTI,56.7700
2017-11-14,BRENT,60.9100
2017-11-14,WTI,55.6700
2017-11-15,BRENT,61.2500
2017-11-15,WTI,55.2800
2017-11-16,BRENT,61.1800
2017-11-16,WTI,55.1400
2017-11-17,BRENT,61.3400
2017-11-17,WTI,56.2100
2017-11-20,BRENT,61.3400
2017-11-20,WTI,56.2100
2017-11-21,BRENT,62.2800
2017-11-21,WTI,56.8400
2017-11-22,BRENT,62.9200
2017-11-22,WTI,57.8800
2017-11-24,BRENT,63.5800
2017-11-24,WTI,58.9400
2017-11-27,BRENT,63.2500
2017-11-27,WTI,58.1000
2017-11-28,BRENT,63.5600
2017-11-28,WTI,57.9600
2017-11-29,BRENT,63.7400
2017-11-29,WTI,57.2500
2017-11-30,BRENT,63.5300
2017-11-30,WTI,57.4000
2017-12-01,BRENT,64.5700
2017-12-01,WTI,58.3500
2017-12-04,BRENT,63.4500
2017-12-04,WTI,57.4800
2017-12-05,BRENT,63.4500
2017-12-05,WTI,57.6600
2017-12-06,BRENT,62.2500
2017-12-06,WTI,55.7900
2017-12-07,BRENT,62.3700
2017-12-07,WTI,56.5000
2017-12-08,BRENT,63.8600
2017-12-08,WTI,57.1500
2017-12-11,BRENT,65.6200
2017-12-11,WTI,57.8400
2017-12-12,BRENT,64.9600
2017-12-12,WTI,57.1200
2017-12-13,BRENT,63.6600
2017-12-13,WTI,56.5900
2017-12-14,BRENT,63.7200
2017-12-14,WTI,57.0000
2017-12-15,BRENT,63.8100
2017-12-15,WTI,57.2900
2017-12-18,BRENT,64.4500
2017-12-18,WTI,57.1700
2017-12-19,BRENT,63.6900
2017-12-19,WTI,57.4900
2017-12-20,BRENT,64.4300
2017-12-20,WTI,58.0900
2017-12-21,BRENT,64.6400
2017-12-21,WTI,58.3400
2017-12-22,BRENT,64.6100
2017-12-22,WTI,58.2500
2017-12-27,BRENT,66.0300
2017-12-27,WTI,59.6700
2017-12-28,BRENT,66.8000
2017-12-28,WTI,59.8400
2017-12-29,BRENT,66.7300
2017-12-29,WTI,60.4600
2018-01-02,BRENT,66.6500
2018-01-02,WTI,60.3700
2018-01-03,BRENT,67.8500
2018-01-03,WTI,61.6100
2018-01-04,BRENT,68.7300
2018-01-04,WTI,61.9800
2018-01-05,BRENT,68.0100
2018-01-05,WTI,61.4900
2018-01-08,BRENT,68.4800
2018-01-08,WTI,61.7300
2018-01-09,BRENT,69.0800
2018-01-09,WTI,62.9200
2018-01-10,BRENT,69.7900
2018-01-10,WTI,63.6000
2018-01-11,BRENT,70.3600
2018-01-11,WTI,63.8100
2018-01-12,BRENT,69.6400
2018-01-12,WTI,64.2200
2018-01-16,BRENT,69.4000
2018-01-16,WTI,63.8200
2018-01-17,BRENT,69.1900
2018-01-17,WTI,63.9200
2018-01-18,BRENT,69.4800
2018-01-18,WTI,63.9600
2018-01-19,BRENT,68.5600
2018-01-19,WTI,63.3800
2018-01-22,BRENT,69.3200
2018-01-22,WTI,63.6600
2018-01-23,BRENT,69.8100
2018-01-23,WTI,64.4500
2018-01-24,BRENT,69.9100
2018-01-24,WTI,65.6900
2018-01-25,BRENT,71.0800
2018-01-25,WTI,65.6200
2018-01-26,BRENT,70.0800
2018-01-26,WTI,66.2700
2018-01-29,BRENT,68.4100
2018-01-29,WTI,65.7100
2018-01-30,BRENT,67.7800
2018-01-30,WTI,64.6400
2018-01-31,BRENT,67.7800
2018-01-31,WTI,64.8200
2018-02-01,BRENT,68.6000
2018-02-01,WTI,65.9200
2018-02-02,BRENT,67.4500
2018-02-02,WTI,65.5000
2018-02-05,BRENT,67.6900
2018-02-05,WTI,64.1800
2018-02-06,BRENT,66.7500
2018-02-06,WTI,63.4800
2018-02-07,BRENT,65.7400
2018-02-07,WTI,61.9100
2018-02-08,BRENT,64.2600
2018-02-08,WTI,61.3000
2018-02-09,BRENT,63.0400
2018-02-09,WTI,59.2000
2018-02-12,BRENT,62.2000
2018-02-12,WTI,59.4100
2018-02-13,BRENT,61.9400
2018-02-13,WTI,59.3300
2018-02-14,BRENT,62.2900
2018-02-14,WTI,60.7000
2018-02-15,BRENT,62.8600
2018-02-15,WTI,61.4800
2018-02-16,BRENT,64.3000
2018-02-16,WTI,61.8900
2018-02-20,BRENT,64.6800
2018-02-20,WTI,61.9100
2018-02-21,BRENT,64.8100
2018-02-21,WTI,61.7300
2018-02-22,BRENT,66.1200
2018-02-22,WTI,62.7200
2018-02-23,BRENT,67.0400
2018-02-23,WTI,63.5200
2018-02-26,BRENT,67.9600
2018-02-26,WTI,63.8100
2018-02-27,BRENT,67.5900
2018-02-27,WTI,62.9400
2018-02-28,BRENT,66.0800
2018-02-28,WTI,61.4300
2018-03-01,BRENT,64.2300
2018-03-01,WTI,60.9800
2018-03-02,BRENT,64.2600
2018-03-02,WTI,61.1900
2018-03-05,BRENT,65.7800
2018-03-05,WTI,62.4900
2018-03-06,BRENT,65.6700
2018-03-06,WTI,62.5400
2018-03-07,BRENT,65.0900
2018-03-07,WTI,61.0900
2018-03-08,BRENT,63.8700
2018-03-08,WTI,60.1300
2018-03-09,BRENT,65.1900
2018-03-09,WTI,62.0200
2018-03-12,BRENT,64.5300
2018-03-12,WTI,61.3500
2018-03-13,BRENT,64.2000
2018-03-13,WTI,60.6900
2018-03-14,BRENT,63.6100
2018-03-14,WTI,60.8900
2018-03-15,BRENT,63.6700
2018-03-15,WTI,61.1600
2018-03-16,BRENT,64.6800
2018-03-16,WTI,62.2900
2018-03-19,BRENT,64.8200
2018-03-19,WTI,62.0100
2018-03-20,BRENT,66.0000
2018-03-20,WTI,63.3700
2018-03-21,BRENT,68.1500
2018-03-21,WTI,65.1000
2018-03-22,BRENT,68.9800
2018-03-22,WTI,64.2500
2018-03-23,BRENT,69.0300
2018-03-23,WTI,65.8000
2018-03-26,BRENT,68.8100
2018-03-26,WTI,65.4900
2018-03-27,BRENT,68.6300
2018-03-27,WTI,65.2100
2018-03-28,BRENT,68.1300
2018-03-28,WTI,64.3000
2018-03-29,BRENT,69.0200
2018-03-29,WTI,64.8700
2018-04-03,BRENT,69.0200
2018-04-03,WTI,63.4100
2018-04-04,BRENT,66.0400
2018-04-04,WTI,63.3500
2018-04-05,BRENT,66.5400
2018-04-05,WTI,63.5300
2018-04-06,BRENT,66.5100
2018-04-06,WTI,62.0300
2018-04-09,BRENT,68.1900
2018-04-09,WTI,63.4000
2018-04-10,BRENT,70.6700
2018-04-10,WTI,65.4800
2018-04-11,BRENT,72.7400
2018-04-11,WTI,66.8100
2018-04-12,BRENT,71.4400
2018-04-12,WTI,67.0700
2018-04-13,BRENT,73.1800
2018-04-13,WTI,67.3500
2018-04-16,BRENT,72.0500
2018-04-16,WTI,66.2300
2018-04-17,BRENT,71.7100
2018-04-17,WTI,66.5000
2018-04-18,BRENT,73.7300
2018-04-18,WTI,68.4400
2018-04-19,BRENT,74.8500
2018-04-19,WTI,68.3000
2018-04-20,BRENT,74.6200
2018-04-20,WTI,68.2600
2018-04-23,BRENT,74.5400
2018-04-23,WTI,67.6100
2018-04-24,BRENT,75.8600
2018-04-24,WTI,67.6600
2018-04-25,BRENT,73.7900
2018-04-25,WTI,68.0000
2018-04-26,BRENT,75.3900
2018-04-26,WTI,68.1800
2018-04-27,BRENT,75.3300
2018-04-27,WTI,68.1100
2018-04-30,BRENT,75.9200
2018-04-30,WTI,68.5600
2018-05-01,BRENT,74.8500
2018-05-01,WTI,67.2800
2018-05-02,BRENT,73.1400
2018-05-02,WTI,67.9100
2018-05-03,BRENT,73.4500
2018-05-03,WTI,68.4500
2018-05-04,BRENT,74.7500
2018-05-04,WTI,69.7100
2018-05-08,BRENT,74.1600
2018-05-08,WTI,68.8300
2018-05-09,BRENT,77.6000
2018-05-09,WTI,71.1600
2018-05-10,BRENT,77.5900
2018-05-10,WTI,71.3600
2018-05-11,BRENT,77.3700
2018-05-11,WTI,70.6900
2018-05-14,BRENT,78.1700
2018-05-14,WTI,71.0100
2018-05-15,BRENT,78.9400
2018-05-15,WTI,71.3400
2018-05-16,BRENT,78.1900
2018-05-16,WTI,71.4300
2018-05-17,BRENT,80.0900
2018-05-17,WTI,71.4700
2018-05-18,BRENT,78.3800
2018-05-18,WTI,71.2300
2018-05-21,BRENT,78.3400
2018-05-21,WTI,72.2600
2018-05-22,BRENT,80.4200
2018-05-22,WTI,72.0900
2018-05-23,BRENT,78.6900
2018-05-23,WTI,71.8500
2018-05-24,BRENT,78.9000
2018-05-24,WTI,70.7700
2018-05-25,BRENT,76.6000
2018-05-25,WTI,67.9200
2018-05-29,BRENT,74.5100
2018-05-29,WTI,66.8000
2018-05-30,BRENT,75.8900
2018-05-30,WTI,68.2400
2018-05-31,BRENT,76.4500
2018-05-31,WTI,66.9800
2018-06-01,BRENT,74.5400
2018-06-01,WTI,65.8100
2018-06-04,BRENT,73.4100
2018-06-04,WTI,64.7600
2018-06-05,BRENT,72.9100
2018-06-05,WTI,65.5100
2018-06-06,BRENT,73.2300
2018-06-06,WTI,64.7500
2018-06-07,BRENT,75.2300
2018-06-07,WTI,65.9600
2018-06-08,BRENT,75.1100
2018-06-08,WTI,65.7700
2018-06-11,BRENT,74.5800
2018-06-11,WTI,66.1000
2018-06-12,BRENT,74.8600
2018-06-12,WTI,66.3800
2018-06-13,BRENT,75.0700
2018-06-13,WTI,66.6300
2018-06-14,BRENT,74.7700
2018-06-14,WTI,66.9100
2018-06-15,BRENT,72.0200
2018-06-15,WTI,65.0100
2018-06-18,BRENT,74.8700
2018-06-18,WTI,65.9100
2018-06-19,BRENT,74.9200
2018-06-19,WTI,65.0900
2018-06-20,BRENT,74.2500
2018-06-20,WTI,65.9200
2018-06-21,BRENT,72.8700
2018-06-21,WTI,65.6800
2018-06-22,BRENT,73.6700
2018-06-22,WTI,69.0200
2018-06-25,BRENT,72.8200
2018-06-25,WTI,69.9100
2018-06-26,BRENT,73.5800
2018-06-26,WTI,75.2300
2018-06-27,BRENT,76.0900
2018-06-27,WTI,77.4100
2018-06-28,BRENT,76.2600
2018-06-28,WTI,73.4500
2018-06-29,BRENT,77.4400
2018-06-29,WTI,74.1300
2018-07-02,BRENT,76.7100
2018-07-02,WTI,73.8900
2018-07-03,BRENT,75.8700
2018-07-03,WTI,74.1900
2018-07-05,BRENT,77.0900
2018-07-05,WTI,73.0500
2018-07-06,BRENT,74.9800
2018-07-06,WTI,73.7800
2018-07-09,BRENT,77.0800
2018-07-09,WTI,73.9300
2018-07-10,BRENT,77.8000
2018-07-10,WTI,74.1100
2018-07-11,BRENT,75.3500
2018-07-11,WTI,70.4700
2018-07-12,BRENT,72.1100
2018-07-12,WTI,70.2800
2018-07-13,BRENT,74.1100
2018-07-13,WTI,71.0300
2018-07-16,BRENT,71.0300
2018-07-16,WTI,68.2200
2018-07-17,BRENT,70.8700
2018-07-17,WTI,68.0300
2018-07-18,BRENT,70.5200
2018-07-18,WTI,68.7800
2018-07-19,BRENT,71.9400
2018-07-19,WTI,69.4200
2018-07-20,BRENT,71.9900
2018-07-20,WTI,70.3100
2018-07-23,BRENT,73.4500
2018-07-23,WTI,67.9000
2018-07-24,BRENT,73.5300
2018-07-24,WTI,70.7700
2018-07-25,BRENT,73.6700
2018-07-25,WTI,71.1300
2018-07-26,BRENT,74.5100
2018-07-26,WTI,71.5900
2018-07-27,BRENT,74.8400
2018-07-27,WTI,68.6600
2018-07-30,BRENT,74.9900
2018-07-30,WTI,71.1900
2018-07-31,BRENT,74.1600
2018-07-31,WTI,69.8800
2018-08-01,BRENT,72.2800
2018-08-01,WTI,68.8000
2018-08-02,BRENT,72.9500
2018-08-02,WTI,68.9500
2018-08-03,BRENT,72.4800
2018-08-03,WTI,68.4900
2018-08-06,BRENT,72.5100
2018-08-06,WTI,69.0100
2018-08-07,BRENT,72.3100
2018-08-07,WTI,69.1700
2018-08-08,BRENT,70.7100
2018-08-08,WTI,66.9200
2018-08-09,BRENT,70.5500
2018-08-09,WTI,66.8100
2018-08-10,BRENT,71.0000
2018-08-10,WTI,67.6100
2018-08-13,BRENT,70.6200
2018-08-13,WTI,67.2500
2018-08-14,BRENT,70.7700
2018-08-14,WTI,67.0400
2018-08-15,BRENT,68.3800
2018-08-15,WTI,65.0700
2018-08-16,BRENT,69.2100
2018-08-16,WTI,65.4400
2018-08-17,BRENT,70.1400
2018-08-17,WTI,65.9300
2018-08-20,BRENT,71.1100
2018-08-20,WTI,66.5000
2018-08-21,BRENT,71.6500
2018-08-21,WTI,67.3200
2018-08-22,BRENT,72.9600
2018-08-22,WTI,67.8500
2018-08-23,BRENT,73.7300
2018-08-23,WTI,69.1300
2018-08-24,BRENT,74.4100
2018-08-24,WTI,69.7100
2018-08-27,BRENT,74.4100
2018-08-27,WTI,69.9700
2018-08-28,BRENT,75.9100
2018-08-28,WTI,68.5400
2018-08-29,BRENT,76.0700
2018-08-29,WTI,69.6800
2018-08-30,BRENT,77.0500
2018-08-30,WTI,70.2500
2018-08-31,BRENT,76.9400
2018-08-31,WTI,69.8400
2018-09-04,BRENT,77.5100
2018-09-04,WTI,69.8200
2018-09-05,BRENT,76.6800
2018-09-05,WTI,68.6900
2018-09-06,BRENT,75.6700
2018-09-06,WTI,67.8100
2018-09-07,BRENT,75.5500
2018-09-07,WTI,67.7300
2018-09-10,BRENT,76.7700
2018-09-10,WTI,67.5500
2018-09-11,BRENT,78.2200
2018-09-11,WTI,69.2900
2018-09-12,BRENT,80.0200
2018-09-12,WTI,70.3700
2018-09-13,BRENT,77.6600
2018-09-13,WTI,68.6000
2018-09-14,BRENT,77.8700
2018-09-14,WTI,68.9800
2018-09-17,BRENT,78.2200
2018-09-17,WTI,68.8600
2018-09-18,BRENT,79.2500
2018-09-18,WTI,69.8700
2018-09-19,BRENT,79.4300
2018-09-19,WTI,71.0800
2018-09-20,BRENT,79.0300
2018-09-20,WTI,70.7700
2018-09-21,BRENT,78.9000
2018-09-21,WTI,70.8000
2018-09-24,BRENT,80.8900
2018-09-24,WTI,73.2300
2018-09-25,BRENT,82.2100
2018-09-25,WTI,73.4000
2018-09-26,BRENT,81.8700
2018-09-26,WTI,72.2200
2018-09-27,BRENT,81.5400
2018-09-27,WTI,72.1800
2018-09-28,BRENT,82.7200
2018-09-28,WTI,73.1600
2018-10-01,BRENT,84.9400
2018-10-01,WTI,75.3700
2018-10-02,BRENT,85.6300
2018-10-02,WTI,75.1600
2018-10-03,BRENT,85.4500
2018-10-03,WTI,76.4000
2018-10-04,BRENT,86.0700
2018-10-04,WTI,74.4400
2018-10-05,BRENT,85.1200
2018-10-05,WTI,74.2600
2018-10-08,BRENT,84.2200
2018-10-08,WTI,74.2700
2018-10-09,BRENT,85.1600
2018-10-09,WTI,74.9500
2018-10-10,BRENT,83.8200
2018-10-10,WTI,73.1800
2018-10-11,BRENT,81.3500
2018-10-11,WTI,70.9700
2018-10-12,BRENT,80.7100
2018-10-12,WTI,71.4100
2018-10-15,BRENT,80.9100
2018-10-15,WTI,71.8400
2018-10-16,BRENT,80.5300
2018-10-16,WTI,71.9300
2018-10-17,BRENT,79.9100
2018-10-17,WTI,69.6300
2018-10-18,BRENT,80.3000
2018-10-18,WTI,68.6300
2018-10-19,BRENT,80.3800
2018-10-19,WTI,69.1600
2018-10-22,BRENT,80.4500
2018-10-22,WTI,69.2500
2018-10-23,BRENT,78.6700
2018-10-23,WTI,66.4900
2018-10-24,BRENT,77.3400
2018-10-24,WTI,66.5600
2018-10-25,BRENT,77.3000
2018-10-25,WTI,67.2500
2018-10-26,BRENT,77.4000
2018-10-26,WTI,67.5800
2018-10-29,BRENT,77.5600
2018-10-29,WTI,67.0000
2018-10-30,BRENT,75.6800
2018-10-30,WTI,66.1800
2018-10-31,BRENT,74.8400
2018-10-31,WTI,65.3100
2018-11-01,BRENT,71.2500
2018-11-01,WTI,63.6700
2018-11-02,BRENT,71.1100
2018-11-02,WTI,63.1200
2018-11-05,BRENT,72.6800
2018-11-05,WTI,63.1200
2018-11-06,BRENT,70.6400
2018-11-06,WTI,62.1600
2018-11-07,BRENT,70.1000
2018-11-07,WTI,61.6900
2018-11-08,BRENT,69.2900
2018-11-08,WTI,60.7100
2018-11-09,BRENT,69.0100
2018-11-09,WTI,60.1900
2018-11-12,BRENT,69.8100
2018-11-12,WTI,59.8500
2018-11-13,BRENT,65.4500
2018-11-13,WTI,55.6300
2018-11-14,BRENT,64.8800
2018-11-14,WTI,56.1600
2018-11-15,BRENT,65.6100
2018-11-15,WTI,56.4500
2018-11-16,BRENT,65.2900
2018-11-16,WTI,56.4900
2018-11-19,BRENT,64.1400
2018-11-19,WTI,57.1600
2018-11-20,BRENT,61.5000
2018-11-20,WTI,53.3900
2018-11-21,BRENT,61.6500
2018-11-21,WTI,54.4100
2018-11-26,BRENT,59.7000
2018-11-26,WTI,51.4600
2018-11-27,BRENT,59.5800
2018-11-27,WTI,51.3100
2018-11-28,BRENT,57.9700
2018-11-28,WTI,50.0600
2018-11-29,BRENT,58.2900
2018-11-29,WTI,51.4600
2018-11-30,BRENT,57.7100
2018-11-30,WTI,50.7800
2018-12-03,BRENT,60.1700
2018-12-03,WTI,52.9800
2018-12-04,BRENT,61.2200
2018-12-04,WTI,53.2100
2018-12-05,BRENT,61.4000
2018-12-05,WTI,52.6400
2018-12-06,BRENT,57.8300
2018-12-06,WTI,51.5400
2018-12-07,BRENT,61.7100
2018-12-07,WTI,52.7600
2018-12-10,BRENT,60.2900
2018-12-10,WTI,51.0700
2018-12-11,BRENT,59.7300
2018-12-11,WTI,51.6500
2018-12-12,BRENT,59.9400
2018-12-12,WTI,51.0400
2018-12-13,BRENT,59.0300
2018-12-13,WTI,52.6900
2018-12-14,BRENT,58.5600
2018-12-14,WTI,51.2600
2018-12-17,BRENT,57.5900
2018-12-17,WTI,49.8000
2018-12-18,BRENT,55.2600
2018-12-18,WTI,46.1200
2018-12-19,BRENT,55.6000
2018-12-19,WTI,47.9600
2018-12-20,BRENT,52.8400
2018-12-20,WTI,45.6400
2018-12-21,BRENT,51.9300
2018-12-21,WTI,45.3800
2018-12-27,BRENT,51.4900
2018-12-27,WTI,44.4800
2018-12-28,BRENT,50.5700
2018-12-28,WTI,45.1500
2019-01-02,BRENT,54.0600
2019-01-02,WTI,46.3100
2019-01-03,BRENT,53.2300
2019-01-03,WTI,46.9200
2019-01-04,BRENT,55.6400
2019-01-04,WTI,47.7600
2019-01-07,BRENT,57.1000
2019-01-07,WTI,48.2700
2019-01-08,BRENT,56.9100
2019-01-08,WTI,49.5800
2019-01-09,BRENT,59.4600
2019-01-09,WTI,52.1900
2019-01-10,BRENT,60.4700
2019-01-10,WTI,52.4200
2019-01-11,BRENT,59.2400
2019-01-11,WTI,51.4400
2019-01-14,BRENT,58.8000
2019-01-14,WTI,50.3100
2019-01-15,BRENT,58.6500
2019-01-15,WTI,51.8000
2019-01-16,BRENT,59.8100
2019-01-16,WTI,52.0800
2019-01-17,BRENT,59.8500
2019-01-17,WTI,51.8300
2019-01-18,BRENT,62.0400
2019-01-18,WTI,53.6000
2019-01-22,BRENT,60.9000
2019-01-22,WTI,52.5900
2019-01-23,BRENT,61.0500
2019-01-23,WTI,52.4400
2019-01-24,BRENT,61.0900
2019-01-24,WTI,52.9400
2019-01-25,BRENT,61.4900
2019-01-25,WTI,53.5300
2019-01-28,BRENT,59.7100
2019-01-28,WTI,51.7900
2019-01-29,BRENT,60.9800
2019-01-29,WTI,53.0700
2019-01-30,BRENT,61.8900
2019-01-30,WTI,54.1800
2019-01-31,BRENT,62.4600
2019-01-31,WTI,53.8400
2019-02-01,BRENT,61.8600
2019-02-01,WTI,55.2900
2019-02-04,BRENT,62.2600
2019-02-04,WTI,54.5700
2019-02-05,BRENT,61.6700
2019-02-05,WTI,53.6900
2019-02-06,BRENT,62.2200
2019-02-06,WTI,53.9400
2019-02-07,BRENT,61.0100
2019-02-07,WTI,52.6800
2019-02-08,BRENT,61.3700
2019-02-08,WTI,52.7500
2019-02-11,BRENT,61.3000
2019-02-11,WTI,52.4300
2019-02-12,BRENT,62.5800
2019-02-12,WTI,53.1400
2019-02-13,BRENT,63.2700
2019-02-13,WTI,53.8400
2019-02-14,BRENT,64.0000
2019-02-14,WTI,54.4000
2019-02-15,BRENT,65.6500
2019-02-15,WTI,55.5800
2019-02-19,BRENT,65.8600
2019-02-19,WTI,56.1200
2019-02-20,BRENT,66.8200
2019-02-20,WTI,56.9000
2019-02-21,BRENT,66.9100
2019-02-21,WTI,56.9500
2019-02-22,BRENT,66.9100
2019-02-22,WTI,57.0100
2019-02-25,BRENT,64.0200
2019-02-25,WTI,55.3200
2019-02-26,BRENT,64.5100
2019-02-26,WTI,55.4000
2019-02-27,BRENT,65.5500
2019-02-27,WTI,56.9200
2019-02-28,BRENT,65.0300
2019-02-28,WTI,57.2100
2019-03-01,BRENT,63.7100
2019-03-01,WTI,55.7600
2019-03-04,BRENT,64.4400
2019-03-04,WTI,56.6000
2019-03-05,BRENT,64.2400
2019-03-05,WTI,56.5500
2019-03-06,BRENT,64.5100
2019-03-06,WTI,56.2200
2019-03-07,BRENT,64.8200
2019-03-07,WTI,56.6000
2019-03-08,BRENT,65.6600
2019-03-08,WTI,55.7700
2019-03-11,BRENT,65.0600
2019-03-11,WTI,56.7900
2019-03-12,BRENT,65.3300
2019-03-12,WTI,56.8900
2019-03-13,BRENT,65.8900
2019-03-13,WTI,58.2700
2019-03-14,BRENT,66.1800
2019-03-14,WTI,58.5900
2019-03-15,BRENT,66.1100
2019-03-15,WTI,58.5100
2019-03-18,BRENT,66.6500
2019-03-18,WTI,59.0900
2019-03-19,BRENT,67.1300
2019-03-19,WTI,59.1200
2019-03-20,BRENT,68.3500
2019-03-20,WTI,60.1200
2019-03-21,BRENT,68.3000
2019-03-21,WTI,59.9800
2019-03-22,BRENT,66.2900
2019-03-22,WTI,58.8700
2019-03-25,BRENT,67.3700
2019-03-25,WTI,58.7100
2019-03-26,BRENT,67.5100
2019-03-26,WTI,59.8700
2019-03-27,BRENT,67.3500
2019-03-27,WTI,59.3900
2019-03-28,BRENT,66.0800
2019-03-28,WTI,59.2900
2019-03-29,BRENT,67.9300
2019-03-29,WTI,60.1900
2019-04-01,BRENT,69.0800
2019-04-01,WTI,61.5900
2019-04-02,BRENT,69.6800
2019-04-02,WTI,62.5300
2019-04-03,BRENT,69.2100
2019-04-03,WTI,62.4600
2019-04-04,BRENT,69.8000
2019-04-04,WTI,62.1200
2019-04-05,BRENT,69.9300
2019-04-05,WTI,63.1000
2019-04-08,BRENT,71.1200
2019-04-08,WTI,64.3700
2019-04-09,BRENT,71.0200
2019-04-09,WTI,64.0500
2019-04-10,BRENT,71.6300
2019-04-10,WTI,64.6200
2019-04-11,BRENT,71.3000
2019-04-11,WTI,63.6100
2019-04-12,BRENT,71.5700
2019-04-12,WTI,63.8600
2019-04-15,BRENT,70.9000
2019-04-15,WTI,63.4300
2019-04-16,BRENT,70.7400
2019-04-16,WTI,64.0100
2019-04-17,BRENT,71.1400
2019-04-17,WTI,63.7400
2019-04-18,BRENT,70.7100
2019-04-18,WTI,64.0200
2019-04-22,BRENT,70.7100
2019-04-22,WTI,65.6600
2019-04-23,BRENT,74.3900
2019-04-23,WTI,66.2400
2019-04-24,BRENT,73.5900
2019-04-24,WTI,65.9600
2019-04-25,BRENT,74.9400
2019-04-25,WTI,65.2300
2019-04-26,BRENT,71.0300
2019-04-26,WTI,63.2900
2019-04-29,BRENT,71.2200
2019-04-29,WTI,63.3900
2019-04-30,BRENT,72.1900
2019-04-30,WTI,63.8300
2019-05-01,BRENT,72.0100
2019-05-01,WTI,63.5500
2019-05-02,BRENT,70.5600
2019-05-02,WTI,61.7500
2019-05-03,BRENT,71.9500
2019-05-03,WTI,61.9800
2019-05-06,BRENT,71.9500
2019-05-06,WTI,62.3000
2019-05-07,BRENT,70.9800
2019-05-07,WTI,61.4100
2019-05-08,BRENT,71.0900
2019-05-08,WTI,62.1300
2019-05-09,BRENT,70.6100
2019-05-09,WTI,61.5800
2019-05-10,BRENT,71.6300
2019-05-10,WTI,61.6500
2019-05-13,BRENT,72.3500
2019-05-13,WTI,60.9700
2019-05-14,BRENT,72.5300
2019-05-14,WTI,61.8200
2019-05-15,BRENT,73.0900
2019-05-15,WTI,62.0300
2019-05-16,BRENT,74.7000
2019-05-16,WTI,62.9300
2019-05-17,BRENT,73.9400
2019-05-17,WTI,62.7700
2019-05-20,BRENT,73.2100
2019-05-20,WTI,63.1200
2019-05-21,BRENT,72.9400
2019-05-21,WTI,63.0200
2019-05-22,BRENT,71.9400
2019-05-22,WTI,61.4200
2019-05-23,BRENT,68.3700
2019-05-23,WTI,57.6500
2019-05-24,BRENT,67.9800
2019-05-24,WTI,58.4000
2019-05-28,BRENT,70.1900
2019-05-28,WTI,58.9100
2019-05-29,BRENT,70.6400
2019-05-29,WTI,58.8400
2019-05-30,BRENT,69.5500
2019-05-30,WTI,56.4700
2019-05-31,BRENT,66.7800
2019-05-31,WTI,53.4900
2019-06-03,BRENT,63.1600
2019-06-03,WTI,53.2500
2019-06-04,BRENT,63.5600
2019-06-04,WTI,53.5000
2019-06-05,BRENT,62.1400
2019-06-05,WTI,51.5700
2019-06-06,BRENT,62.7700
2019-06-06,WTI,52.5900
2019-06-07,BRENT,64.1000
2019-06-07,WTI,53.9500
2019-06-10,BRENT,64.3100
2019-06-10,WTI,53.3300
2019-06-11,BRENT,63.5600
2019-06-11,WTI,53.3000
2019-06-12,BRENT,61.6600
2019-06-12,WTI,51.1300
2019-06-13,BRENT,63.2800
2019-06-13,WTI,52.3800
2019-06-14,BRENT,63.1300
2019-06-14,WTI,52.4700
2019-06-17,BRENT,62.5600
2019-06-17,WTI,51.9400
2019-06-18,BRENT,63.3500
2019-06-18,WTI,53.8600
2019-06-19,BRENT,62.8500
2019-06-19,WTI,53.7400
2019-06-20,BRENT,65.4400
2019-06-20,WTI,56.8800
2019-06-21,BRENT,65.9900
2019-06-21,WTI,57.3500
2019-06-24,BRENT,65.1600
2019-06-24,WTI,57.7300
2019-06-25,BRENT,66.2400
2019-06-25,WTI,57.6300
2019-06-26,BRENT,66.8500
2019-06-26,WTI,59.1700
2019-06-27,BRENT,66.7800
2019-06-27,WTI,59.1800
2019-06-28,BRENT,67.5200
2019-06-28,WTI,58.2000
2019-07-01,BRENT,65.1000
2019-07-01,WTI,58.9100
2019-07-02,BRENT,62.7200
2019-07-02,WTI,56.0000
2019-07-03,BRENT,63.5300
2019-07-03,WTI,57.0600
2019-07-08,BRENT,64.8900
2019-07-08,WTI,57.3500
2019-07-09,BRENT,64.3000
2019-07-09,WTI,57.5700
2019-07-10,BRENT,66.4100
2019-07-10,WTI,60.2800
2019-07-11,BRENT,67.6400
2019-07-11,WTI,59.9300
2019-07-12,BRENT,66.6500
2019-07-12,WTI,59.9900
2019-07-15,BRENT,66.8600
2019-07-15,WTI,59.3000
2019-07-16,BRENT,65.8700
2019-07-16,WTI,57.4400
2019-07-17,BRENT,63.6700
2019-07-17,WTI,56.5000
2019-07-18,BRENT,60.7000
2019-07-18,WTI,55.0800
2019-07-19,BRENT,61.0400
2019-07-19,WTI,55.4200
2019-07-22,BRENT,61.9600
2019-07-22,WTI,55.8700
2019-07-23,BRENT,62.2800
2019-07-23,WTI,56.5800
2019-07-24,BRENT,63.8300
2019-07-24,WTI,55.9000
2019-07-25,BRENT,63.4700
2019-07-25,WTI,55.8800
2019-07-26,BRENT,62.4600
2019-07-26,WTI,56.0400
2019-07-29,BRENT,62.2900
2019-07-29,WTI,56.8500
2019-07-30,BRENT,62.5500
2019-07-30,WTI,58.0400
2019-07-31,BRENT,64.0700
2019-07-31,WTI,58.5300
2019-08-01,BRENT,62.9000
2019-08-01,WTI,53.6400
2019-08-02,BRENT,61.1200
2019-08-02,WTI,55.6700
2019-08-05,BRENT,59.3200
2019-08-05,WTI,54.6300
2019-08-06,BRENT,58.6300
2019-08-06,WTI,53.6000
2019-08-07,BRENT,55.0300
2019-08-07,WTI,51.1400
2019-08-08,BRENT,56.2900
2019-08-08,WTI,52.6000
2019-08-09,BRENT,57.3700
2019-08-09,WTI,54.4100
2019-08-12,BRENT,57.1300
2019-08-12,WTI,54.9800
2019-08-13,BRENT,59.9000
2019-08-13,WTI,57.0500
2019-08-14,BRENT,57.8600
2019-08-14,WTI,55.1600
2019-08-15,BRENT,57.3700
2019-08-15,WTI,54.5100
2019-08-16,BRENT,59.0000
2019-08-16,WTI,54.8300
2019-08-19,BRENT,59.7900
2019-08-19,WTI,56.2400
2019-08-20,BRENT,59.0300
2019-08-20,WTI,56.1800
2019-08-21,BRENT,60.6000
2019-08-21,WTI,55.6500
2019-08-22,BRENT,59.8100
2019-08-22,WTI,55.3300
2019-08-23,BRENT,58.6400
2019-08-23,WTI,54.0800
2019-08-26,BRENT,58.6400
2019-08-26,WTI,53.5400
2019-08-27,BRENT,58.4400
2019-08-27,WTI,54.9900
2019-08-28,BRENT,60.4200
2019-08-28,WTI,55.7600
2019-08-29,BRENT,60.5900
2019-08-29,WTI,56.6700
2019-08-30,BRENT,61.0400
2019-08-30,WTI,55.0700
2019-09-03,BRENT,57.9300
2019-09-03,WTI,53.9100
2019-09-04,BRENT,60.6800
2019-09-04,WTI,56.2200
2019-09-05,BRENT,62.7000
2019-09-05,WTI,56.3300
2019-09-06,BRENT,61.2800
2019-09-06,WTI,56.4500
2019-09-09,BRENT,63.9900
2019-09-09,WTI,57.8800
2019-09-10,BRENT,64.6700
2019-09-10,WTI,57.3700
2019-09-11,BRENT,63.0200
2019-09-11,WTI,55.6600
2019-09-12,BRENT,60.7600
2019-09-12,WTI,55.1300
2019-09-13,BRENT,61.2500
2019-09-13,WTI,54.7600
2019-09-16,BRENT,68.4200
2019-09-16,WTI,63.1000
2019-09-17,BRENT,65.5900
2019-09-17,WTI,59.2600
2019-09-18,BRENT,64.2900
2019-09-18,WTI,58.1900
2019-09-19,BRENT,64.2500
2019-09-19,WTI,58.1900
2019-09-20,BRENT,65.2300
2019-09-20,WTI,57.9200
2019-09-23,BRENT,64.6600
2019-09-23,WTI,58.6900
2019-09-24,BRENT,64.1300
2019-09-24,WTI,57.2200
2019-09-25,BRENT,62.4100
2019-09-25,WTI,56.3800
2019-09-26,BRENT,62.0800
2019-09-26,WTI,56.2400
2019-09-27,BRENT,62.4800
2019-09-27,WTI,55.9500
2019-09-30,BRENT,60.9900
2019-09-30,WTI,54.0900
2019-10-01,BRENT,60.0600
2019-10-01,WTI,53.6000
2019-10-02,BRENT,57.9200
2019-10-02,WTI,52.6700
2019-10-03,BRENT,58.0100
2019-10-03,WTI,52.4100
2019-10-04,BRENT,59.1300
2019-10-04,WTI,52.8400
2019-10-07,BRENT,59.4600
2019-10-07,WTI,52.7600
2019-10-08,BRENT,58.1400
2019-10-08,WTI,52.6400
2019-10-09,BRENT,59.7000
2019-10-09,WTI,52.6300
2019-10-10,BRENT,59.0800
2019-10-10,WTI,53.5700
2019-10-11,BRENT,60.5900
2019-10-11,WTI,54.7600
2019-10-14,BRENT,58.8100
2019-10-14,WTI,53.5700
2019-10-15,BRENT,59.1900
2019-10-15,WTI,52.8100
2019-10-16,BRENT,59.3000
2019-10-16,WTI,53.4200
2019-10-17,BRENT,59.3500
2019-10-17,WTI,53.8900
2019-10-18,BRENT,59.9600
2019-10-18,WTI,53.7500
2019-10-21,BRENT,58.9500
2019-10-21,WTI,53.2800
2019-10-22,BRENT,60.5000
2019-10-22,WTI,54.2100
2019-10-23,BRENT,60.5200
2019-10-23,WTI,55.9000
2019-10-24,BRENT,61.7100
2019-10-24,WTI,56.1100
2019-10-25,BRENT,62.0600
2019-10-25,WTI,56.5200
2019-10-28,BRENT,60.3900
2019-10-28,WTI,55.6000
2019-10-29,BRENT,61.0500
2019-10-29,WTI,55.3400
2019-10-30,BRENT,60.2200
2019-10-30,WTI,54.8500
2019-10-31,BRENT,59.3000
2019-10-31,WTI,54.0200
2019-11-01,BRENT,60.1700
2019-11-01,WTI,56.0400
2019-11-04,BRENT,62.5200
2019-11-04,WTI,56.3300
2019-11-05,BRENT,62.7200
2019-11-05,WTI,57.0400
2019-11-06,BRENT,62.1100
2019-11-06,WTI,56.1500
2019-11-07,BRENT,62.6000
2019-11-07,WTI,56.9100
2019-11-08,BRENT,62.0000
2019-11-08,WTI,57.0200
2019-11-12,BRENT,62.1900
2019-11-12,WTI,56.6700
2019-11-13,BRENT,62.2700
2019-11-13,WTI,56.8800
2019-11-14,BRENT,62.4600
2019-11-14,WTI,56.5700
2019-11-15,BRENT,63.3200
2019-11-15,WTI,57.5400
2019-11-18,BRENT,62.8200
2019-11-18,WTI,56.8200
2019-11-19,BRENT,62.3700
2019-11-19,WTI,54.9300
2019-11-20,BRENT,63.8000
2019-11-20,WTI,56.7100
2019-11-21,BRENT,64.9900
2019-11-21,WTI,58.3600
2019-11-22,BRENT,64.8300
2019-11-22,WTI,57.6800
2019-11-25,BRENT,64.6700
2019-11-25,WTI,57.7900
2019-11-26,BRENT,64.8200
2019-11-26,WTI,58.2500
2019-11-27,BRENT,65.0300
2019-11-27,WTI,58.1200
2019-11-29,BRENT,64.5000
2019-11-29,WTI,58.1200
2019-12-02,BRENT,63.2000
2019-12-02,WTI,55.9700
2019-12-03,BRENT,62.9500
2019-12-03,WTI,56.1500
2019-12-04,BRENT,65.2500
2019-12-04,WTI,58.4600
2019-12-05,BRENT,65.6700
2019-12-05,WTI,58.4200
2019-12-06,BRENT,66.5000
2019-12-06,WTI,59.2000
2019-12-09,BRENT,66.4400
2019-12-09,WTI,58.9900
2019-12-10,BRENT,66.5700
2019-12-10,WTI,59.2200
2019-12-11,BRENT,65.3700
2019-12-11,WTI,58.7400
2019-12-12,BRENT,66.6700
2019-12-12,WTI,59.1800
2019-12-13,BRENT,67.4400
2019-12-13,WTI,60.1100
2019-12-16,BRENT,68.0400
2019-12-16,WTI,60.2100
2019-12-17,BRENT,68.9900
2019-12-17,WTI,60.8800
2019-12-18,BRENT,69.1200
2019-12-18,WTI,60.9300
2019-12-19,BRENT,69.7000
2019-12-19,WTI,61.3000
2019-12-20,BRENT,68.6600
2019-12-20,WTI,60.4300
2019-12-23,BRENT,67.4900
2019-12-23,WTI,60.5100
2019-12-24,BRENT,69.2600
2019-12-24,WTI,61.1700
2019-12-26,BRENT,69.2600
2019-12-26,WTI,61.7200
2019-12-27,BRENT,68.9100
2019-12-27,WTI,61.7600
2019-12-30,BRENT,68.3000
2019-12-30,WTI,61.6600
2019-12-31,BRENT,67.7700
2019-12-31,WTI,61.1400
2020-01-02,BRENT,67.0500
2020-01-02,WTI,61.1700
2020-01-03,BRENT,69.0800
2020-01-03,WTI,63.0000
2020-01-06,BRENT,70.2500
2020-01-06,WTI,63.2700
2020-01-07,BRENT,68.7400
2020-01-07,WTI,62.7000
2020-01-08,BRENT,67.3100
2020-01-08,WTI,59.6500
2020-01-09,BRENT,66.5800
2020-01-09,WTI,59.5600
2020-01-10,BRENT,66.7700
2020-01-10,WTI,59.0200
2020-01-13,BRENT,64.1400
2020-01-13,WTI,58.1700
2020-01-14,BRENT,64.4500
2020-01-14,WTI,58.3400
2020-01-15,BRENT,63.2900
2020-01-15,WTI,57.8600
2020-01-16,BRENT,64.6300
2020-01-16,WTI,58.5200
2020-01-17,BRENT,64.0500
2020-01-17,WTI,58.5500
2020-01-21,BRENT,63.6600
2020-01-21,WTI,58.2500
2020-01-22,BRENT,62.1100
2020-01-22,WTI,56.7600
2020-01-23,BRENT,61.2600
2020-01-23,WTI,55.5100
2020-01-24,BRENT,59.3400
2020-01-24,WTI,54.0900
2020-01-27,BRENT,58.5400
2020-01-27,WTI,53.0900
2020-01-28,BRENT,59.3700
2020-01-28,WTI,53.3300
2020-01-29,BRENT,59.4600
2020-01-29,WTI,53.2900
2020-01-30,BRENT,57.7200
2020-01-30,WTI,52.1900
2020-01-31,BRENT,57.7700
2020-01-31,WTI,51.5800
2020-02-03,BRENT,54.0000
2020-02-03,WTI,50.0600
2020-02-04,BRENT,53.9000
2020-02-04,WTI,49.5900
2020-02-05,BRENT,55.3600
2020-02-05,WTI,50.8700
2020-02-06,BRENT,55.1800
2020-02-06,WTI,50.9400
2020-02-07,BRENT,54.5300
2020-02-07,WTI,50.3400
2020-02-10,BRENT,53.3900
2020-02-10,WTI,49.5900
2020-02-11,BRENT,54.0000
2020-02-11,WTI,50.0000
2020-02-12,BRENT,55.5400
2020-02-12,WTI,51.1300
2020-02-13,BRENT,56.3400
2020-02-13,WTI,51.4100
2020-02-14,BRENT,57.3700
2020-02-14,WTI,52.0300
2020-02-18,BRENT,57.3500
2020-02-18,WTI,52.1000
2020-02-19,BRENT,59.7200
2020-02-19,WTI,53.3100
2020-02-20,BRENT,59.5700
2020-02-20,WTI,53.7700
2020-02-21,BRENT,58.6000
2020-02-21,WTI,53.3600
2020-02-24,BRENT,56.7100
2020-02-24,WTI,51.3600
2020-02-25,BRENT,55.2900
2020-02-25,WTI,49.7800
2020-02-26,BRENT,54.9600
2020-02-26,WTI,48.6700
2020-02-27,BRENT,52.1900
2020-02-27,WTI,47.1700
2020-02-28,BRENT,51.3100
2020-02-28,WTI,44.8300
2020-03-02,BRENT,52.5200
2020-03-02,WTI,46.7800
2020-03-03,BRENT,52.2400
2020-03-03,WTI,47.2700
2020-03-04,BRENT,51.8600
2020-03-04,WTI,46.7800
2020-03-05,BRENT,51.2900
2020-03-05,WTI,45.9000
2020-03-06,BRENT,45.6000
2020-03-06,WTI,41.1400
2020-03-09,BRENT,35.3300
2020-03-09,WTI,31.0500
2020-03-10,BRENT,35.5700
2020-03-10,WTI,34.4700
2020-03-11,BRENT,34.4500
2020-03-11,WTI,33.1300
2020-03-12,BRENT,31.0200
2020-03-12,WTI,31.5600
2020-03-13,BRENT,32.2500
2020-03-13,WTI,31.7200
2020-03-16,BRENT,27.9800
2020-03-16,WTI,28.9600
2020-03-17,BRENT,27.9700
2020-03-17,WTI,26.9600
2020-03-18,BRENT,22.7900
2020-03-18,WTI,20.4800
2020-03-19,BRENT,23.9800
2020-03-19,WTI,25.0900
2020-03-20,BRENT,25.5500
2020-03-20,WTI,19.4800
2020-03-23,BRENT,23.7500
2020-03-23,WTI,23.3300
2020-03-24,BRENT,24.5000
2020-03-24,WTI,21.0300
2020-03-25,BRENT,25.6200
2020-03-25,WTI,20.7500
2020-03-26,BRENT,23.5500
2020-03-26,WTI,16.6000
2020-03-27,BRENT,22.3900
2020-03-27,WTI,15.4800
2020-03-30,BRENT,19.1900
2020-03-30,WTI,14.1000
2020-03-31,BRENT,14.8500
2020-03-31,WTI,20.5100
2020-04-01,BRENT,14.9700
2020-04-01,WTI,20.2800
2020-04-02,BRENT,20.2400
2020-04-02,WTI,25.1800
2020-04-03,BRENT,24.3300
2020-04-03,WTI,28.3600
2020-04-06,BRENT,22.5800
2020-04-06,WTI,26.2100
2020-04-07,BRENT,22.1000
2020-04-07,WTI,23.5400
2020-04-08,BRENT,25.2200
2020-04-08,WTI,24.9700
2020-04-09,BRENT,20.2300
2020-04-09,WTI,22.9000
2020-04-14,BRENT,21.7400
2020-04-14,WTI,20.1500
2020-04-15,BRENT,19.8000
2020-04-15,WTI,19.9600
2020-04-16,BRENT,18.6900
2020-04-16,WTI,19.8200
2020-04-17,BRENT,19.7500
2020-04-17,WTI,18.3100
2020-04-20,BRENT,17.3600
2020-04-20,WTI,-36.9800
2020-04-21,BRENT,9.1200
2020-04-21,WTI,8.9100
2020-04-22,BRENT,13.7700
2020-04-22,WTI,13.6400
2020-04-23,BRENT,15.0600
2020-04-23,WTI,15.0600
2020-04-24,BRENT,15.8700
2020-04-24,WTI,15.9900
2020-04-27,BRENT,15.1700
2020-04-27,WTI,12.1700
2020-04-28,BRENT,15.6000
2020-04-28,WTI,12.4000
2020-04-29,BRENT,17.8600
2020-04-29,WTI,15.0400
2020-04-30,BRENT,18.1100
2020-04-30,WTI,19.2300
2020-05-01,BRENT,18.4900
2020-05-01,WTI,19.7200
2020-05-04,BRENT,20.4000
2020-05-04,WTI,20.4700
2020-05-05,BRENT,25.4600
2020-05-05,WTI,24.5600
2020-05-06,BRENT,24.2000
2020-05-06,WTI,23.8800
2020-05-07,BRENT,24.2300
2020-05-07,WTI,23.6800
2020-05-11,BRENT,25.5300
2020-05-11,WTI,24.0200
2020-05-12,BRENT,26.6700
2020-05-12,WTI,25.7600
2020-05-13,BRENT,27.8900
2020-05-13,WTI,25.3700
2020-05-14,BRENT,29.8700
2020-05-14,WTI,27.4000
2020-05-15,BRENT,30.9500
2020-05-15,WTI,29.4400
2020-05-18,BRENT,33.3000
2020-05-18,WTI,31.8300
2020-05-19,BRENT,33.0600
2020-05-19,WTI,32.3000
2020-05-20,BRENT,34.7600
2020-05-20,WTI,33.5600
2020-05-21,BRENT,34.7800
2020-05-21,WTI,34.3000
2020-05-22,BRENT,33.8000
2020-05-22,WTI,33.4900
2020-05-26,BRENT,33.9500
2020-05-26,WTI,34.7000
2020-05-27,BRENT,32.7300
2020-05-27,WTI,32.8000
2020-05-28,BRENT,33.9800
2020-05-28,WTI,33.6700
2020-05-29,BRENT,34.1500
2020-05-29,WTI,35.5700
2020-06-01,BRENT,36.7400
2020-06-01,WTI,35.4900
2020-06-02,BRENT,37.7200
2020-06-02,WTI,36.8800
2020-06-03,BRENT,37.9800
2020-06-03,WTI,37.3300
2020-06-04,BRENT,38.4100
2020-06-04,WTI,37.4200
2020-06-05,BRENT,41.0000
2020-06-05,WTI,39.4900
2020-06-08,BRENT,39.6600
2020-06-08,WTI,38.1700
2020-06-09,BRENT,40.4500
2020-06-09,WTI,38.9800
2020-06-10,BRENT,41.1800
2020-06-10,WTI,39.5400
2020-06-11,BRENT,37.7600
2020-06-11,WTI,36.4300
2020-06-12,BRENT,38.5400
2020-06-12,WTI,36.2400
2020-06-15,BRENT,39.4400
2020-06-15,WTI,37.0700
2020-06-16,BRENT,40.7500
2020-06-16,WTI,38.2600
2020-06-17,BRENT,40.4700
2020-06-17,WTI,37.9100
2020-06-18,BRENT,41.7500
2020-06-18,WTI,38.7900
2020-06-19,BRENT,42.3300
2020-06-19,WTI,39.7200
2020-06-22,BRENT,43.2000
2020-06-22,WTI,40.6000
2020-06-23,BRENT,42.7200
2020-06-23,WTI,40.4000
2020-06-24,BRENT,40.4000
2020-06-24,WTI,37.9100
2020-06-25,BRENT,41.1800
2020-06-25,WTI,38.6600
2020-06-26,BRENT,40.9700
2020-06-26,WTI,38.5300
2020-06-29,BRENT,41.5800
2020-06-29,WTI,39.6700
2020-06-30,BRENT,41.6400
2020-06-30,WTI,39.2700
2020-07-01,BRENT,42.1800
2020-07-01,WTI,39.8800
2020-07-02,BRENT,43.1900
2020-07-02,WTI,40.5700
2020-07-06,BRENT,42.7300
2020-07-06,WTI,40.5100
2020-07-07,BRENT,43.2800
2020-07-07,WTI,40.5900
2020-07-08,BRENT,43.6700
2020-07-08,WTI,40.9100
2020-07-09,BRENT,42.3500
2020-07-09,WTI,39.6400
2020-07-10,BRENT,43.2700
2020-07-10,WTI,40.5600
2020-07-13,BRENT,42.8500
2020-07-13,WTI,40.0600
2020-07-14,BRENT,42.9700
2020-07-14,WTI,40.3000
2020-07-15,BRENT,43.9600
2020-07-15,WTI,41.2000
2020-07-16,BRENT,43.7100
2020-07-16,WTI,40.7400
2020-07-17,BRENT,43.5300
2020-07-17,WTI,40.5500
2020-07-20,BRENT,43.3000
2020-07-20,WTI,40.8300
2020-07-21,BRENT,44.3100
2020-07-21,WTI,41.7600
2020-07-22,BRENT,43.9800
2020-07-22,WTI,41.8800
2020-07-23,BRENT,42.9600
2020-07-23,WTI,40.9900
2020-07-24,BRENT,43.2900
2020-07-24,WTI,41.2300
2020-07-27,BRENT,43.3900
2020-07-27,WTI,41.4600
2020-07-28,BRENT,43.1100
2020-07-28,WTI,40.8900
2020-07-29,BRENT,43.5100
2020-07-29,WTI,41.1300
2020-07-30,BRENT,42.9800
2020-07-30,WTI,39.8500
2020-07-31,BRENT,43.1300
2020-07-31,WTI,40.1000
2020-08-03,BRENT,43.7600
2020-08-03,WTI,40.8300
2020-08-04,BRENT,43.9900
2020-08-04,WTI,41.6700
2020-08-05,BRENT,44.9200
2020-08-05,WTI,42.2500
2020-08-06,BRENT,45.0400
2020-08-06,WTI,41.9300
2020-08-07,BRENT,44.0700
2020-08-07,WTI,41.1600
2020-08-10,BRENT,44.1900
2020-08-10,WTI,41.9400
2020-08-11,BRENT,43.6800
2020-08-11,WTI,41.5300
2020-08-12,BRENT,45.0900
2020-08-12,WTI,42.6000
2020-08-13,BRENT,44.8700
2020-08-13,WTI,42.2600
2020-08-14,BRENT,44.8600
2020-08-14,WTI,42.0500
2020-08-17,BRENT,44.9100
2020-08-17,WTI,42.8900
2020-08-18,BRENT,45.3400
2020-08-18,WTI,42.8900
2020-08-19,BRENT,45.2100
2020-08-19,WTI,42.9100
2020-08-20,BRENT,44.5600
2020-08-20,WTI,42.6200
2020-08-21,BRENT,43.9400
2020-08-21,WTI,42.3200
2020-08-24,BRENT,44.4300
2020-08-24,WTI,42.4400
2020-08-25,BRENT,46.0100
2020-08-25,WTI,43.1700
2020-08-26,BRENT,45.7900
2020-08-26,WTI,43.2100
2020-08-27,BRENT,44.8400
2020-08-27,WTI,42.8800
2020-08-28,BRENT,45.2200
2020-08-28,WTI,42.9600
2020-09-01,BRENT,45.7200
2020-09-01,WTI,42.7600
2020-09-02,BRENT,42.7000
2020-09-02,WTI,42.7600
2020-09-03,BRENT,42.7200
2020-09-03,WTI,41.3900
2020-09-04,BRENT,41.1000
2020-09-04,WTI,39.6900
2020-09-08,BRENT,38.5300
2020-09-08,WTI,36.8700
2020-09-09,BRENT,39.9800
2020-09-09,WTI,38.0500
2020-09-10,BRENT,39.2700
2020-09-10,WTI,37.2500
2020-09-11,BRENT,38.8000
2020-09-11,WTI,37.3300
2020-09-14,BRENT,38.5700
2020-09-14,WTI,37.2300
2020-09-15,BRENT,39.5400
2020-09-15,WTI,38.2900
2020-09-16,BRENT,41.2300
2020-09-16,WTI,40.1700
2020-09-17,BRENT,42.3500
2020-09-17,WTI,40.9900
2020-09-18,BRENT,42.1600
2020-09-18,WTI,41.0900
2020-09-21,BRENT,40.3700
2020-09-21,WTI,39.2600
2020-09-22,BRENT,40.8400
2020-09-22,WTI,39.5500
2020-09-23,BRENT,41.0900
2020-09-23,WTI,39.9200
2020-09-24,BRENT,41.2400
2020-09-24,WTI,40.1100
2020-09-25,BRENT,40.9100
2020-09-25,WTI,40.0600
2020-09-28,BRENT,41.5900
2020-09-28,WTI,40.4700
2020-09-29,BRENT,40.3300
2020-09-29,WTI,39.0300
2020-09-30,BRENT,40.3000
2020-09-30,WTI,40.0500
2020-10-01,BRENT,39.7500
2020-10-01,WTI,38.5100
2020-10-02,BRENT,38.0000
2020-10-02,WTI,36.9000
2020-10-05,BRENT,39.7800
2020-10-05,WTI,39.1200
2020-10-06,BRENT,41.2700
2020-10-06,WTI,40.5200
2020-10-07,BRENT,40.6200
2020-10-07,WTI,39.8200
2020-10-08,BRENT,42.0000
2020-10-08,WTI,41.0400
2020-10-09,BRENT,41.6300
2020-10-09,WTI,40.4400
2020-10-12,BRENT,40.5000
2020-10-12,WTI,39.2200
2020-10-13,BRENT,41.3400
2020-10-13,WTI,40.0300
2020-10-14,BRENT,41.8100
2020-10-14,WTI,40.8600
2020-10-15,BRENT,41.6100
2020-10-15,WTI,40.8400
2020-10-16,BRENT,41.3400
2020-10-16,WTI,40.7000
2020-10-19,BRENT,41.2900
2020-10-19,WTI,40.6900
2020-10-20,BRENT,41.6200
2020-10-20,WTI,41.3700
2020-10-21,BRENT,40.0900
2020-10-21,WTI,39.8800
2020-10-22,BRENT,41.2800
2020-10-22,WTI,40.4600
2020-10-23,BRENT,40.7100
2020-10-23,WTI,39.7300
2020-10-26,BRENT,39.0600
2020-10-26,WTI,38.3900
2020-10-27,BRENT,39.7200
2020-10-27,WTI,39.3400
2020-10-28,BRENT,37.8600
2020-10-28,WTI,37.2700
2020-10-29,BRENT,36.5600
2020-10-29,WTI,35.9400
2020-10-30,BRENT,36.3300
2020-10-30,WTI,35.6400
2020-11-02,BRENT,37.7800
2020-11-02,WTI,36.6000
2020-11-03,BRENT,38.1700
2020-11-03,WTI,37.4400
2020-11-04,BRENT,39.6800
2020-11-04,WTI,38.9700
2020-11-05,BRENT,39.4700
2020-11-05,WTI,38.5600
2020-11-06,BRENT,38.0800
2020-11-06,WTI,36.9700
2020-11-09,BRENT,40.9300
2020-11-09,WTI,40.0500
2020-11-10,BRENT,42.2500
2020-11-10,WTI,41.1800
2020-11-11,BRENT,42.5000
2020-11-11,WTI,41.2300
2020-11-12,BRENT,42.1600
2020-11-12,WTI,40.9000
2020-11-13,BRENT,41.5100
2020-11-13,WTI,39.9300
2020-11-16,BRENT,42.7100
2020-11-16,WTI,41.1400
2020-11-17,BRENT,42.5400
2020-11-17,WTI,41.2400
2020-11-18,BRENT,42.9100
2020-11-18,WTI,41.6400
2020-11-19,BRENT,43.0900
2020-11-19,WTI,41.5700
2020-11-20,BRENT,43.7900
2020-11-20,WTI,41.9900
2020-11-23,BRENT,45.0000
2020-11-23,WTI,42.9100
2020-11-24,BRENT,46.6300
2020-11-24,WTI,44.7100
2020-11-25,BRENT,47.3000
2020-11-25,WTI,45.5800
2020-11-30,BRENT,46.8400
2020-11-30,WTI,45.2000
2020-12-01,BRENT,47.0300
2020-12-01,WTI,44.5400
2020-12-02,BRENT,47.8000
2020-12-02,WTI,45.2300
2020-12-03,BRENT,48.3700
2020-12-03,WTI,45.6500
2020-12-04,BRENT,49.1000
2020-12-04,WTI,46.2300
2020-12-07,BRENT,48.6300
2020-12-07,WTI,45.7200
2020-12-08,BRENT,48.8400
2020-12-08,WTI,45.6400
2020-12-09,BRENT,48.8100
2020-12-09,WTI,45.4800
2020-12-10,BRENT,50.3300
2020-12-10,WTI,46.7600
2020-12-11,BRENT,50.0100
2020-12-11,WTI,46.5900
2020-12-14,BRENT,50.2700
2020-12-14,WTI,47.0200
2020-12-15,BRENT,50.7700
2020-12-15,WTI,47.5800
2020-12-16,BRENT,50.8300
2020-12-16,WTI,47.8600
2020-12-17,BRENT,51.2000
2020-12-17,WTI,48.3400
2020-12-18,BRENT,52.1700
2020-12-18,WTI,49.0400
2020-12-21,BRENT,50.6100
2020-12-21,WTI,47.7900
2020-12-22,BRENT,49.8800
2020-12-22,WTI,47.0200
2020-12-23,BRENT,51.0500
2020-12-23,WTI,47.9400
2020-12-24,BRENT,50.8800
2020-12-24,WTI,48.1800
2020-12-28,BRENT,50.8800
2020-12-28,WTI,47.5000
2020-12-29,BRENT,50.4400
2020-12-29,WTI,47.8500
2020-12-30,BRENT,50.7400
2020-12-30,WTI,48.2400
2020-12-31,BRENT,51.2200
2020-12-31,WTI,48.3500
2021-01-04,BRENT,50.3700
2021-01-04,WTI,47.4700
2021-01-05,BRENT,53.1600
2021-01-05,WTI,49.7800
2021-01-06,BRENT,53.8000
2021-01-06,WTI,50.4500
2021-01-07,BRENT,53.7000
2021-01-07,WTI,50.6300
2021-01-08,BRENT,55.5100
2021-01-08,WTI,52.1400
2021-01-11,BRENT,54.8400
2021-01-11,WTI,52.1500
2021-01-12,BRENT,55.9800
2021-01-12,WTI,53.0800
2021-01-13,BRENT,55.5200
2021-01-13,WTI,52.8100
2021-01-14,BRENT,55.7600
2021-01-14,WTI,53.4700
2021-01-15,BRENT,54.8000
2021-01-15,WTI,52.2500
2021-01-19,BRENT,55.3800
2021-01-19,WTI,52.8700
2021-01-20,BRENT,55.6600
2021-01-20,WTI,53.1600
2021-01-21,BRENT,55.6800
2021-01-21,WTI,53.0000
2021-01-22,BRENT,55.2200
2021-01-22,WTI,52.2800
2021-01-25,BRENT,55.4400
2021-01-25,WTI,52.7800
2021-01-26,BRENT,55.2600
2021-01-26,WTI,52.6100
2021-01-27,BRENT,55.0700
2021-01-27,WTI,52.8100
2021-01-28,BRENT,54.8700
2021-01-28,WTI,52.2600
2021-01-29,BRENT,55.2500
2021-01-29,WTI,52.1600
2021-02-01,BRENT,56.4200
2021-02-01,WTI,53.5500
2021-02-02,BRENT,57.6200
2021-02-02,WTI,54.7700
2021-02-03,BRENT,58.6100
2021-02-03,WTI,55.6700
2021-02-04,BRENT,58.9800
2021-02-04,WTI,56.1900
2021-02-05,BRENT,59.4800
2021-02-05,WTI,56.8000
2021-02-08,BRENT,60.1700
2021-02-08,WTI,57.9500
2021-02-09,BRENT,60.7400
2021-02-09,WTI,58.3400
2021-02-10,BRENT,61.1700
2021-02-10,WTI,58.6900
2021-02-11,BRENT,61.0900
2021-02-11,WTI,58.2200
2021-02-12,BRENT,62.4700
2021-02-12,WTI,59.5000
2021-02-16,BRENT,63.9600
2021-02-16,WTI,60.0700
2021-02-17,BRENT,65.0200
2021-02-17,WTI,61.0900
2021-02-18,BRENT,64.0900
2021-02-18,WTI,60.4000
2021-02-19,BRENT,62.8400
2021-02-19,WTI,59.1200
2021-02-22,BRENT,64.7300
2021-02-22,WTI,61.6700
2021-02-23,BRENT,65.1600
2021-02-23,WTI,61.6600
2021-02-24,BRENT,66.8500
2021-02-24,WTI,63.2100
2021-02-25,BRENT,66.6900
2021-02-25,WTI,63.4300
2021-02-26,BRENT,65.8600
2021-02-26,WTI,61.5500
2021-03-01,BRENT,64.5600
2021-03-01,WTI,60.5400
2021-03-02,BRENT,63.1700
2021-03-02,WTI,59.7000
2021-03-03,BRENT,64.7000
2021-03-03,WTI,61.3300
2021-03-04,BRENT,67.3200
2021-03-04,WTI,63.8100
2021-03-05,BRENT,69.9500
2021-03-05,WTI,66.0800
2021-03-08,BRENT,68.0000
2021-03-08,WTI,65.0300
2021-03-09,BRENT,67.0300
2021-03-09,WTI,64.0200
2021-03-10,BRENT,67.5300
2021-03-10,WTI,64.4500
2021-03-11,BRENT,69.3400
2021-03-11,WTI,66.0200
2021-03-12,BRENT,68.8700
2021-03-12,WTI,65.5900
2021-03-15,BRENT,68.7800
2021-03-15,WTI,65.3600
2021-03-16,BRENT,67.9500
2021-03-16,WTI,64.8200
2021-03-17,BRENT,67.7300
2021-03-17,WTI,64.5500
2021-03-18,BRENT,62.1100
2021-03-18,WTI,59.9500
2021-03-19,BRENT,64.0000
2021-03-19,WTI,61.4300
2021-03-22,BRENT,63.8900
2021-03-22,WTI,61.4800
2021-03-23,BRENT,59.9600
2021-03-23,WTI,57.7500
2021-03-24,BRENT,63.7000
2021-03-24,WTI,61.1200
2021-03-25,BRENT,61.2100
2021-03-25,WTI,58.4700
2021-03-26,BRENT,63.7700
2021-03-26,WTI,60.9300
2021-03-29,BRENT,64.0600
2021-03-29,WTI,61.4900
2021-03-30,BRENT,63.2800
2021-03-30,WTI,60.5500
2021-03-31,BRENT,63.5200
2021-03-31,WTI,59.1900
2021-04-01,BRENT,63.8500
2021-04-01,WTI,61.4100
2021-04-06,BRENT,61.4700
2021-04-06,WTI,59.3400
2021-04-07,BRENT,61.8600
2021-04-07,WTI,59.7700
2021-04-08,BRENT,62.0900
2021-04-08,WTI,59.6100
2021-04-09,BRENT,61.8900
2021-04-09,WTI,59.2900
2021-04-12,BRENT,62.3800
2021-04-12,WTI,59.7000
2021-04-13,BRENT,62.8300
2021-04-13,WTI,60.2000
2021-04-14,BRENT,66.1100
2021-04-14,WTI,63.1500
2021-04-15,BRENT,66.1300
2021-04-15,WTI,63.4200
2021-04-16,BRENT,65.9800
2021-04-16,WTI,63.1600
2021-04-19,BRENT,66.5400
2021-04-19,WTI,63.3300
2021-04-20,BRENT,65.3400
2021-04-20,WTI,62.6100
2021-04-21,BRENT,64.0200
2021-04-21,WTI,61.3400
2021-04-22,BRENT,65.0700
2021-04-22,WTI,61.4500
2021-04-23,BRENT,65.7500
2021-04-23,WTI,62.1800
2021-04-26,BRENT,65.5000
2021-04-26,WTI,62.0200
2021-04-27,BRENT,66.2500
2021-04-27,WTI,63.0300
2021-04-28,BRENT,67.0800
2021-04-28,WTI,63.8100
2021-04-29,BRENT,68.2600
2021-04-29,WTI,65.0000
2021-04-30,BRENT,67.7300
2021-04-30,WTI,63.5000
2021-05-04,BRENT,68.9100
2021-05-04,WTI,65.7200
2021-05-05,BRENT,69.7100
2021-05-05,WTI,65.6300
2021-05-06,BRENT,68.6200
2021-05-06,WTI,64.7300
2021-05-07,BRENT,68.7300
2021-05-07,WTI,64.9600
2021-05-10,BRENT,68.6100
2021-05-10,WTI,64.9200
2021-05-11,BRENT,68.8300
2021-05-11,WTI,65.3100
2021-05-12,BRENT,69.6200
2021-05-12,WTI,65.9600
2021-05-13,BRENT,67.3600
2021-05-13,WTI,63.8200
2021-05-14,BRENT,69.2400
2021-05-14,WTI,65.3200
2021-05-17,BRENT,69.6200
2021-05-17,WTI,66.2400
2021-05-18,BRENT,69.0100
2021-05-18,WTI,65.4900
2021-05-19,BRENT,66.8800
2021-05-19,WTI,63.2800
2021-05-20,BRENT,65.1800
2021-05-20,WTI,61.9500
2021-05-21,BRENT,66.7200
2021-05-21,WTI,63.6100
2021-05-24,BRENT,68.5900
2021-05-24,WTI,66.1300
2021-05-25,BRENT,68.8000
2021-05-25,WTI,66.2700
2021-05-26,BRENT,68.9300
2021-05-26,WTI,66.4100
2021-05-27,BRENT,69.4300
2021-05-27,WTI,66.8700
2021-05-28,BRENT,69.3600
2021-05-28,WTI,66.3100
2021-06-01,BRENT,70.0300
2021-06-01,WTI,67.8000
2021-06-02,BRENT,70.6000
2021-06-02,WTI,68.7900
2021-06-03,BRENT,70.7100
2021-06-03,WTI,68.8100
2021-06-04,BRENT,71.3000
2021-06-04,WTI,69.5700
2021-06-07,BRENT,70.8900
2021-06-07,WTI,69.2100
2021-06-08,BRENT,71.3900
2021-06-08,WTI,70.1100
2021-06-09,BRENT,71.3100
2021-06-09,WTI,69.9000
2021-06-10,BRENT,71.6500
2021-06-10,WTI,70.3400
2021-06-11,BRENT,72.0500
2021-06-11,WTI,71.0000
2021-06-14,BRENT,72.2700
2021-06-14,WTI,70.9400
2021-06-15,BRENT,73.3800
2021-06-15,WTI,72.0600
2021-06-16,BRENT,73.8800
2021-06-16,WTI,72.0300
2021-06-17,BRENT,72.9200
2021-06-17,WTI,71.0600
2021-06-18,BRENT,73.1000
2021-06-18,WTI,71.6400
2021-06-21,BRENT,74.4900
2021-06-21,WTI,73.6400
2021-06-22,BRENT,74.9200
2021-06-22,WTI,73.1500
2021-06-23,BRENT,75.2200
2021-06-23,WTI,73.1100
2021-06-24,BRENT,75.9500
2021-06-24,WTI,73.3100
2021-06-25,BRENT,76.4500
2021-06-25,WTI,74.2100
2021-06-28,BRENT,74.7800
2021-06-28,WTI,72.9800
2021-06-29,BRENT,75.3800
2021-06-29,WTI,73.1400
2021-06-30,BRENT,76.9400
2021-06-30,WTI,73.5200
2021-07-01,BRENT,76.6900
2021-07-01,WTI,75.3300
2021-07-02,BRENT,77.5100
2021-07-02,WTI,75.3700
2021-07-06,BRENT,75.8100
2021-07-06,WTI,73.6200
2021-07-07,BRENT,74.3100
2021-07-07,WTI,72.2200
2021-07-08,BRENT,75.0700
2021-07-08,WTI,72.9800
2021-07-09,BRENT,77.1400
2021-07-09,WTI,74.5600
2021-07-12,BRENT,76.7700
2021-07-12,WTI,74.2100
2021-07-13,BRENT,77.5000
2021-07-13,WTI,75.2400
2021-07-14,BRENT,75.7400
2021-07-14,WTI,73.0600
2021-07-15,BRENT,74.5300
2021-07-15,WTI,71.6700
2021-07-16,BRENT,74.4600
2021-07-16,WTI,71.7600
2021-07-19,BRENT,69.3300
2021-07-19,WTI,66.4500
2021-07-20,BRENT,70.0300
2021-07-20,WTI,67.3200
2021-07-21,BRENT,72.5400
2021-07-21,WTI,70.2600
2021-07-22,BRENT,74.2500
2021-07-22,WTI,72.1500
2021-07-23,BRENT,74.8600
2021-07-23,WTI,72.2400
2021-07-26,BRENT,74.7900
2021-07-26,WTI,72.1500
2021-07-27,BRENT,74.8700
2021-07-27,WTI,71.6800
2021-07-28,BRENT,75.0900
2021-07-28,WTI,72.3700
2021-07-29,BRENT,76.3000
2021-07-29,WTI,73.6200
2021-07-30,BRENT,77.7200
2021-07-30,WTI,73.9300
2021-08-02,BRENT,73.9100
2021-08-02,WTI,71.3100
2021-08-03,BRENT,73.2400
2021-08-03,WTI,70.6400
2021-08-04,BRENT,70.9900
2021-08-04,WTI,68.1900
2021-08-05,BRENT,72.1400
2021-08-05,WTI,69.1000
2021-08-06,BRENT,71.0200
2021-08-06,WTI,68.2600
2021-08-09,BRENT,69.6500
2021-08-09,WTI,66.5600
2021-08-10,BRENT,71.1400
2021-08-10,WTI,68.3300
2021-08-11,BRENT,71.9900
2021-08-11,WTI,69.3000
2021-08-12,BRENT,71.7900
2021-08-12,WTI,69.1200
2021-08-13,BRENT,70.9000
2021-08-13,WTI,68.3600
2021-08-16,BRENT,70.0700
2021-08-16,WTI,67.4400
2021-08-17,BRENT,69.4000
2021-08-17,WTI,66.5000
2021-08-18,BRENT,68.6100
2021-08-18,WTI,65.3600
2021-08-19,BRENT,66.8000
2021-08-19,WTI,63.6900
2021-08-20,BRENT,65.5100
2021-08-20,WTI,62.2500
2021-08-23,BRENT,69.0700
2021-08-23,WTI,65.6500
2021-08-24,BRENT,71.2100
2021-08-24,WTI,67.5000
2021-08-25,BRENT,72.1200
2021-08-25,WTI,68.5400
2021-08-26,BRENT,70.4200
2021-08-26,WTI,67.4200
2021-08-27,BRENT,72.2600
2021-08-27,WTI,68.8400
2021-08-31,BRENT,73.4500
2021-08-31,WTI,68.4300
2021-09-01,BRENT,71.9900
2021-09-01,WTI,68.6300
2021-09-02,BRENT,73.5600
2021-09-02,WTI,70.0700
2021-09-03,BRENT,73.0700
2021-09-03,WTI,69.3400
2021-09-07,BRENT,71.5200
2021-09-07,WTI,68.4900
2021-09-08,BRENT,72.3600
2021-09-08,WTI,69.3600
2021-09-09,BRENT,71.3200
2021-09-09,WTI,68.2600
2021-09-10,BRENT,72.4400
2021-09-10,WTI,69.8200
2021-09-13,BRENT,72.9700
2021-09-13,WTI,70.5400
2021-09-14,BRENT,73.0500
2021-09-14,WTI,70.5300
2021-09-15,BRENT,74.8400
2021-09-15,WTI,72.5900
2021-09-16,BRENT,75.1400
2021-09-16,WTI,72.6900
2021-09-17,BRENT,74.6400
2021-09-17,WTI,72.0900
2021-09-20,BRENT,73.5900
2021-09-20,WTI,70.4100
2021-09-21,BRENT,73.6500
2021-09-21,WTI,70.5100
2021-09-22,BRENT,75.5000
2021-09-22,WTI,72.3700
2021-09-23,BRENT,76.4400
2021-09-23,WTI,73.4300
2021-09-24,BRENT,77.4200
2021-09-24,WTI,74.1800
2021-09-27,BRENT,78.8500
2021-09-27,WTI,75.5400
2021-09-28,BRENT,78.3000
2021-09-28,WTI,75.4400
2021-09-29,BRENT,77.8600
2021-09-29,WTI,75.0600
2021-09-30,BRENT,77.8100
2021-09-30,WTI,75.2200
2021-10-01,BRENT,79.4000
2021-10-01,WTI,76.0100
2021-10-04,BRENT,81.4400
2021-10-04,WTI,77.6800
2021-10-05,BRENT,82.7200
2021-10-05,WTI,79.1700
2021-10-06,BRENT,81.3900
2021-10-06,WTI,77.6600
2021-10-07,BRENT,82.3400
2021-10-07,WTI,78.4600
2021-10-08,BRENT,82.1700
2021-10-08,WTI,79.5500
2021-10-11,BRENT,83.7500
2021-10-11,WTI,80.6400
2021-10-12,BRENT,83.5300
2021-10-12,WTI,80.7500
2021-10-13,BRENT,83.5300
2021-10-13,WTI,80.6700
2021-10-14,BRENT,83.8600
2021-10-14,WTI,81.4300
2021-10-15,BRENT,84.6700
2021-10-15,WTI,82.3900
2021-10-18,BRENT,84.1300
2021-10-18,WTI,82.6200
2021-10-19,BRENT,85.0200
2021-10-19,WTI,83.1900
2021-10-20,BRENT,85.7600
2021-10-20,WTI,84.4000
2021-10-21,BRENT,84.5800
2021-10-21,WTI,82.6400
2021-10-22,BRENT,85.4300
2021-10-22,WTI,84.5300
2021-10-25,BRENT,84.8500
2021-10-25,WTI,84.6400
2021-10-26,BRENT,85.1100
2021-10-26,WTI,85.6400
2021-10-27,BRENT,84.1200
2021-10-27,WTI,82.6600
2021-10-28,BRENT,83.4000
2021-10-28,WTI,82.7800
2021-10-29,BRENT,83.1000
2021-10-29,WTI,83.5000
2021-11-01,BRENT,84.5100
2021-11-01,WTI,84.0800
2021-11-02,BRENT,84.4200
2021-11-02,WTI,83.9100
2021-11-03,BRENT,81.1000
2021-11-03,WTI,80.8200
2021-11-04,BRENT,80.1500
2021-11-04,WTI,78.8800
2021-11-05,BRENT,82.4300
2021-11-05,WTI,81.2500
2021-11-08,BRENT,83.2200
2021-11-08,WTI,81.9600
2021-11-09,BRENT,84.5200
2021-11-09,WTI,84.1200
2021-11-10,BRENT,82.9100
2021-11-10,WTI,81.2300
2021-11-11,BRENT,83.4000
2021-11-11,WTI,81.4700
2021-11-12,BRENT,82.9000
2021-11-12,WTI,80.8700
2021-11-15,BRENT,81.9400
2021-11-15,WTI,80.8500
2021-11-16,BRENT,82.8500
2021-11-16,WTI,80.7600
2021-11-17,BRENT,80.6700
2021-11-17,WTI,78.3200
2021-11-18,BRENT,82.4500
2021-11-18,WTI,78.9200
2021-11-19,BRENT,80.2400
2021-11-19,WTI,76.1100
2021-11-22,BRENT,80.9700
2021-11-22,WTI,76.7400
2021-11-23,BRENT,83.4300
2021-11-23,WTI,78.3200
2021-11-24,BRENT,82.3700
2021-11-24,WTI,78.3200
2021-11-29,BRENT,73.3400
2021-11-29,WTI,69.8800
2021-11-30,BRENT,70.8600
2021-11-30,WTI,66.1400
2021-12-01,BRENT,69.5300
2021-12-01,WTI,65.4400
2021-12-02,BRENT,70.5600
2021-12-02,WTI,66.6000
2021-12-03,BRENT,70.7100
2021-12-03,WTI,66.3900
2021-12-06,BRENT,73.3800
2021-12-06,WTI,69.6200
2021-12-07,BRENT,75.5400
2021-12-07,WTI,71.9400
2021-12-08,BRENT,75.9400
2021-12-08,WTI,72.4300
2021-12-09,BRENT,74.1000
2021-12-09,WTI,70.8700
2021-12-10,BRENT,74.9800
2021-12-10,WTI,71.7100
2021-12-13,BRENT,74.1200
2021-12-13,WTI,71.1900
2021-12-14,BRENT,73.3700
2021-12-14,WTI,70.5700
2021-12-15,BRENT,73.7100
2021-12-15,WTI,70.8900
2021-12-16,BRENT,74.6400
2021-12-16,WTI,72.3400
2021-12-17,BRENT,72.9700
2021-12-17,WTI,70.9300
2021-12-20,BRENT,70.5100
2021-12-20,WTI,68.6900
2021-12-21,BRENT,72.8500
2021-12-21,WTI,71.1000
2021-12-22,BRENT,74.6900
2021-12-22,WTI,72.8200
2021-12-23,BRENT,76.2600
2021-12-23,WTI,73.8900
2021-12-29,BRENT,78.6300
2021-12-29,WTI,76.5800
2021-12-30,BRENT,78.6100
2021-12-30,WTI,76.8300
2021-12-31,BRENT,77.2400
2021-12-31,WTI,75.3300
2022-01-03,BRENT,78.2500
2022-01-03,WTI,75.9900
2022-01-04,BRENT,79.3900
2022-01-04,WTI,77.0000
2022-01-05,BRENT,80.6000
2022-01-05,WTI,77.8300
2022-01-06,BRENT,81.9900
2022-01-06,WTI,79.4700
2022-01-07,BRENT,82.2800
2022-01-07,WTI,79.0000
2022-01-10,BRENT,81.5600
2022-01-10,WTI,78.1100
2022-01-11,BRENT,84.9800
2022-01-11,WTI,81.1700
2022-01-12,BRENT,85.8300
2022-01-12,WTI,82.5100
2022-01-13,BRENT,85.8000
2022-01-13,WTI,81.9700
2022-01-14,BRENT,87.1700
2022-01-14,WTI,83.8200
2022-01-18,BRENT,88.8300
2022-01-18,WTI,85.4200
2022-01-19,BRENT,89.6400
2022-01-19,WTI,86.8400
2022-01-20,BRENT,89.7500
2022-01-20,WTI,86.2900
2022-01-21,BRENT,89.7500
2022-01-21,WTI,85.1600
2022-01-24,BRENT,87.7400
2022-01-24,WTI,84.4800
2022-01-25,BRENT,89.4900
2022-01-25,WTI,86.6100
2022-01-26,BRENT,91.2200
2022-01-26,WTI,88.3300
2022-01-27,BRENT,90.7000
2022-01-27,WTI,87.6100
2022-01-28,BRENT,91.4700
2022-01-28,WTI,87.6700
2022-01-31,BRENT,92.3500
2022-01-31,WTI,89.1600
2022-02-01,BRENT,90.2400
2022-02-01,WTI,88.2200
2022-02-02,BRENT,91.4300
2022-02-02,WTI,88.1600
2022-02-03,BRENT,92.9900
2022-02-03,WTI,90.1700
2022-02-04,BRENT,96.8600
2022-02-04,WTI,92.2700
2022-02-07,BRENT,97.2800
2022-02-07,WTI,91.2500
2022-02-08,BRENT,96.0700
2022-02-08,WTI,89.3200
2022-02-09,BRENT,94.9500
2022-02-09,WTI,89.5700
2022-02-10,BRENT,96.3700
2022-02-10,WTI,89.8300
2022-02-11,BRENT,97.5000
2022-02-11,WTI,93.1000
2022-02-14,BRENT,101.6600
2022-02-14,WTI,95.5200
2022-02-15,BRENT,98.4300
2022-02-15,WTI,92.0700
2022-02-16,BRENT,97.4400
2022-02-16,WTI,93.8300
2022-02-17,BRENT,95.2800
2022-02-17,WTI,91.7800
2022-02-18,BRENT,96.1800
2022-02-18,WTI,91.2600
2022-02-22,BRENT,98.7300
2022-02-22,WTI,92.1100
2022-02-23,BRENT,99.2900
2022-02-23,WTI,92.1400
2022-02-24,BRENT,101.2900
2022-02-24,WTI,92.7700
2022-02-25,BRENT,98.5600
2022-02-25,WTI,91.6800
2022-02-28,BRENT,103.0800
2022-02-28,WTI,96.1300
2022-03-01,BRENT,110.9300
2022-03-01,WTI,103.6600
2022-03-02,BRENT,118.9400
2022-03-02,WTI,110.7400
2022-03-03,BRENT,115.3600
2022-03-03,WTI,107.6900
2022-03-04,BRENT,123.8600
2022-03-04,WTI,115.7700
2022-03-07,BRENT,129.0200
2022-03-07,WTI,119.2600
2022-03-08,BRENT,133.1800
2022-03-08,WTI,123.6400
2022-03-09,BRENT,116.5800
2022-03-09,WTI,108.8100
2022-03-10,BRENT,114.5400
2022-03-10,WTI,105.9300
2022-03-11,BRENT,118.1100
2022-03-11,WTI,109.3100
2022-03-14,BRENT,110.3900
2022-03-14,WTI,103.2200
2022-03-15,BRENT,105.1400
2022-03-15,WTI,96.4200
2022-03-16,BRENT,104.6100
2022-03-16,WTI,94.8500
2022-03-17,BRENT,113.5000
2022-03-17,WTI,102.9700
2022-03-18,BRENT,114.3200
2022-03-18,WTI,104.6900
2022-03-21,BRENT,122.2900
2022-03-21,WTI,112.1400
2022-03-22,BRENT,121.5300
2022-03-22,WTI,111.0300
2022-03-23,BRENT,127.5200
2022-03-23,WTI,114.8900
2022-03-24,BRENT,123.9800
2022-03-24,WTI,114.2000
2022-03-25,BRENT,122.6700
2022-03-25,WTI,116.2000
2022-03-28,BRENT,114.5000
2022-03-28,WTI,107.5500
2022-03-29,BRENT,112.7900
2022-03-29,WTI,104.2500
2022-03-30,BRENT,115.5900
2022-03-30,WTI,107.8100
2022-03-31,BRENT,107.2900
2022-03-31,WTI,100.5300
2022-04-01,BRENT,106.1300
2022-04-01,WTI,99.3200
2022-04-04,BRENT,108.1500
2022-04-04,WTI,103.2900
2022-04-05,BRENT,106.6000
2022-04-05,WTI,101.9800
2022-04-06,BRENT,100.8100
2022-04-06,WTI,96.3900
2022-04-07,BRENT,99.8300
2022-04-07,WTI,96.0500
2022-04-08,BRENT,101.2600
2022-04-08,WTI,98.3500
2022-04-11,BRENT,97.9200
2022-04-11,WTI,94.2200
2022-04-12,BRENT,104.4200
2022-04-12,WTI,100.5200
2022-04-13,BRENT,108.4900
2022-04-13,WTI,104.2600
2022-04-14,BRENT,110.8300
2022-04-14,WTI,106.8400
2022-04-19,BRENT,105.4900
2022-04-19,WTI,102.5400
2022-04-20,BRENT,105.0500
2022-04-20,WTI,102.5600
2022-04-21,BRENT,107.2000
2022-04-21,WTI,103.8900
2022-04-22,BRENT,105.1500
2022-04-22,WTI,102.8600
2022-04-25,BRENT,99.2700
2022-04-25,WTI,99.6000
2022-04-26,BRENT,102.8900
2022-04-26,WTI,102.6200
2022-04-27,BRENT,103.3000
2022-04-27,WTI,101.9600
2022-04-28,BRENT,105.7800
2022-04-28,WTI,105.4700
2022-04-29,BRENT,108.3600
2022-04-29,WTI,104.5900
2022-05-03,BRENT,104.9400
2022-05-03,WTI,102.5300
2022-05-04,BRENT,110.5300
2022-05-04,WTI,107.8400
2022-05-05,BRENT,112.1100
2022-05-05,WTI,108.1700
2022-05-06,BRENT,113.8600
2022-05-06,WTI,109.7200
2022-05-09,BRENT,106.6700
2022-05-09,WTI,103.0800
2022-05-10,BRENT,102.6100
2022-05-10,WTI,99.7400
2022-05-11,BRENT,107.7000
2022-05-11,WTI,105.5000
2022-05-12,BRENT,108.0600
2022-05-12,WTI,106.1500
2022-05-13,BRENT,112.1200
2022-05-13,WTI,110.5200
2022-05-16,BRENT,114.8600
2022-05-16,WTI,114.0700
2022-05-17,BRENT,112.8900
2022-05-17,WTI,112.3100
2022-05-18,BRENT,110.0400
2022-05-18,WTI,109.6700
2022-05-19,BRENT,113.2200
2022-05-19,WTI,112.2100
2022-05-20,BRENT,113.6300
2022-05-20,WTI,112.6300
2022-05-23,BRENT,115.1300
2022-05-23,WTI,110.3200
2022-05-24,BRENT,115.7700
2022-05-24,WTI,112.5500
2022-05-25,BRENT,116.4100
2022-05-25,WTI,112.8800
2022-05-26,BRENT,119.8100
2022-05-26,WTI,116.1900
2022-05-27,BRENT,121.1900
2022-05-27,WTI,114.9600
2022-05-31,BRENT,125.5300
2022-05-31,WTI,114.3800
2022-06-01,BRENT,122.2000
2022-06-01,WTI,115.2600
2022-06-03,BRENT,125.6800
2022-06-03,WTI,118.9700
2022-06-06,BRENT,124.9900
2022-06-06,WTI,118.4100
2022-06-07,BRENT,126.8900
2022-06-07,WTI,119.5500
2022-06-08,BRENT,129.2000
2022-06-08,WTI,121.9400
2022-06-09,BRENT,128.4700
2022-06-09,WTI,121.5200
2022-06-10,BRENT,127.4400
2022-06-10,WTI,120.7300
2022-06-13,BRENT,128.4400
2022-06-13,WTI,120.9200
2022-06-14,BRENT,127.0200
2022-06-14,WTI,118.9200
2022-06-15,BRENT,124.9600
2022-06-15,WTI,115.3200
2022-06-16,BRENT,125.7800
2022-06-16,WTI,117.5600
2022-06-17,BRENT,119.2200
2022-06-17,WTI,109.5600
2022-06-21,BRENT,118.5100
2022-06-21,WTI,110.4900
2022-06-22,BRENT,115.5400
2022-06-22,WTI,106.2200
2022-06-23,BRENT,114.5000
2022-06-23,WTI,105.7500
2022-06-24,BRENT,117.3600
2022-06-24,WTI,109.0700
2022-06-27,BRENT,119.6900
2022-06-27,WTI,111.4400
2022-06-28,BRENT,122.2100
2022-06-28,WTI,113.6600
2022-06-29,BRENT,120.8000
2022-06-29,WTI,111.6500
2022-06-30,BRENT,119.7800
2022-06-30,WTI,107.7600
2022-07-01,BRENT,119.2100
2022-07-01,WTI,110.3000
2022-07-05,BRENT,110.4900
2022-07-05,WTI,101.5500
2022-07-06,BRENT,108.5400
2022-07-06,WTI,100.3100
2022-07-07,BRENT,113.4000
2022-07-07,WTI,104.6200
2022-07-08,BRENT,113.9500
2022-07-08,WTI,106.7800
2022-07-11,BRENT,114.8500
2022-07-11,WTI,106.0900
2022-07-12,BRENT,106.9800
2022-07-12,WTI,97.6900
2022-07-13,BRENT,107.1700
2022-07-13,WTI,98.4400
2022-07-14,BRENT,107.7400
2022-07-14,WTI,97.7900
2022-07-15,BRENT,112.2600
2022-07-15,WTI,99.5900
2022-07-18,BRENT,117.2700
2022-07-18,WTI,104.4800
2022-07-19,BRENT,114.9600
2022-07-19,WTI,106.1200
2022-07-20,BRENT,115.8600
2022-07-20,WTI,104.4500
2022-07-21,BRENT,112.8100
2022-07-21,WTI,98.4400
2022-07-22,BRENT,106.7700
2022-07-22,WTI,97.7100
2022-07-25,BRENT,108.2300
2022-07-25,WTI,99.8300
2022-07-26,BRENT,107.3200
2022-07-26,WTI,97.7400
2022-07-27,BRENT,109.6400
2022-07-27,WTI,100.0300
2022-07-28,BRENT,109.6800
2022-07-28,WTI,99.1100
2022-07-29,BRENT,111.5100
2022-07-29,WTI,101.3100
2022-08-01,BRENT,106.0900
2022-08-01,WTI,96.5900
2022-08-02,BRENT,106.5100
2022-08-02,WTI,97.1400
2022-08-03,BRENT,101.8200
2022-08-03,WTI,93.2500
2022-08-04,BRENT,97.9900
2022-08-04,WTI,91.2900
2022-08-05,BRENT,100.3100
2022-08-05,WTI,91.7700
2022-08-08,BRENT,103.4600
2022-08-08,WTI,93.5200
2022-08-09,BRENT,103.8100
2022-08-09,WTI,93.1800
2022-08-10,BRENT,105.0600
2022-08-10,WTI,94.6800
2022-08-11,BRENT,107.1900
2022-08-11,WTI,97.0200
2022-08-12,BRENT,103.7000
2022-08-12,WTI,94.8600
2022-08-15,BRENT,98.2500
2022-08-15,WTI,92.2400
2022-08-16,BRENT,95.3600
2022-08-16,WTI,89.2300
2022-08-17,BRENT,97.2200
2022-08-17,WTI,90.8500
2022-08-18,BRENT,96.3500
2022-08-18,WTI,93.2000
2022-08-19,BRENT,96.4500
2022-08-19,WTI,93.5500
2022-08-22,BRENT,95.0600
2022-08-22,WTI,93.4200
2022-08-23,BRENT,99.4900
2022-08-23,WTI,96.4600
2022-08-24,BRENT,99.8700
2022-08-24,WTI,95.5200
2022-08-25,BRENT,98.8100
2022-08-25,WTI,93.3300
2022-08-26,BRENT,101.1300
2022-08-26,WTI,93.6300
2022-08-30,BRENT,99.3400
2022-08-30,WTI,92.0800
2022-08-31,BRENT,96.5500
2022-08-31,WTI,90.0900
2022-09-01,BRENT,92.2400
2022-09-01,WTI,87.0900
2022-09-02,BRENT,93.0900
2022-09-02,WTI,87.2900
2022-09-06,BRENT,91.4300
2022-09-06,WTI,87.3500
2022-09-07,BRENT,86.8300
2022-09-07,WTI,82.5000
2022-09-08,BRENT,87.9900
2022-09-08,WTI,84.0400
2022-09-09,BRENT,91.6800
2022-09-09,WTI,87.2700
2022-09-12,BRENT,93.4500
2022-09-12,WTI,88.1800
2022-09-13,BRENT,92.0400
2022-09-13,WTI,87.8400
2022-09-14,BRENT,92.8300
2022-09-14,WTI,88.8800
2022-09-15,BRENT,89.2800
2022-09-15,WTI,85.7200
2022-09-16,BRENT,89.4300
2022-09-16,WTI,85.5700
2022-09-20,BRENT,89.6200
2022-09-20,WTI,84.6900
2022-09-21,BRENT,89.8600
2022-09-21,WTI,83.3800
2022-09-22,BRENT,90.4000
2022-09-22,WTI,84.0200
2022-09-23,BRENT,84.2900
2022-09-23,WTI,79.0700
2022-09-26,BRENT,82.5500
2022-09-26,WTI,77.1700
2022-09-27,BRENT,85.9700
2022-09-27,WTI,78.9100
2022-09-28,BRENT,89.5500
2022-09-28,WTI,82.6100
2022-09-29,BRENT,89.4100
2022-09-29,WTI,81.7800
2022-09-30,BRENT,88.9000
2022-09-30,WTI,79.9100
2022-10-03,BRENT,90.6800
2022-10-03,WTI,84.0500
2022-10-04,BRENT,93.7400
2022-10-04,WTI,86.8700
2022-10-05,BRENT,94.3500
2022-10-05,WTI,88.2200
2022-10-06,BRENT,95.6500
2022-10-06,WTI,88.9000
2022-10-07,BRENT,98.8800
2022-10-07,WTI,93.0700
2022-10-10,BRENT,97.1300
2022-10-10,WTI,91.6000
2022-10-11,BRENT,95.1700
2022-10-11,WTI,89.7500
2022-10-12,BRENT,93.4400
2022-10-12,WTI,87.8300
2022-10-13,BRENT,95.1600
2022-10-13,WTI,89.5900
2022-10-14,BRENT,92.2200
2022-10-14,WTI,86.1000
2022-10-17,BRENT,91.0400
2022-10-17,WTI,86.0000
2022-10-18,BRENT,89.4600
2022-10-18,WTI,83.2900
2022-10-19,BRENT,91.3400
2022-10-19,WTI,86.0000
2022-10-20,BRENT,91.5200
2022-10-20,WTI,86.0200
2022-10-21,BRENT,91.8200
2022-10-21,WTI,85.4700
2022-10-24,BRENT,91.5700
2022-10-24,WTI,86.1200
2022-10-25,BRENT,91.7600
2022-10-25,WTI,86.9300
2022-10-26,BRENT,92.9300
2022-10-26,WTI,89.3900
2022-10-27,BRENT,94.1700
2022-10-27,WTI,89.0600
2022-10-28,BRENT,94.6400
2022-10-28,WTI,87.8500
2022-10-31,BRENT,93.3000
2022-10-31,WTI,86.5400
2022-11-01,BRENT,95.1200
2022-11-01,WTI,88.3600
2022-11-02,BRENT,96.0700
2022-11-02,WTI,90.0600
2022-11-03,BRENT,95.2900
2022-11-03,WTI,88.1400
2022-11-04,BRENT,99.5300
2022-11-04,WTI,92.5800
2022-11-07,BRENT,99.8700
2022-11-07,WTI,91.8000
2022-11-08,BRENT,96.8500
2022-11-08,WTI,88.8000
2022-11-09,BRENT,93.0500
2022-11-09,WTI,85.7900
2022-11-10,BRENT,94.2500
2022-11-10,WTI,86.5200
2022-11-11,BRENT,96.3700
2022-11-11,WTI,89.1400
2022-11-14,BRENT,93.5900
2022-11-14,WTI,85.8500
2022-11-15,BRENT,94.3000
2022-11-15,WTI,86.8700
2022-11-16,BRENT,92.6100
2022-11-16,WTI,85.6200
2022-11-17,BRENT,91.0000
2022-11-17,WTI,81.6900
2022-11-18,BRENT,88.9300
2022-11-18,WTI,80.0700
2022-11-21,BRENT,88.4400
2022-11-21,WTI,79.7400
2022-11-22,BRENT,88.6500
2022-11-22,WTI,80.8300
2022-11-23,BRENT,85.9000
2022-11-23,WTI,77.9300
2022-11-25,BRENT,83.4000
2022-11-25,WTI,76.4500
2022-11-28,BRENT,83.5000
2022-11-28,WTI,77.1000
2022-11-29,BRENT,83.2200
2022-11-29,WTI,77.9600
2022-11-30,BRENT,85.6100
2022-11-30,WTI,80.4800
2022-12-01,BRENT,86.2800
2022-12-01,WTI,81.0600
2022-12-02,BRENT,86.5400
2022-12-02,WTI,79.8600
2022-12-05,BRENT,83.3600
2022-12-05,WTI,76.8300
2022-12-06,BRENT,79.9200
2022-12-06,WTI,74.2100
2022-12-07,BRENT,77.1100
2022-12-07,WTI,71.9300
2022-12-08,BRENT,76.0200
2022-12-08,WTI,71.3000
2022-12-09,BRENT,76.3700
2022-12-09,WTI,71.0500
2022-12-12,BRENT,78.0000
2022-12-12,WTI,72.9600
2022-12-13,BRENT,80.1400
2022-12-13,WTI,75.4400
2022-12-14,BRENT,83.3300
2022-12-14,WTI,77.1400
2022-12-15,BRENT,82.3400
2022-12-15,WTI,75.8900
2022-12-16,BRENT,80.2000
2022-12-16,WTI,74.1900
2022-12-19,BRENT,81.6600
2022-12-19,WTI,75.0500
2022-12-20,BRENT,79.4500
2022-12-20,WTI,75.9200
2022-12-21,BRENT,80.2500
2022-12-21,WTI,78.1700
2022-12-22,BRENT,79.5800
2022-12-22,WTI,77.6800
2022-12-23,BRENT,82.4500
2022-12-23,WTI,79.5700
2022-12-28,BRENT,81.7000
2022-12-28,WTI,78.8900
2022-12-29,BRENT,80.9600
2022-12-29,WTI,78.4300
2022-12-30,BRENT,82.8200
2022-12-30,WTI,80.1600
2023-01-03,BRENT,80.3600
2023-01-03,WTI,76.8700
2023-01-04,BRENT,75.3100
2023-01-04,WTI,72.8200
2023-01-05,BRENT,76.7300
2023-01-05,WTI,73.6100
2023-01-06,BRENT,76.4100
2023-01-06,WTI,73.7700
2023-01-09,BRENT,77.5000
2023-01-09,WTI,74.6900
2023-01-10,BRENT,78.4000
2023-01-10,WTI,75.1100
2023-01-11,BRENT,81.1100
2023-01-11,WTI,77.4600
2023-01-12,BRENT,82.5900
2023-01-12,WTI,78.3200
2023-01-13,BRENT,83.4300
2023-01-13,WTI,79.9000
2023-01-17,BRENT,84.3800
2023-01-17,WTI,80.2500
2023-01-18,BRENT,83.7800
2023-01-18,WTI,79.5300
2023-01-19,BRENT,85.0800
2023-01-19,WTI,80.3100
2023-01-20,BRENT,86.9600
2023-01-20,WTI,81.2700
2023-01-23,BRENT,87.5400
2023-01-23,WTI,81.6200
2023-01-24,BRENT,85.2500
2023-01-24,WTI,79.8600
2023-01-25,BRENT,85.0800
2023-01-25,WTI,79.7800
2023-01-26,BRENT,86.2900
2023-01-26,WTI,80.6400
2023-01-27,BRENT,85.3600
2023-01-27,WTI,79.7300
2023-01-30,BRENT,84.9000
2023-01-30,WTI,77.9700
2023-01-31,BRENT,83.4200
2023-01-31,WTI,78.9500
2023-02-01,BRENT,81.6100
2023-02-01,WTI,76.3400
2023-02-02,BRENT,80.5700
2023-02-02,WTI,75.8700
2023-02-03,BRENT,78.8500
2023-02-03,WTI,73.4000
2023-02-06,BRENT,80.4800
2023-02-06,WTI,74.1100
2023-02-07,BRENT,82.9200
2023-02-07,WTI,77.1700
2023-02-08,BRENT,84.1700
2023-02-08,WTI,78.4700
2023-02-09,BRENT,83.4600
2023-02-09,WTI,78.0400
2023-02-10,BRENT,85.4600
2023-02-10,WTI,79.7400
2023-02-13,BRENT,85.9800
2023-02-13,WTI,80.1400
2023-02-14,BRENT,84.9600
2023-02-14,WTI,79.0800
2023-02-15,BRENT,84.1100
2023-02-15,WTI,78.5700
2023-02-16,BRENT,83.8400
2023-02-16,WTI,78.4500
2023-02-17,BRENT,81.9700
2023-02-17,WTI,76.3100
2023-02-21,BRENT,82.1400
2023-02-21,WTI,76.2800
2023-02-22,BRENT,79.5500
2023-02-22,WTI,73.9500
2023-02-23,BRENT,82.0800
2023-02-23,WTI,75.2600
2023-02-24,BRENT,82.3100
2023-02-24,WTI,76.1900
2023-02-27,BRENT,81.2400
2023-02-27,WTI,75.5700
2023-02-28,BRENT,83.2100
2023-02-28,WTI,76.8800
2023-03-01,BRENT,83.6800
2023-03-01,WTI,77.5700
2023-03-02,BRENT,84.1500
2023-03-02,WTI,78.0500
2023-03-03,BRENT,85.7400
2023-03-03,WTI,79.6200
2023-03-06,BRENT,85.8600
2023-03-06,WTI,80.3900
2023-03-07,BRENT,83.0300
2023-03-07,WTI,77.4500
2023-03-08,BRENT,82.1000
2023-03-08,WTI,76.5600
2023-03-09,BRENT,81.0000
2023-03-09,WTI,75.6000
2023-03-10,BRENT,82.3000
2023-03-10,WTI,76.5500
2023-03-13,BRENT,79.6700
2023-03-13,WTI,74.6800
2023-03-14,BRENT,76.7700
2023-03-14,WTI,71.1800
2023-03-15,BRENT,74.3000
2023-03-15,WTI,67.3800
2023-03-16,BRENT,73.1200
2023-03-16,WTI,68.1500
2023-03-17,BRENT,71.0300
2023-03-17,WTI,66.6100
2023-03-20,BRENT,72.4200
2023-03-20,WTI,67.5600
2023-03-21,BRENT,74.7800
2023-03-21,WTI,69.4000
2023-03-22,BRENT,76.0800
2023-03-22,WTI,70.7100
2023-03-23,BRENT,74.3100
2023-03-23,WTI,69.7700
2023-03-24,BRENT,73.6300
2023-03-24,WTI,69.2200
2023-03-27,BRENT,76.8000
2023-03-27,WTI,72.8700
2023-03-28,BRENT,78.0700
2023-03-28,WTI,73.1200
2023-03-29,BRENT,77.5100
2023-03-29,WTI,72.9500
2023-03-30,BRENT,78.4500
2023-03-30,WTI,74.3200
2023-03-31,BRENT,79.1900
2023-03-31,WTI,75.6800
2023-04-03,BRENT,85.8100
2023-04-03,WTI,80.4000
2023-04-04,BRENT,85.7000
2023-04-04,WTI,80.7000
2023-04-05,BRENT,85.8900
2023-04-05,WTI,80.6900
2023-04-06,BRENT,86.5600
2023-04-06,WTI,80.7000
2023-04-11,BRENT,87.3200
2023-04-11,WTI,81.5400
2023-04-12,BRENT,88.3100
2023-04-12,WTI,83.2600
2023-04-13,BRENT,86.5100
2023-04-13,WTI,82.1600
2023-04-14,BRENT,87.3100
2023-04-14,WTI,82.5800
2023-04-17,BRENT,85.6300
2023-04-17,WTI,80.9300
2023-04-18,BRENT,85.4800
2023-04-18,WTI,80.8500
2023-04-19,BRENT,85.3400
2023-04-19,WTI,79.1800
2023-04-20,BRENT,83.2900
2023-04-20,WTI,77.2700
2023-04-21,BRENT,83.3600
2023-04-21,WTI,77.8600
2023-04-24,BRENT,84.2300
2023-04-24,WTI,78.6400
2023-04-25,BRENT,82.1300
2023-04-25,WTI,77.0500
2023-04-26,BRENT,79.1900
2023-04-26,WTI,74.3300
2023-04-27,BRENT,80.1100
2023-04-27,WTI,74.7700
2023-04-28,BRENT,81.3200
2023-04-28,WTI,76.7800
2023-05-02,BRENT,76.7100
2023-05-02,WTI,71.7100
2023-05-03,BRENT,72.9100
2023-05-03,WTI,68.6200
2023-05-04,BRENT,73.0000
2023-05-04,WTI,68.5200
2023-05-05,BRENT,75.8500
2023-05-05,WTI,71.3200
2023-05-09,BRENT,77.7600
2023-05-09,WTI,73.6800
2023-05-10,BRENT,76.7000
2023-05-10,WTI,72.5300
2023-05-11,BRENT,75.3200
2023-05-11,WTI,70.8100
2023-05-12,BRENT,74.5400
2023-05-12,WTI,70.0200
2023-05-15,BRENT,75.4600
2023-05-15,WTI,71.0700
2023-05-16,BRENT,75.1500
2023-05-16,WTI,70.8500
2023-05-17,BRENT,76.9800
2023-05-17,WTI,72.7800
2023-05-18,BRENT,75.7500
2023-05-18,WTI,71.8200
2023-05-19,BRENT,75.4200
2023-05-19,WTI,71.5700
2023-05-22,BRENT,75.7700
2023-05-22,WTI,71.8100
2023-05-23,BRENT,76.6600
2023-05-23,WTI,72.8700
2023-05-24,BRENT,77.9900
2023-05-24,WTI,74.3700
2023-05-25,BRENT,75.6600
2023-05-25,WTI,71.6800
2023-05-26,BRENT,76.3300
2023-05-26,WTI,72.3500
2023-05-30,BRENT,73.3800
2023-05-30,WTI,69.4500
2023-05-31,BRENT,71.9800
2023-05-31,WTI,68.1100
2023-06-01,BRENT,74.1800
2023-06-01,WTI,70.0900
2023-06-02,BRENT,76.0000
2023-06-02,WTI,71.7600
2023-06-05,BRENT,76.6100
2023-06-05,WTI,72.1400
2023-06-06,BRENT,76.2200
2023-06-06,WTI,71.7100
2023-06-07,BRENT,76.8500
2023-06-07,WTI,72.5200
2023-06-08,BRENT,75.8800
2023-06-08,WTI,71.2800
2023-06-09,BRENT,74.7400
2023-06-09,WTI,70.1600
2023-06-12,BRENT,71.8000
2023-06-12,WTI,67.0800
2023-06-13,BRENT,74.2400
2023-06-13,WTI,69.3900
2023-06-14,BRENT,73.3900
2023-06-14,WTI,68.2200
2023-06-15,BRENT,75.7500
2023-06-15,WTI,70.6100
2023-06-16,BRENT,76.7600
2023-06-16,WTI,71.8100
2023-06-20,BRENT,75.7900
2023-06-20,WTI,70.9400
2023-06-21,BRENT,76.9200
2023-06-21,WTI,72.5500
2023-06-22,BRENT,73.9300
2023-06-22,WTI,69.2200
2023-06-23,BRENT,73.5600
2023-06-23,WTI,68.9100
2023-06-26,BRENT,73.8600
2023-06-26,WTI,69.0900
2023-06-27,BRENT,71.8800
2023-06-27,WTI,67.6800
2023-06-28,BRENT,73.6400
2023-06-28,WTI,69.5400
2023-06-29,BRENT,73.8600
2023-06-29,WTI,69.8500
2023-06-30,BRENT,74.5100
2023-06-30,WTI,70.6600
2023-07-03,BRENT,74.5200
2023-07-03,WTI,69.7100
2023-07-05,BRENT,76.7400
2023-07-05,WTI,71.7800
2023-07-06,BRENT,76.7200
2023-07-06,WTI,71.7600
2023-07-07,BRENT,78.7700
2023-07-07,WTI,73.9100
2023-07-10,BRENT,77.8300
2023-07-10,WTI,73.0500
2023-07-11,BRENT,79.5400
2023-07-11,WTI,74.8700
2023-07-12,BRENT,80.3500
2023-07-12,WTI,75.7700
2023-07-13,BRENT,81.3100
2023-07-13,WTI,76.8600
2023-07-14,BRENT,79.9000
2023-07-14,WTI,75.4400
2023-07-17,BRENT,77.8000
2023-07-17,WTI,74.1700
2023-07-18,BRENT,79.5400
2023-07-18,WTI,75.7600
2023-07-19,BRENT,79.3800
2023-07-19,WTI,75.4000
2023-07-20,BRENT,79.6200
2023-07-20,WTI,75.6500
2023-07-21,BRENT,81.0600
2023-07-21,WTI,77.0600
2023-07-24,BRENT,82.5300
2023-07-24,WTI,78.8100
2023-07-25,BRENT,83.4600
2023-07-25,WTI,79.7600
2023-07-26,BRENT,82.9800
2023-07-26,WTI,79.1100
2023-07-27,BRENT,84.2800
2023-07-27,WTI,80.1700
2023-07-28,BRENT,84.4900
2023-07-28,WTI,80.5500
2023-07-31,BRENT,85.2200
2023-07-31,WTI,81.8000
2023-08-01,BRENT,85.3400
2023-08-01,WTI,81.3700
2023-08-02,BRENT,84.0100
2023-08-02,WTI,79.5000
2023-08-03,BRENT,86.1900
2023-08-03,WTI,81.5600
2023-08-04,BRENT,87.3800
2023-08-04,WTI,82.7600
2023-08-07,BRENT,86.4700
2023-08-07,WTI,81.9400
2023-08-08,BRENT,88.0000
2023-08-08,WTI,82.9400
2023-08-09,BRENT,89.3100
2023-08-09,WTI,84.3500
2023-08-10,BRENT,87.4400
2023-08-10,WTI,82.8100
2023-08-11,BRENT,87.9300
2023-08-11,WTI,83.1700
2023-08-14,BRENT,87.4000
2023-08-14,WTI,82.5000
2023-08-15,BRENT,86.2800
2023-08-15,WTI,81.0600
2023-08-16,BRENT,84.4900
2023-08-16,WTI,79.4000
2023-08-17,BRENT,85.2400
2023-08-17,WTI,80.4300
2023-08-18,BRENT,85.9200
2023-08-18,WTI,81.2500
2023-08-21,BRENT,85.4400
2023-08-21,WTI,80.7100
2023-08-22,BRENT,84.7000
2023-08-22,WTI,80.2500
2023-08-23,BRENT,83.9400
2023-08-23,WTI,78.9100
2023-08-24,BRENT,84.0700
2023-08-24,WTI,79.5200
2023-08-25,BRENT,85.4200
2023-08-25,WTI,80.4700
2023-08-29,BRENT,86.3700
2023-08-29,WTI,81.1400
2023-08-30,BRENT,86.6200
2023-08-30,WTI,81.6400
2023-08-31,BRENT,87.2900
2023-08-31,WTI,83.5500
2023-09-01,BRENT,89.9800
2023-09-01,WTI,85.5200
2023-09-05,BRENT,91.2500
2023-09-05,WTI,86.7400
2023-09-06,BRENT,91.7900
2023-09-06,WTI,87.5500
2023-09-07,BRENT,91.1600
2023-09-07,WTI,86.8700
2023-09-08,BRENT,91.8500
2023-09-08,WTI,87.5100
2023-09-11,BRENT,91.9700
2023-09-11,WTI,87.3000
2023-09-12,BRENT,93.5800
2023-09-12,WTI,88.8700
2023-09-13,BRENT,93.0400
2023-09-13,WTI,88.5900
2023-09-14,BRENT,95.2000
2023-09-14,WTI,90.1300
2023-09-15,BRENT,95.5500
2023-09-15,WTI,90.8300
2023-09-18,BRENT,95.9500
2023-09-18,WTI,91.4700
2023-09-19,BRENT,96.1100
2023-09-19,WTI,91.1600
2023-09-20,BRENT,94.5600
2023-09-20,WTI,89.2000
2023-09-21,BRENT,93.7000
2023-09-21,WTI,89.5600
2023-09-22,BRENT,93.9900
2023-09-22,WTI,90.0000
2023-09-25,BRENT,94.0100
2023-09-25,WTI,89.6800
2023-09-26,BRENT,94.4600
2023-09-26,WTI,91.4300
2023-09-27,BRENT,97.1000
2023-09-27,WTI,93.6700
2023-09-28,BRENT,96.6400
2023-09-28,WTI,91.6500
2023-09-29,BRENT,95.8600
2023-09-29,WTI,90.7700
2023-10-02,BRENT,91.2100
2023-10-02,WTI,88.8100
2023-10-03,BRENT,94.4600
2023-10-03,WTI,89.2600
2023-10-04,BRENT,89.8300
2023-10-04,WTI,84.3200
2023-10-05,BRENT,88.2800
2023-10-05,WTI,82.3000
2023-10-06,BRENT,87.8600
2023-10-06,WTI,82.8300
2023-10-10,BRENT,90.7000
2023-10-10,WTI,85.8900
2023-10-11,BRENT,87.5800
2023-10-11,WTI,83.7000
2023-10-12,BRENT,88.4000
2023-10-12,WTI,82.8700
2023-10-13,BRENT,94.3300
2023-10-13,WTI,87.6700
2023-10-16,BRENT,90.9900
2023-10-16,WTI,86.6500
2023-10-17,BRENT,92.5200
2023-10-17,WTI,86.6600
2023-10-18,BRENT,91.9900
2023-10-18,WTI,88.3500
2023-10-19,BRENT,93.1200
2023-10-19,WTI,89.3500
2023-10-20,BRENT,93.7200
2023-10-20,WTI,89.1200
2023-10-23,BRENT,91.8800
2023-10-23,WTI,85.4900
2023-10-24,BRENT,88.0000
2023-10-24,WTI,84.5800
2023-10-25,BRENT,90.1400
2023-10-25,WTI,86.0700
2023-10-26,BRENT,88.4500
2023-10-26,WTI,83.8000
2023-10-27,BRENT,90.7300
2023-10-27,WTI,86.0400
2023-10-30,BRENT,90.7300
2023-10-30,WTI,83.0300
2023-10-31,BRENT,86.8200
2023-10-31,WTI,81.6400
2023-11-01,BRENT,86.9200
2023-11-01,WTI,81.0500
2023-11-02,BRENT,89.0200
2023-11-02,WTI,83.0400
2023-11-03,BRENT,87.5500
2023-11-03,WTI,81.1900
2023-11-06,BRENT,87.3100
2023-11-06,WTI,81.5400
2023-11-07,BRENT,83.4300
2023-11-07,WTI,77.9600
2023-11-08,BRENT,81.4600
2023-11-08,WTI,75.8500
2023-11-09,BRENT,81.7400
2023-11-09,WTI,76.3400
2023-11-13,BRENT,84.0900
2023-11-13,WTI,78.8600
2023-11-14,BRENT,84.2000
2023-11-14,WTI,78.9000
2023-11-15,BRENT,82.4000
2023-11-15,WTI,77.1500
2023-11-16,BRENT,77.7300
2023-11-16,WTI,73.5000
2023-11-17,BRENT,81.2200
2023-11-17,WTI,76.4700
2023-11-20,BRENT,83.2500
2023-11-20,WTI,78.1000
2023-11-21,BRENT,82.4200
2023-11-21,WTI,78.3500
2023-11-22,BRENT,81.7600
2023-11-22,WTI,76.8000
2023-11-24,BRENT,79.8200
2023-11-24,WTI,74.8300
2023-11-27,BRENT,79.4900
2023-11-27,WTI,74.4600
2023-11-28,BRENT,81.6600
2023-11-28,WTI,76.0900
2023-11-29,BRENT,82.9800
2023-11-29,WTI,77.5600
2023-11-30,BRENT,81.7200
2023-11-30,WTI,75.6600
2023-12-01,BRENT,78.7200
2023-12-01,WTI,73.7000
2023-12-04,BRENT,78.1600
2023-12-04,WTI,72.7300
2023-12-05,BRENT,77.2700
2023-12-05,WTI,71.9500
2023-12-06,BRENT,74.3300
2023-12-06,WTI,68.9800
2023-12-07,BRENT,74.2100
2023-12-07,WTI,69.0000
2023-12-08,BRENT,75.9400
2023-12-08,WTI,70.8700
2023-12-11,BRENT,75.7500
2023-12-11,WTI,70.9500
2023-12-12,BRENT,74.1100
2023-12-12,WTI,68.2700
2023-12-13,BRENT,74.1400
2023-12-13,WTI,69.0900
2023-12-14,BRENT,77.0500
2023-12-14,WTI,71.2100
2023-12-15,BRENT,76.8400
2023-12-15,WTI,71.0500
2023-12-18,BRENT,78.8900
2023-12-18,WTI,72.1600
2023-12-19,BRENT,79.8200
2023-12-19,WTI,73.2300
2023-12-20,BRENT,81.1000
2023-12-20,WTI,73.8700
2023-12-21,BRENT,80.7300
2023-12-21,WTI,73.5900
2023-12-22,BRENT,80.2300
2023-12-22,WTI,73.2900
2023-12-27,BRENT,80.9700
2023-12-27,WTI,74.3100
2023-12-28,BRENT,79.0400
2023-12-28,WTI,72.0200
2023-12-29,BRENT,77.6900
2023-12-29,WTI,71.8900
2024-01-02,BRENT,76.2400
2024-01-02,WTI,70.6200
2024-01-03,BRENT,77.1800
2024-01-03,WTI,72.9700
2024-01-04,BRENT,75.7900
2024-01-04,WTI,72.3800
2024-01-05,BRENT,78.3100
2024-01-05,WTI,74.0000
2024-01-08,BRENT,75.4700
2024-01-08,WTI,71.0600
2024-01-09,BRENT,77.9700
2024-01-09,WTI,72.4300
2024-01-10,BRENT,78.4600
2024-01-10,WTI,71.5700
2024-01-11,BRENT,80.2100
2024-01-11,WTI,72.1500
2024-01-12,BRENT,79.8900
2024-01-12,WTI,72.9400
2024-01-16,BRENT,80.1500
2024-01-16,WTI,72.6300
2024-01-17,BRENT,78.8800
2024-01-17,WTI,72.7900
2024-01-18,BRENT,81.0400
2024-01-18,WTI,74.3200
2024-01-19,BRENT,80.7100
2024-01-19,WTI,73.6900
2024-01-22,BRENT,81.7000
2024-01-22,WTI,75.2600
2024-01-23,BRENT,82.0400
2024-01-23,WTI,74.7200
2024-01-24,BRENT,82.1500
2024-01-24,WTI,75.4800
2024-01-25,BRENT,82.3300
2024-01-25,WTI,77.9100
2024-01-26,BRENT,83.3400
2024-01-26,WTI,78.4500
2024-01-29,BRENT,83.9900
2024-01-29,WTI,77.2500
2024-01-30,BRENT,84.1400
2024-01-30,WTI,78.3000
2024-01-31,BRENT,82.9800
2024-01-31,WTI,76.2800
2024-02-01,BRENT,82.2000
2024-02-01,WTI,74.3600
2024-02-02,BRENT,79.5400
2024-02-02,WTI,72.7200
2024-02-05,BRENT,79.3000
2024-02-05,WTI,73.2100
2024-02-06,BRENT,80.4600
2024-02-06,WTI,73.8300
2024-02-07,BRENT,81.1800
2024-02-07,WTI,74.2600
2024-02-08,BRENT,83.0100
2024-02-08,WTI,76.6700
2024-02-09,BRENT,83.5800
2024-02-09,WTI,77.2600
2024-02-12,BRENT,83.8800
2024-02-12,WTI,77.3400
2024-02-13,BRENT,84.7200
2024-02-13,WTI,78.2800
2024-02-14,BRENT,84.4100
2024-02-14,WTI,77.0900
2024-02-15,BRENT,84.3300
2024-02-15,WTI,78.4700
2024-02-16,BRENT,84.8800
2024-02-16,WTI,79.6500
2024-02-20,BRENT,84.7800
2024-02-20,WTI,78.7200
2024-02-21,BRENT,84.7700
2024-02-21,WTI,78.8900
2024-02-22,BRENT,85.8400
2024-02-22,WTI,79.6400
2024-02-23,BRENT,84.1800
2024-02-23,WTI,77.6000
2024-02-26,BRENT,84.0100
2024-02-26,WTI,78.5300
2024-02-27,BRENT,83.8000
2024-02-27,WTI,79.8000
2024-02-28,BRENT,84.0800
2024-02-28,WTI,79.4400
2024-02-29,BRENT,84.5700
2024-02-29,WTI,79.2200
2024-03-01,BRENT,84.8200
2024-03-01,WTI,80.9000
2024-03-04,BRENT,86.5800
2024-03-04,WTI,79.6700
2024-03-05,BRENT,85.8200
2024-03-05,WTI,79.1100
2024-03-06,BRENT,86.5900
2024-03-06,WTI,80.0800
2024-03-07,BRENT,84.8800
2024-03-07,WTI,79.8100
2024-03-08,BRENT,84.2900
2024-03-08,WTI,78.9600
2024-03-11,BRENT,83.4400
2024-03-11,WTI,78.8700
2024-03-12,BRENT,83.6600
2024-03-12,WTI,78.5100
2024-03-13,BRENT,83.9500
2024-03-13,WTI,80.6700
2024-03-14,BRENT,86.1600
2024-03-14,WTI,82.1600
2024-03-15,BRENT,85.3900
2024-03-15,WTI,81.9400
2024-03-18,BRENT,86.4700
2024-03-18,WTI,83.6800
2024-03-19,BRENT,87.3600
2024-03-19,WTI,84.3900
2024-03-20,BRENT,85.7700
2024-03-20,WTI,82.7900
2024-03-21,BRENT,84.9200
2024-03-21,WTI,81.9900
2024-03-22,BRENT,84.8700
2024-03-22,WTI,81.1000
2024-03-25,BRENT,86.1800
2024-03-25,WTI,82.4100
2024-03-26,BRENT,85.9100
2024-03-26,WTI,82.4100
2024-03-27,BRENT,84.9400
2024-03-27,WTI,82.1500
2024-03-28,BRENT,86.1700
2024-03-28,WTI,83.9600
2024-04-02,BRENT,87.6300
2024-04-02,WTI,85.9500
2024-04-03,BRENT,90.6000
2024-04-03,WTI,86.2200
2024-04-04,BRENT,90.3200
2024-04-04,WTI,87.3700
2024-04-05,BRENT,92.8100
2024-04-05,WTI,87.6900
2024-04-08,BRENT,91.7300
2024-04-08,WTI,87.2400
2024-04-09,BRENT,92.1300
2024-04-09,WTI,86.0400
2024-04-10,BRENT,91.5700
2024-04-10,WTI,86.9800
2024-04-11,BRENT,91.4900
2024-04-11,WTI,85.7900
2024-04-12,BRENT,93.1200
2024-04-12,WTI,86.4600
2024-04-15,BRENT,90.8400
2024-04-15,WTI,86.2100
2024-04-16,BRENT,91.2900
2024-04-16,WTI,86.1500
2024-04-17,BRENT,89.5400
2024-04-17,WTI,83.5800
2024-04-18,BRENT,88.3400
2024-04-18,WTI,83.5000
2024-04-19,BRENT,87.9600
2024-04-19,WTI,83.7900
2024-04-22,BRENT,87.3000
2024-04-22,WTI,83.8200
2024-04-23,BRENT,88.2900
2024-04-23,WTI,84.1700
2024-04-24,BRENT,89.0200
2024-04-24,WTI,84.0900
2024-04-25,BRENT,88.1000
2024-04-25,WTI,84.9200
2024-04-26,BRENT,89.9500
2024-04-26,WTI,85.3800
2024-04-29,BRENT,88.4400
2024-04-29,WTI,84.2600
2024-04-30,BRENT,88.2300
2024-04-30,WTI,83.4900
2024-05-01,BRENT,83.5500
2024-05-01,WTI,80.7000
2024-05-02,BRENT,84.8100
2024-05-02,WTI,80.5900
2024-05-03,BRENT,83.6000
2024-05-03,WTI,79.6500
2024-05-07,BRENT,82.6900
2024-05-07,WTI,79.9700
2024-05-08,BRENT,82.4400
2024-05-08,WTI,80.5700
2024-05-09,BRENT,83.2700
2024-05-09,WTI,80.8600
2024-05-10,BRENT,83.3900
2024-05-10,WTI,79.8100
2024-05-13,BRENT,83.1800
2024-05-13,WTI,80.7100
2024-05-14,BRENT,81.0000
2024-05-14,WTI,79.6200
2024-05-15,BRENT,79.9800
2024-05-15,WTI,80.2300
2024-05-16,BRENT,81.6500
2024-05-16,WTI,80.8500
2024-05-17,BRENT,82.2400
2024-05-17,WTI,81.6600
2024-05-20,BRENT,81.9100
2024-05-20,WTI,81.3900
2024-05-21,BRENT,81.2200
2024-05-21,WTI,80.6600
2024-05-22,BRENT,79.9000
2024-05-22,WTI,79.1500
2024-05-23,BRENT,79.2500
2024-05-23,WTI,77.4700
2024-05-24,BRENT,78.9200
2024-05-24,WTI,78.4800
2024-05-28,BRENT,81.3400
2024-05-28,WTI,80.9000
2024-05-29,BRENT,81.5000
2024-05-29,WTI,80.2400
2024-05-30,BRENT,81.4200
2024-05-30,WTI,78.9600
2024-05-31,BRENT,79.4100
2024-05-31,WTI,77.9700
2024-06-03,BRENT,76.4500
2024-06-03,WTI,75.2600
2024-06-04,BRENT,75.3300
2024-06-04,WTI,74.2700
2024-06-05,BRENT,75.4100
2024-06-05,WTI,75.0800
2024-06-06,BRENT,77.6200
2024-06-06,WTI,76.5200
2024-06-07,BRENT,78.1200
2024-06-07,WTI,76.5300
2024-06-10,BRENT,79.5900
2024-06-10,WTI,78.7500
2024-06-11,BRENT,80.1500
2024-06-11,WTI,78.8800
2024-06-12,BRENT,80.5200
2024-06-12,WTI,79.5600
2024-06-13,BRENT,81.4400
2024-06-13,WTI,79.6100
2024-06-14,BRENT,81.4900
2024-06-14,WTI,79.4100
2024-06-17,BRENT,82.4500
2024-06-17,WTI,81.3300
2024-06-18,BRENT,84.7900
2024-06-18,WTI,82.6700
2024-06-20,BRENT,85.9200
2024-06-20,WTI,83.3400
2024-06-21,BRENT,86.4200
2024-06-21,WTI,81.7100
2024-06-24,BRENT,86.7500
2024-06-24,WTI,82.6300
2024-06-25,BRENT,86.8100
2024-06-25,WTI,81.9700
2024-06-26,BRENT,85.7600
2024-06-26,WTI,82.1900
2024-06-27,BRENT,87.0000
2024-06-27,WTI,83.0400
2024-06-28,BRENT,87.2600
2024-06-28,WTI,82.8300
2024-07-01,BRENT,86.5700
2024-07-01,WTI,84.7000
2024-07-02,BRENT,88.2800
2024-07-02,WTI,84.0900
2024-07-03,BRENT,88.2500
2024-07-03,WTI,85.1900
2024-07-05,BRENT,88.6600
2024-07-05,WTI,84.4400
2024-07-08,BRENT,87.1500
2024-07-08,WTI,83.6300
2024-07-09,BRENT,86.4800
2024-07-09,WTI,82.7800
2024-07-10,BRENT,86.5500
2024-07-10,WTI,83.3900
2024-07-11,BRENT,86.4900
2024-07-11,WTI,83.9200
2024-07-12,BRENT,87.3500
2024-07-12,WTI,83.4900
2024-07-15,BRENT,86.4200
2024-07-15,WTI,83.2200
2024-07-16,BRENT,86.6000
2024-07-16,WTI,81.9200
2024-07-17,BRENT,85.7600
2024-07-17,WTI,84.1600
2024-07-18,BRENT,86.2600
2024-07-18,WTI,84.1700
2024-07-19,BRENT,85.1900
2024-07-19,WTI,81.4300
2024-07-22,BRENT,83.4400
2024-07-22,WTI,81.2500
2024-07-23,BRENT,82.2000
2024-07-23,WTI,78.2400
2024-07-24,BRENT,83.0100
2024-07-24,WTI,78.7800
2024-07-25,BRENT,82.5800
2024-07-25,WTI,79.4300
2024-07-26,BRENT,81.3500
2024-07-26,WTI,78.5800
2024-07-29,BRENT,80.9400
2024-07-29,WTI,77.2700
2024-07-30,BRENT,79.2600
2024-07-30,WTI,76.1700
2024-07-31,BRENT,81.3900
2024-07-31,WTI,79.3600
2024-08-01,BRENT,81.3700
2024-08-01,WTI,77.7400
2024-08-02,BRENT,78.3500
2024-08-02,WTI,74.9900
2024-08-05,BRENT,77.5100
2024-08-05,WTI,74.4600
2024-08-06,BRENT,76.6200
2024-08-06,WTI,74.6000
2024-08-07,BRENT,78.2600
2024-08-07,WTI,76.6800
2024-08-08,BRENT,80.7600
2024-08-08,WTI,77.6400
2024-08-09,BRENT,81.0700
2024-08-09,WTI,78.2800
2024-08-12,BRENT,83.0600
2024-08-12,WTI,81.4500
2024-08-13,BRENT,82.5100
2024-08-13,WTI,79.8100
2024-08-14,BRENT,82.1500
2024-08-14,WTI,78.4700
2024-08-15,BRENT,83.0900
2024-08-15,WTI,79.6600
2024-08-16,BRENT,81.5600
2024-08-16,WTI,78.0500
2024-08-19,BRENT,81.0900
2024-08-19,WTI,75.8200
2024-08-20,BRENT,78.8500
2024-08-20,WTI,75.2700
2024-08-21,BRENT,78.7700
2024-08-21,WTI,72.7600
2024-08-22,BRENT,78.8000
2024-08-22,WTI,73.7200
2024-08-23,BRENT,80.3400
2024-08-23,WTI,75.8200
2024-08-27,BRENT,81.5100
2024-08-27,WTI,76.5000
2024-08-28,BRENT,80.0400
2024-08-28,WTI,75.4900
2024-08-29,BRENT,81.5500
2024-08-29,WTI,76.9000
2024-08-30,BRENT,80.2000
2024-08-30,WTI,74.5200
2024-09-03,BRENT,76.4600
2024-09-03,WTI,71.2800
2024-09-04,BRENT,74.6700
2024-09-04,WTI,70.1100
2024-09-05,BRENT,74.4700
2024-09-05,WTI,70.0900
2024-09-06,BRENT,72.8200
2024-09-06,WTI,68.5800
2024-09-09,BRENT,72.3700
2024-09-09,WTI,69.6500
2024-09-10,BRENT,70.3400
2024-09-10,WTI,66.7300
2024-09-11,BRENT,70.3100
2024-09-11,WTI,68.2500
2024-09-12,BRENT,73.8100
2024-09-12,WTI,69.8900
2024-09-13,BRENT,73.6800
2024-09-13,WTI,69.5900
2024-09-16,BRENT,73.9600
2024-09-16,WTI,71.1000
2024-09-17,BRENT,74.5500
2024-09-17,WTI,72.1600
2024-09-18,BRENT,74.5200
2024-09-18,WTI,71.8700
2024-09-19,BRENT,75.9300
2024-09-19,WTI,72.8600
2024-09-20,BRENT,75.9600
2024-09-20,WTI,72.7200
2024-09-23,BRENT,74.9500
2024-09-23,WTI,71.3300
2024-09-24,BRENT,75.2900
2024-09-24,WTI,72.3400
2024-09-25,BRENT,75.4000
2024-09-25,WTI,70.4200
2024-09-26,BRENT,73.0600
2024-09-26,WTI,68.2800
2024-09-27,BRENT,71.6300
2024-09-27,WTI,68.7200
2024-09-30,BRENT,72.3500
2024-09-30,WTI,68.7500
2024-10-01,BRENT,75.3000
2024-10-01,WTI,70.4100
2024-10-02,BRENT,74.8600
2024-10-02,WTI,70.7400
2024-10-03,BRENT,77.5700
2024-10-03,WTI,74.3300
2024-10-04,BRENT,79.3200
2024-10-04,WTI,74.9300
2024-10-07,BRENT,81.7400
2024-10-07,WTI,77.7600
2024-10-08,BRENT,78.1900
2024-10-08,WTI,74.2600
2024-10-09,BRENT,77.0600
2024-10-09,WTI,73.8500
2024-10-10,BRENT,79.4500
2024-10-10,WTI,76.4600
2024-10-11,BRENT,80.2700
2024-10-11,WTI,76.1100
2024-10-15,BRENT,73.6800
2024-10-15,WTI,71.2200
2024-10-16,BRENT,73.6500
2024-10-16,WTI,70.9700
2024-10-17,BRENT,74.3700
2024-10-17,WTI,71.2600
2024-10-18,BRENT,72.7500
2024-10-18,WTI,69.7800
2024-10-21,BRENT,73.2900
2024-10-21,WTI,71.1600
2024-10-22,BRENT,75.5900
2024-10-22,WTI,72.8400
2024-10-23,BRENT,74.6800
2024-10-23,WTI,71.3700
2024-10-24,BRENT,74.2700
2024-10-24,WTI,70.5800
2024-10-25,BRENT,75.6200
2024-10-25,WTI,72.0200
2024-10-28,BRENT,71.8700
2024-10-28,WTI,67.6500
2024-10-29,BRENT,71.0900
2024-10-29,WTI,67.4800
2024-10-30,BRENT,73.2100
2024-10-30,WTI,68.9100
2024-10-31,BRENT,73.2500
2024-10-31,WTI,69.5800
2024-11-01,BRENT,73.6300
2024-11-01,WTI,69.8100
2024-11-04,BRENT,74.8900
2024-11-04,WTI,71.8300
2024-11-05,BRENT,76.9800
2024-11-05,WTI,72.2600
2024-11-06,BRENT,76.5200
2024-11-06,WTI,71.9800
2024-11-07,BRENT,75.7300
2024-11-07,WTI,72.6900
2024-11-08,BRENT,74.0400
2024-11-08,WTI,70.6900
2024-11-12,BRENT,72.5600
2024-11-12,WTI,68.4300
2024-11-13,BRENT,72.8600
2024-11-13,WTI,68.7600
2024-11-14,BRENT,73.3900
2024-11-14,WTI,68.9900
2024-11-15,BRENT,73.4500
2024-11-15,WTI,67.3300
2024-11-18,BRENT,74.3500
2024-11-18,WTI,69.4600
2024-11-19,BRENT,74.3200
2024-11-19,WTI,69.7500
2024-11-20,BRENT,74.3300
2024-11-20,WTI,69.2500
2024-11-21,BRENT,75.0900
2024-11-21,WTI,70.3900
2024-11-22,BRENT,76.1000
2024-11-22,WTI,71.6800
2024-11-25,BRENT,74.2700
2024-11-25,WTI,69.4100
2024-11-26,BRENT,74.5600
2024-11-26,WTI,69.0500
2024-11-27,BRENT,73.9100
2024-11-27,WTI,69.0300
2024-11-29,BRENT,74.1600
2024-11-29,WTI,68.2600
2024-12-02,BRENT,72.8100
2024-12-02,WTI,68.3500
2024-12-03,BRENT,74.8000
2024-12-03,WTI,70.1500
2024-12-04,BRENT,74.6800
2024-12-04,WTI,68.8100
2024-12-05,BRENT,73.7800
2024-12-05,WTI,68.5800
2024-12-06,BRENT,73.7800
2024-12-06,WTI,68.5800
2024-12-09,BRENT,73.7300
2024-12-09,WTI,68.6500
2024-12-10,BRENT,73.6400
2024-12-10,WTI,68.8500
2024-12-11,BRENT,74.3800
2024-12-11,WTI,70.5700
2024-12-12,BRENT,73.5200
2024-12-12,WTI,70.2500
2024-12-13,BRENT,74.8900
2024-12-13,WTI,71.5400
2024-12-16,BRENT,74.3000
2024-12-16,WTI,71.0300
2024-12-17,BRENT,73.1600
2024-12-17,WTI,70.3100
2024-12-18,BRENT,74.5700
2024-12-18,WTI,70.8000
2024-12-19,BRENT,73.7500
2024-12-19,WTI,70.1000
2024-12-20,BRENT,73.1900
2024-12-20,WTI,69.7100
2024-12-23,BRENT,72.1200
2024-12-23,WTI,69.5000
2024-12-24,BRENT,73.5000
2024-12-24,WTI,70.8700
2024-12-27,BRENT,73.7700
2024-12-27,WTI,71.2800
2024-12-30,BRENT,74.2400
2024-12-30,WTI,71.7300
2024-12-31,BRENT,74.5800
2024-12-31,WTI,72.4400
2025-01-02,BRENT,76.1400
2025-01-02,WTI,73.7900
2025-01-03,BRENT,76.7200
2025-01-03,WTI,74.6400
2025-01-06,BRENT,77.2700
2025-01-06,WTI,74.3100
2025-01-07,BRENT,77.8400
2025-01-07,WTI,74.9900
2025-01-08,BRENT,77.3700
2025-01-08,WTI,73.9900
2025-01-10,BRENT,79.7600
2025-01-10,WTI,77.2700
2025-01-13,BRENT,82.6900
2025-01-13,WTI,79.5700
2025-01-14,BRENT,82.3900
2025-01-14,WTI,78.2000
2025-01-15,BRENT,83.4800
2025-01-15,WTI,80.7300
2025-01-16,BRENT,82.3900
2025-01-16,WTI,79.3500
2025-01-17,BRENT,83.0200
2025-01-17,WTI,78.5600
2025-01-21,BRENT,80.5700
2025-01-21,WTI,76.7900
2025-01-22,BRENT,80.0000
2025-01-22,WTI,76.1200
2025-01-23,BRENT,78.6200
2025-01-23,WTI,75.0300
2025-01-24,BRENT,78.7100
2025-01-24,WTI,74.9700
2025-01-27,BRENT,77.3000
2025-01-27,WTI,73.5100
2025-01-28,BRENT,78.0100
2025-01-28,WTI,74.1500
2025-01-29,BRENT,77.0200
2025-01-29,WTI,72.9400
2025-01-30,BRENT,77.4200
2025-01-30,WTI,73.1000
2025-01-31,BRENT,77.1100
2025-01-31,WTI,72.8400
2025-02-03,BRENT,76.4900
2025-02-03,WTI,73.5200
2025-02-04,BRENT,76.5800
2025-02-04,WTI,73.0400
2025-02-05,BRENT,74.7100
2025-02-05,WTI,71.3900
2025-02-06,BRENT,74.5400
2025-02-06,WTI,70.9700
2025-02-07,BRENT,74.6800
2025-02-07,WTI,71.3200
2025-02-10,BRENT,76.2300
2025-02-10,WTI,72.7300
2025-02-11,BRENT,77.6500
2025-02-11,WTI,73.6700
2025-02-12,BRENT,75.3800
2025-02-12,WTI,71.7200
2025-02-13,BRENT,75.6100
2025-02-13,WTI,71.6600
2025-02-14,BRENT,75.1900
2025-02-14,WTI,71.0500
2025-02-18,BRENT,76.4600
2025-02-18,WTI,72.2100
2025-02-19,BRENT,76.3400
2025-02-19,WTI,72.5800
2025-02-20,BRENT,76.9500
2025-02-20,WTI,72.8800
2025-02-21,BRENT,74.8800
2025-02-21,WTI,70.7200
2025-02-24,BRENT,74.8900
2025-02-24,WTI,71.0600
2025-02-25,BRENT,73.1100
2025-02-25,WTI,69.1500
2025-02-26,BRENT,73.4900
2025-02-26,WTI,68.8700
2025-02-27,BRENT,75.0100
2025-02-27,WTI,70.6200
2025-02-28,BRENT,74.7600
2025-02-28,WTI,69.9700
2025-03-03,BRENT,72.8500
2025-03-03,WTI,68.6300
2025-03-04,BRENT,72.3100
2025-03-04,WTI,68.4700
2025-03-05,BRENT,70.9200
2025-03-05,WTI,66.5800
2025-03-06,BRENT,71.0800
2025-03-06,WTI,66.6200
2025-03-07,BRENT,72.4900
2025-03-07,WTI,67.2900
2025-03-10,BRENT,71.0800
2025-03-10,WTI,66.3100
2025-03-11,BRENT,71.5100
2025-03-11,WTI,66.5200
2025-03-12,BRENT,72.3600
2025-03-12,WTI,67.6500
2025-03-13,BRENT,70.8200
2025-03-13,WTI,66.8200
2025-03-14,BRENT,71.9400
2025-03-14,WTI,67.4300
2025-03-17,BRENT,71.9300
2025-03-17,WTI,67.8400
2025-03-18,BRENT,71.9300
2025-03-18,WTI,67.4900
2025-03-19,BRENT,71.9400
2025-03-19,WTI,67.4000
2025-03-20,BRENT,72.6100
2025-03-20,WTI,68.5500
2025-03-21,BRENT,72.6400
2025-03-21,WTI,68.5200
2025-03-24,BRENT,73.9600
2025-03-24,WTI,69.4600
2025-03-25,BRENT,73.7800
2025-03-25,WTI,69.4800
2025-03-26,BRENT,74.6000
2025-03-26,WTI,70.0500
2025-03-27,BRENT,74.7200
2025-03-27,WTI,70.3000
2025-03-28,BRENT,74.6900
2025-03-28,WTI,69.7400
2025-03-31,BRENT,77.2300
2025-03-31,WTI,71.8700
2025-04-01,BRENT,77.7800
2025-04-01,WTI,71.6100
2025-04-02,BRENT,77.2700
2025-04-02,WTI,72.1200
2025-04-03,BRENT,72.5400
2025-04-03,WTI,67.4300
2025-04-04,BRENT,68.3600
2025-04-04,WTI,62.4200
2025-04-07,BRENT,66.1300
2025-04-07,WTI,61.0500
2025-04-08,BRENT,64.8600
2025-04-08,WTI,60.0400
2025-04-09,BRENT,67.3000
2025-04-09,WTI,62.6300
2025-04-10,BRENT,65.3700
2025-04-10,WTI,60.5700
2025-04-11,BRENT,66.8300
2025-04-11,WTI,61.9100
2025-04-14,BRENT,67.1800
2025-04-14,WTI,61.9900
2025-04-15,BRENT,66.5800
2025-04-15,WTI,61.7400
2025-04-16,BRENT,67.9400
2025-04-16,WTI,62.8800
2025-04-17,BRENT,69.3300
2025-04-17,WTI,65.0700
2025-04-22,BRENT,68.9300
2025-04-22,WTI,64.6000
2025-04-23,BRENT,68.2600
2025-04-23,WTI,62.6400
2025-04-24,BRENT,67.5000
2025-04-24,WTI,63.5500
2025-04-25,BRENT,66.9900
2025-04-25,WTI,63.8500
2025-04-28,BRENT,66.1300
2025-04-28,WTI,63.3000
2025-04-29,BRENT,64.0400
2025-04-29,WTI,61.8400
2025-04-30,BRENT,63.3700
2025-04-30,WTI,59.5500
2025-05-01,BRENT,62.3700
2025-05-01,WTI,60.5900
2025-05-02,BRENT,61.5700
2025-05-02,WTI,59.6700
2025-05-06,BRENT,62.3700
2025-05-06,WTI,60.4200
2025-05-07,BRENT,60.3100
2025-05-07,WTI,59.4200
2025-05-08,BRENT,62.2200
2025-05-08,WTI,61.2500
2025-05-09,BRENT,64.2600
2025-05-09,WTI,62.3700
2025-05-12,BRENT,65.2800
2025-05-12,WTI,63.3200
2025-05-13,BRENT,66.9300
2025-05-13,WTI,65.0400
2025-05-14,BRENT,65.9100
2025-05-14,WTI,64.4800
2025-05-15,BRENT,64.3600
2025-05-15,WTI,63.0300
2025-05-16,BRENT,65.2000
2025-05-16,WTI,63.8400
2025-05-19,BRENT,66.2500
2025-05-19,WTI,63.9800
2025-05-20,BRENT,66.9300
2025-05-20,WTI,63.9700
2025-05-21,BRENT,65.8600
2025-05-21,WTI,62.9300
2025-05-22,BRENT,64.8700
2025-05-22,WTI,62.5500
2025-05-23,BRENT,65.4100
2025-05-23,WTI,62.8900
2025-05-27,BRENT,64.3200
2025-05-27,WTI,61.6100
2025-05-28,BRENT,65.7200
2025-05-28,WTI,62.5400
2025-05-29,BRENT,64.6000
2025-05-29,WTI,61.6600
2025-05-30,BRENT,64.3200
2025-05-30,WTI,61.4600
2025-06-02,BRENT,66.5500
2025-06-02,WTI,63.2700
2025-06-03,BRENT,67.4800
2025-06-03,WTI,64.1000
2025-06-04,BRENT,66.6900
2025-06-04,WTI,63.5700
2025-06-05,BRENT,67.1400
2025-06-05,WTI,64.0600
2025-06-06,BRENT,68.0200
2025-06-06,WTI,65.3000
2025-06-09,BRENT,68.7300
2025-06-09,WTI,65.9900
2025-06-10,BRENT,68.4100
2025-06-10,WTI,65.6600
2025-06-11,BRENT,71.2900
2025-06-11,WTI,68.9100
2025-06-12,BRENT,70.8400
2025-06-12,WTI,68.7300
2025-06-13,BRENT,76.0000
2025-06-13,WTI,73.8400
2025-06-16,BRENT,75.0500
2025-06-16,WTI,72.5300
2025-06-17,BRENT,78.7000
2025-06-17,WTI,75.6200
2025-06-18,BRENT,78.3800
2025-06-18,WTI,75.8900
2025-06-20,BRENT,78.7300
2025-06-20,WTI,75.7200
2025-06-23,BRENT,74.3400
2025-06-23,WTI,69.3600
2025-06-24,BRENT,69.1300
2025-06-24,WTI,65.4500
2025-06-25,BRENT,68.4000
2025-06-25,WTI,65.9800
2025-06-26,BRENT,68.5700
2025-06-26,WTI,66.4400
2025-06-27,BRENT,69.3700
2025-06-27,WTI,66.6600
2025-06-30,BRENT,68.1500
2025-06-30,WTI,66.3000
2025-07-01,BRENT,67.6300
2025-07-01,WTI,66.6400
2025-07-02,BRENT,70.8000
2025-07-02,WTI,68.6600
2025-07-03,BRENT,70.4200
2025-07-03,WTI,68.1300
2025-07-07,BRENT,71.9500
2025-07-07,WTI,69.1600
2025-07-08,BRENT,72.5000
2025-07-08,WTI,69.5500
2025-07-09,BRENT,71.9800
2025-07-09,WTI,69.6100
2025-07-10,BRENT,70.3800
2025-07-10,WTI,67.7800
2025-07-11,BRENT,72.0600
2025-07-11,WTI,69.6300
2025-07-14,BRENT,70.9600
2025-07-14,WTI,68.1900
2025-07-15,BRENT,70.2700
2025-07-15,WTI,67.7600
2025-07-16,BRENT,69.6700
2025-07-16,WTI,67.1300
2025-07-17,BRENT,71.3200
2025-07-17,WTI,68.7600
2025-07-18,BRENT,71.0600
2025-07-18,WTI,68.5300
2025-07-21,BRENT,71.9200
2025-07-21,WTI,68.3900
2025-07-22,BRENT,69.6900
2025-07-22,WTI,67.5600
2025-07-23,BRENT,69.1700
2025-07-23,WTI,66.0500
2025-07-24,BRENT,70.4200
2025-07-24,WTI,67.1600
2025-07-25,BRENT,69.2300
2025-07-25,WTI,66.3800
2025-07-28,BRENT,70.8700
2025-07-28,WTI,67.8100
2025-07-29,BRENT,73.2100
2025-07-29,WTI,70.2700
2025-07-30,BRENT,73.9800
2025-07-30,WTI,71.0900
2025-07-31,BRENT,73.4300
2025-07-31,WTI,70.3600
2025-08-01,BRENT,70.5500
2025-08-01,WTI,68.3900
2025-08-04,BRENT,69.5600
2025-08-04,WTI,67.3300
2025-08-05,BRENT,69.1400
2025-08-05,WTI,66.2000
2025-08-06,BRENT,67.9700
2025-08-06,WTI,65.3800
2025-08-07,BRENT,66.9900
2025-08-07,WTI,64.9000
2025-08-08,BRENT,67.1700
2025-08-08,WTI,64.9400
2025-08-11,BRENT,67.3600
2025-08-11,WTI,65.0300
2025-08-12,BRENT,66.8000
2025-08-12,WTI,64.2200
2025-08-13,BRENT,66.2500
2025-08-13,WTI,63.6800
2025-08-14,BRENT,68.1200
2025-08-14,WTI,64.9900
2025-08-15,BRENT,67.3000
2025-08-15,WTI,63.7800
2025-08-18,BRENT,68.1800
2025-08-18,WTI,64.5100
2025-08-19,BRENT,66.6200
2025-08-19,WTI,63.3800
2025-08-20,BRENT,67.6100
2025-08-20,WTI,64.1900
2025-08-21,BRENT,68.4100
2025-08-21,WTI,64.5600
2025-08-22,BRENT,68.2900
2025-08-22,WTI,64.0800
2025-08-26,BRENT,66.8900
2025-08-26,WTI,63.6000
2025-08-27,BRENT,67.7500
2025-08-27,WTI,64.4900
2025-08-28,BRENT,68.6100
2025-08-28,WTI,64.9600
2025-08-29,BRENT,67.8300
2025-08-29,WTI,64.3600
2025-09-02,BRENT,68.0900
2025-09-02,WTI,65.9500
2025-09-03,BRENT,67.7600
2025-09-03,WTI,64.3600
2025-09-04,BRENT,66.4100
2025-09-04,WTI,63.8100
2025-09-05,BRENT,64.9200
2025-09-05,WTI,62.2200
2025-09-08,BRENT,65.4400
2025-09-08,WTI,62.6000
2025-09-09,BRENT,67.9700
2025-09-09,WTI,62.9700
2025-09-10,BRENT,67.6200
2025-09-10,WTI,64.0100
2025-09-11,BRENT,67.2500
2025-09-11,WTI,62.7100
2025-09-12,BRENT,67.8700
2025-09-12,WTI,63.0200
2025-09-15,BRENT,67.8800
2025-09-15,WTI,63.6600
2025-09-16,BRENT,69.6900
2025-09-16,WTI,64.8900
2025-09-17,BRENT,69.1900
2025-09-17,WTI,64.4100
2025-09-18,BRENT,67.8300
2025-09-18,WTI,63.9100
2025-09-19,BRENT,67.0500
2025-09-19,WTI,63.0200
2025-09-22,BRENT,66.8700
2025-09-22,WTI,62.9900
2025-09-23,BRENT,67.9600
2025-09-23,WTI,63.7600
2025-09-24,BRENT,69.6400
2025-09-24,WTI,65.4000
2025-09-25,BRENT,70.4800
2025-09-25,WTI,65.5100
2025-09-26,BRENT,71.1500
2025-09-26,WTI,66.5000
2025-09-29,BRENT,69.0000
2025-09-29,WTI,64.2700
2025-09-30,BRENT,68.5200
2025-09-30,WTI,63.1700
2025-10-01,BRENT,66.6700
2025-10-01,WTI,62.5900
2025-10-02,BRENT,65.4400
2025-10-02,WTI,61.2800
2025-10-03,BRENT,66.1300
2025-10-03,WTI,61.6500
2025-10-06,BRENT,67.0900
2025-10-06,WTI,62.4900
2025-10-07,BRENT,67.1000
2025-10-07,WTI,62.5200
2025-10-08,BRENT,67.4200
2025-10-08,WTI,63.3700
2025-10-09,BRENT,67.2300
2025-10-09,WTI,62.3600
2025-10-10,BRENT,64.4100
2025-10-10,WTI,59.7500
2025-10-14,BRENT,63.0000
2025-10-14,WTI,59.5200
2025-10-15,BRENT,62.3300
2025-10-15,WTI,59.0800
2025-10-16,BRENT,61.0800
2025-10-16,WTI,58.2900
2025-10-17,BRENT,61.2300
2025-10-17,WTI,58.3000
2025-10-20,BRENT,60.7100
2025-10-20,WTI,58.3400
2025-10-21,BRENT,61.0000
2025-10-21,WTI,58.6600
2025-10-22,BRENT,62.2800
2025-10-22,WTI,59.3000
2025-10-23,BRENT,66.3200
2025-10-23,WTI,62.4400
2025-10-24,BRENT,65.8000
2025-10-24,WTI,62.2700
2025-10-27,BRENT,65.5200
2025-10-27,WTI,62.1300
2025-10-28,BRENT,64.0300
2025-10-28,WTI,60.9700
2025-10-29,BRENT,65.0100
2025-10-29,WTI,61.2600
2025-10-30,BRENT,65.1100
2025-10-30,WTI,61.3600
2025-10-31,BRENT,65.4400
2025-10-31,WTI,61.7500
2025-11-03,BRENT,65.7900
2025-11-03,WTI,61.7900
2025-11-04,BRENT,65.0400
2025-11-04,WTI,61.3800
2025-11-05,BRENT,63.5400
2025-11-05,WTI,60.4000
2025-11-06,BRENT,63.4100
2025-11-06,WTI,60.2400
2025-11-07,BRENT,63.7200
2025-11-07,WTI,60.5400
2025-11-10,BRENT,63.0100
2025-11-10,WTI,60.9400
2025-11-12,BRENT,61.8800
2025-11-12,WTI,59.3000
2025-11-13,BRENT,62.1400
2025-11-13,WTI,59.5400
2025-11-14,BRENT,63.4500
2025-11-14,WTI,60.8700
2025-11-17,BRENT,63.1600
2025-11-17,WTI,60.6600
2025-11-18,BRENT,64.8600
2025-11-18,WTI,61.5100
2025-11-19,BRENT,63.7800
2025-11-19,WTI,60.2700
2025-11-20,BRENT,63.6400
2025-11-20,WTI,60.0700
2025-11-21,BRENT,62.7800
2025-11-21,WTI,58.8600
2025-11-24,BRENT,64.8300
2025-11-24,WTI,59.1100
2025-11-25,BRENT,63.9900
2025-11-25,WTI,58.2500
2025-11-26,BRENT,64.8100
2025-11-26,WTI,58.8100
2025-11-28,BRENT,64.0700
2025-11-28,WTI,58.5800
2025-12-01,BRENT,64.2200
2025-12-01,WTI,59.4700
2025-12-02,BRENT,63.3700
2025-12-02,WTI,58.8100
2025-12-03,BRENT,63.7500
2025-12-03,WTI,59.0900
2025-12-04,BRENT,64.1500
2025-12-04,WTI,59.8200
2025-12-05,BRENT,64.4200
2025-12-05,WTI,60.2300
2025-12-08,BRENT,63.3000
2025-12-08,WTI,59.0400
2025-12-09,BRENT,62.6200
2025-12-09,WTI,58.4000
2025-12-10,BRENT,63.1200
2025-12-10,WTI,58.6700
2025-12-11,BRENT,61.8700
2025-12-11,WTI,57.7600
2025-12-12,BRENT,62.1100
2025-12-12,WTI,57.6100
2025-12-15,BRENT,61.5500
2025-12-15,WTI,56.9700
2025-12-16,BRENT,59.9300
2025-12-16,WTI,55.4400
2025-12-17,BRENT,60.6100
2025-12-17,WTI,56.0700
2025-12-18,BRENT,60.6900
2025-12-18,WTI,56.2200
2025-12-19,BRENT,61.3500
2025-12-19,WTI,56.8000
2025-12-22,BRENT,62.2200
2025-12-22,WTI,58.1800
2025-12-23,BRENT,63.7000
2025-12-23,WTI,58.5500
2025-12-24,BRENT,63.7000
2025-12-24,WTI,58.7200
2025-12-29,BRENT,63.1000
2025-12-29,WTI,57.8900
2025-12-30,BRENT,62.3000
2025-12-30,WTI,57.7900
2025-12-31,BRENT,61.3500
2025-12-31,WTI,57.2600
2026-01-02,BRENT,61.9800
2026-01-02,WTI,57.2100
2026-01-05,BRENT,63.0000
2026-01-05,WTI,58.1000
2026-01-06,BRENT,62.1000
2026-01-06,WTI,56.9700
2026-01-07,BRENT,61.0800
2026-01-07,WTI,56.0100
2026-01-08,BRENT,63.3400
2026-01-08,WTI,57.7400
2026-01-09,BRENT,65.1100
2026-01-09,WTI,58.9600
2026-01-12,BRENT,65.4000
2026-01-12,WTI,59.3900
2026-01-13,BRENT,67.5800
2026-01-13,WTI,60.8500
2026-01-14,BRENT,68.8700
2026-01-14,WTI,61.8400
2026-01-15,BRENT,66.1600
2026-01-15,WTI,59.1300
2026-01-16,BRENT,66.9700
2026-01-16,WTI,59.4000
2026-01-20,BRENT,67.6800
2026-01-20,WTI,60.3000
2026-01-21,BRENT,66.7200
2026-01-21,WTI,60.3800
2026-01-22,BRENT,65.4600
2026-01-22,WTI,59.2400
2026-01-23,BRENT,68.1600
2026-01-23,WTI,60.7000
2026-01-26,BRENT,67.7000
2026-01-26,WTI,60.4600
2026-01-27,BRENT,70.2800
2026-01-27,WTI,62.0400
2026-01-28,BRENT,70.9000
2026-01-28,WTI,62.7500
2026-01-29,BRENT,71.0000
2026-01-29,WTI,64.7700
2026-01-30,BRENT,72.2500
2026-01-30,WTI,64.5000
2026-02-02,BRENT,67.7200
2026-02-02,WTI,61.6000
2026-02-03,BRENT,70.0100
2026-02-03,WTI,62.6200
2026-02-04,BRENT,71.1500
2026-02-04,WTI,64.5600
2026-02-05,BRENT,69.8700
2026-02-05,WTI,62.9000
2026-02-06,BRENT,70.4500
2026-02-06,WTI,63.7700
2026-02-09,BRENT,71.1900
2026-02-09,WTI,64.5300
2026-02-10,BRENT,71.0100
2026-02-10,WTI,64.2000
2026-02-11,BRENT,71.5200
2026-02-11,WTI,64.8000
2026-02-12,BRENT,69.8000
2026-02-12,WTI,63.0800
2026-02-13,BRENT,69.9600
2026-02-13,WTI,63.0500
2026-02-17,BRENT,69.7700
2026-02-17,WTI,62.5300
2026-02-18,BRENT,71.7800
2026-02-18,WTI,65.3300
2026-02-19,BRENT,73.1700
2026-02-19,WTI,66.6600
2026-02-20,BRENT,72.7500
2026-02-20,WTI,66.6900
2026-02-23,BRENT,71.9000
2026-02-23,WTI,66.3600
2026-02-24,BRENT,71.2100
2026-02-24,WTI,65.6200
2026-02-25,BRENT,70.6900
2026-02-25,WTI,65.3000
2026-02-26,BRENT,71.6600
2026-02-26,WTI,65.1000
2026-02-27,BRENT,71.3200
2026-02-27,WTI,66.9600
2026-03-02,BRENT,77.2400
2026-03-02,WTI,71.1300
2026-03-03,BRENT,83.2800
2026-03-03,WTI,74.4800
2026-03-04,BRENT,81.5600
2026-03-04,WTI,74.5800
2026-03-05,BRENT,88.5900
2026-03-05,WTI,80.8800
2026-03-06,BRENT,95.7400
2026-03-06,WTI,90.7700
2026-03-09,BRENT,94.3500
2026-03-09,WTI,94.6500
2026-03-10,BRENT,89.8400
2026-03-10,WTI,83.7100
2026-03-11,BRENT,90.9800
2026-03-11,WTI,86.8000
2026-03-12,BRENT,102.3800
2026-03-12,WTI,95.6100
2026-03-13,BRENT,103.2300
2026-03-13,WTI,98.4800
2026-03-16,BRENT,101.0400
2026-03-16,WTI,93.3900
2026-03-17,BRENT,108.3900
2026-03-17,WTI,96.0100
2026-03-18,BRENT,118.0900
2026-03-18,WTI,96.1200
2026-03-19,BRENT,111.0500
2026-03-19,WTI,96.1100
2026-03-20,BRENT,118.4200
2026-03-20,WTI,98.7100
2026-03-23,BRENT,103.7900
2026-03-23,WTI,89.3300
2026-03-24,BRENT,108.4200
2026-03-24,WTI,93.1800
2026-03-25,BRENT,109.1400
2026-03-25,WTI,91.5100
2026-03-26,BRENT,113.3900
2026-03-26,WTI,96.1800
2026-03-27,BRENT,121.4700
2026-03-27,WTI,101.2600
2026-03-30,BRENT,121.8800
2026-03-30,WTI,104.6900
2026-03-31,BRENT,126.6900
2026-03-31,WTI,102.8600
2026-04-01,BRENT,119.5600
2026-04-01,WTI,101.9000
2026-04-02,BRENT,127.6100
2026-04-02,WTI,113.2300
2026-04-07,BRENT,138.2100
2026-04-07,WTI,114.5800
2026-04-08,BRENT,122.1100
2026-04-08,WTI,96.1700
2026-04-09,BRENT,119.0300
2026-04-09,WTI,99.6200
2026-04-10,BRENT,119.0700
2026-04-10,WTI,98.3400
2026-04-13,BRENT,123.2800
2026-04-13,WTI,100.7200
2026-04-14,BRENT,118.6900
2026-04-14,WTI,93.0700
2026-04-15,BRENT,114.9300
2026-04-15,WTI,93.0400
2026-04-16,BRENT,116.6300
2026-04-16,WTI,96.4600
2026-04-17,BRENT,98.6300
2026-04-17,WTI,85.9100
2026-04-20,BRENT,103.4000
2026-04-20,WTI,91.0600
2026-04-21,BRENT,106.1400
2026-04-21,WTI,93.6400
2026-04-22,BRENT,113.4400
2026-04-22,WTI,94.7600
2026-04-23,BRENT,113.2500
2026-04-23,WTI,99.2700
2026-04-24,BRENT,111.8600
2026-04-24,WTI,98.4200
2026-04-27,BRENT,113.8900
2026-04-27,WTI,99.8900
2026-04-28,BRENT,117.6200
2026-04-28,WTI,103.4500
2026-04-29,BRENT,124.1600
2026-04-29,WTI,110.4700
2026-04-30,BRENT,124.2400
2026-04-30,WTI,108.6400
2026-05-01,BRENT,118.2600
2026-05-01,WTI,105.3800
2026-05-05,BRENT,114.5100
2026-05-05,WTI,105.6600
2026-05-06,BRENT,103.7000
2026-05-06,WTI,98.7500
2026-05-07,BRENT,101.8200
2026-05-07,WTI,98.3800
2026-05-08,BRENT,103.4800
2026-05-08,WTI,98.8700
2026-05-11,BRENT,106.1100
2026-05-11,WTI,101.5600
2026-05-12,BRENT,111.3700
2026-05-12,WTI,105.7800
2026-05-13,BRENT,110.2800
2026-05-13,WTI,104.5200
2026-05-14,BRENT,110.9100
2026-05-14,WTI,104.6600
2026-05-15,BRENT,113.9600
2026-05-15,WTI,108.9900
2026-05-18,BRENT,116.7300
2026-05-18,WTI,112.2500
2026-05-19,BRENT,114.6400
2026-05-19,WTI,112.0900
2026-05-20,BRENT,108.9300
2026-05-20,WTI,101.6900
2026-05-21,BRENT,105.8400
2026-05-21,WTI,100.2000
2026-05-22,BRENT,106.9000
2026-05-22,WTI,100.3500
2026-05-26,BRENT,102.7500
2026-05-26,WTI,97.6300
2026-05-27,BRENT,97.1100
2026-05-27,WTI,92.3500
2026-05-28,BRENT,95.4700
2026-05-28,WTI,92.6500
2026-05-29,BRENT,92.8800
2026-05-29,WTI,91.1600
2026-06-01,BRENT,98.2900
2026-06-01,WTI,95.9600
2026-06-02,BRENT,98.4900
2026-06-02,WTI,97.4700
2026-06-03,BRENT,101.6900
2026-06-03,WTI,99.7600
2026-06-04,BRENT,98.9800
2026-06-04,WTI,96.8300
2026-06-05,BRENT,97.2900
2026-06-05,WTI,94.3200
2026-06-08,BRENT,97.4600
2026-06-08,WTI,95.0000
2026-06-09,BRENT,94.1500
2026-06-09,WTI,91.9000
2026-06-10,BRENT,95.7300
2026-06-10,WTI,93.6800
2026-06-11,BRENT,92.8400
2026-06-11,WTI,91.5800
2026-06-12,BRENT,88.6400
2026-06-12,WTI,88.6200
2026-06-15,BRENT,84.3600
2026-06-15,WTI,84.6500
2026-06-16,BRENT,80.5000
2026-06-16,WTI,79.8000
2026-06-17,BRENT,80.3300
2026-06-17,WTI,80.6500
2026-06-18,BRENT,79.3500
2026-06-18,WTI,80.3500
2026-06-22,BRENT,76.4900
2026-06-22,WTI,78.9400
2026-06-23,BRENT,75.6900
2026-06-23,WTI,74.6200
2026-06-24,BRENT,72.0900
2026-06-24,WTI,71.4200
2026-06-25,BRENT,73.7400
2026-06-25,WTI,72.6700
2026-06-26,BRENT,70.1600
2026-06-26,WTI,70.3000
2026-06-29,BRENT,71.5900
2026-06-29,WTI,71.8700
2026-06-30,BRENT,70.4600
2026-06-30,WTI,70.5600
2026-07-01,BRENT,69.2400
2026-07-01,WTI,69.7400
2026-07-02,BRENT,68.5300
2026-07-02,WTI,69.7300
2026-07-06,BRENT,69.5600
2026-07-06,WTI,69.6000
2026-07-07,BRENT,71.7800
2026-07-07,WTI,71.5300
2026-07-08,BRENT,76.5000
2026-07-08,WTI,74.5600
2026-07-09,BRENT,74.4600
2026-07-09,WTI,73.1500
2026-07-10,BRENT,74.3400
2026-07-10,WTI,72.4500
2026-07-13,BRENT,81.6200
2026-07-13,WTI,79.2000
2026-07-14,BRENT,83.6900
2026-07-14,WTI,80.4400
2026-07-15,BRENT,83.0800
2026-07-15,WTI,80.7300
2026-07-16,BRENT,81.2300
2026-07-16,WTI,80.0300
2026-07-17,BRENT,85.0100
2026-07-17,WTI,83.4300
2026-07-20,BRENT,86.9900
2026-07-20,WTI,84.3800
2026-07-21,BRENT,93.8500
2026-07-21,WTI,86.0400
2026-07-22,BRENT,94.1200
2026-07-22,WTI,87.6600
2026-07-23,BRENT,105.3200
2026-07-23,WTI,93.0800
2026-07-24,BRENT,100.3100
2026-07-24,WTI,91.7400
2026-07-27,BRENT,91.8200
2026-07-27,WTI,84.2500
2026-07-28,BRENT,85.5100
2026-07-28,WTI,80.9100
2026-07-29,BRENT,91.9500
2026-07-29,WTI,86.0800
2026-07-30,BRENT,91.9100
2026-07-30,WTI,85.1500
2026-07-31,BRENT,96.9500
2026-07-31,WTI,86.1600
2026-08-03,BRENT,88.9000
2026-08-03,WTI,81.9600
2026-08-04,BRENT,86.4700
2026-08-04,WTI,77.3300
2026-08-05,BRENT,86.6500
2026-08-05,WTI,76.7800
2026-08-06,BRENT,89.6500
2026-08-06,WTI,78.8800
2026-08-07,BRENT,87.6200
2026-08-07,WTI,79.7700
2026-08-10,BRENT,92.7400
2026-08-10,WTI,83.7600
2026-08-11,BRENT,93.2600
2026-08-11,WTI,84.7700
2026-08-12,BRENT,92.5200
2026-08-12,WTI,84.9700
2026-08-13,BRENT,92.0300
2026-08-13,WTI,82.7700
2026-08-14,BRENT,92.0200
2026-08-14,WTI,83.9900
