date,symbol,close
2010-01-04,AUDUSD,0.91330000
2010-01-04,CHFUSD,0.97143967
2010-01-04,EURUSD,1.44190000
2010-01-04,GBPUSD,1.61090000
2010-01-04,JPYUSD,0.01080497
2010-01-05,AUDUSD,0.91430000
2010-01-05,CHFUSD,0.96880450
2010-01-05,EURUSD,1.44020000
2010-01-05,GBPUSD,1.60090000
2010-01-05,JPYUSD,0.01093135
2010-01-06,AUDUSD,0.91890000
2010-01-06,CHFUSD,0.97257343
2010-01-06,EURUSD,1.44040000
2010-01-06,GBPUSD,1.60160000
2010-01-06,JPYUSD,0.01080731
2010-01-07,AUDUSD,0.91680000
2010-01-07,CHFUSD,0.96702447
2010-01-07,EURUSD,1.43140000
2010-01-07,GBPUSD,1.59120000
2010-01-07,JPYUSD,0.01071696
2010-01-08,AUDUSD,0.92180000
2010-01-08,CHFUSD,0.97125097
2010-01-08,EURUSD,1.43570000
2010-01-08,GBPUSD,1.59930000
2010-01-08,JPYUSD,0.01078749
2010-01-11,AUDUSD,0.92950000
2010-01-11,CHFUSD,0.98483356
2010-01-11,EURUSD,1.45360000
2010-01-11,GBPUSD,1.61460000
2010-01-11,JPYUSD,0.01088139
2010-01-12,AUDUSD,0.92420000
2010-01-12,CHFUSD,0.98425197
2010-01-12,EURUSD,1.45230000
2010-01-12,GBPUSD,1.61810000
2010-01-12,JPYUSD,0.01099505
2010-01-13,AUDUSD,0.92250000
2010-01-13,CHFUSD,0.98096920
2010-01-13,EURUSD,1.44920000
2010-01-13,GBPUSD,1.62880000
2010-01-13,JPYUSD,0.01094331
2010-01-14,AUDUSD,0.93060000
2010-01-14,CHFUSD,0.97981579
2010-01-14,EURUSD,1.44780000
2010-01-14,GBPUSD,1.63200000
2010-01-14,JPYUSD,0.01098539
2010-01-15,AUDUSD,0.92340000
2010-01-15,CHFUSD,0.97427903
2010-01-15,EURUSD,1.43760000
2010-01-15,GBPUSD,1.62400000
2010-01-15,JPYUSD,0.01101443
2010-01-19,AUDUSD,0.92320000
2010-01-19,CHFUSD,0.96711799
2010-01-19,EURUSD,1.42690000
2010-01-19,GBPUSD,1.63700000
2010-01-19,JPYUSD,0.01097333
2010-01-20,AUDUSD,0.90850000
2010-01-20,CHFUSD,0.95666316
2010-01-20,EURUSD,1.40940000
2010-01-20,GBPUSD,1.62870000
2010-01-20,JPYUSD,0.01096131
2010-01-21,AUDUSD,0.90530000
2010-01-21,CHFUSD,0.95914061
2010-01-21,EURUSD,1.41060000
2010-01-21,GBPUSD,1.62140000
2010-01-21,JPYUSD,0.01108033
2010-01-22,AUDUSD,0.90500000
2010-01-22,CHFUSD,0.96153846
2010-01-22,EURUSD,1.41540000
2010-01-22,GBPUSD,1.61200000
2010-01-22,JPYUSD,0.01110248
2010-01-25,AUDUSD,0.90300000
2010-01-25,CHFUSD,0.96126117
2010-01-25,EURUSD,1.41460000
2010-01-25,GBPUSD,1.62360000
2010-01-25,JPYUSD,0.01109632
2010-01-26,AUDUSD,0.89490000
2010-01-26,CHFUSD,0.95547487
2010-01-26,EURUSD,1.40630000
2010-01-26,GBPUSD,1.61090000
2010-01-26,JPYUSD,0.01115698
2010-01-27,AUDUSD,0.89670000
2010-01-27,CHFUSD,0.95492743
2010-01-27,EURUSD,1.40530000
2010-01-27,GBPUSD,1.62040000
2010-01-27,JPYUSD,0.01118443
2010-01-28,AUDUSD,0.90240000
2010-01-28,CHFUSD,0.95084149
2010-01-28,EURUSD,1.39930000
2010-01-28,GBPUSD,1.62420000
2010-01-28,JPYUSD,0.01110124
2010-01-29,AUDUSD,0.88730000
2010-01-29,CHFUSD,0.94723880
2010-01-29,EURUSD,1.38700000
2010-01-29,GBPUSD,1.60090000
2010-01-29,JPYUSD,0.01106439
2010-02-01,AUDUSD,0.88770000
2010-02-01,CHFUSD,0.94464387
2010-02-01,EURUSD,1.39040000
2010-02-01,GBPUSD,1.59240000
2010-02-01,JPYUSD,0.01101322
2010-02-02,AUDUSD,0.88430000
2010-02-02,CHFUSD,0.94723880
2010-02-02,EURUSD,1.39550000
2010-02-02,GBPUSD,1.59680000
2010-02-02,JPYUSD,0.01106317
2010-02-03,AUDUSD,0.88180000
2010-02-03,CHFUSD,0.94428706
2010-02-03,EURUSD,1.39070000
2010-02-03,GBPUSD,1.59150000
2010-02-03,JPYUSD,0.01097574
2010-02-04,AUDUSD,0.86460000
2010-02-04,CHFUSD,0.93852651
2010-02-04,EURUSD,1.37590000
2010-02-04,GBPUSD,1.57630000
2010-02-04,JPYUSD,0.01122209
2010-02-05,AUDUSD,0.86170000
2010-02-05,CHFUSD,0.92772985
2010-02-05,EURUSD,1.36080000
2010-02-05,GBPUSD,1.56190000
2010-02-05,JPYUSD,0.01120448
2010-02-08,AUDUSD,0.86930000
2010-02-08,CHFUSD,0.93492895
2010-02-08,EURUSD,1.36990000
2010-02-08,GBPUSD,1.56500000
2010-02-08,JPYUSD,0.01119570
2010-02-09,AUDUSD,0.87720000
2010-02-09,CHFUSD,0.93976130
2010-02-09,EURUSD,1.37950000
2010-02-09,GBPUSD,1.56790000
2010-02-09,JPYUSD,0.01117943
2010-02-10,AUDUSD,0.87400000
2010-02-10,CHFUSD,0.93615428
2010-02-10,EURUSD,1.37220000
2010-02-10,GBPUSD,1.56060000
2010-02-10,JPYUSD,0.01112595
2010-02-11,AUDUSD,0.88860000
2010-02-11,CHFUSD,0.93049223
2010-02-11,EURUSD,1.36400000
2010-02-11,GBPUSD,1.56740000
2010-02-11,JPYUSD,0.01113338
2010-02-12,AUDUSD,0.88390000
2010-02-12,CHFUSD,0.92876382
2010-02-12,EURUSD,1.36250000
2010-02-12,GBPUSD,1.56690000
2010-02-12,JPYUSD,0.01111111
2010-02-16,AUDUSD,0.89940000
2010-02-16,CHFUSD,0.93624192
2010-02-16,EURUSD,1.37420000
2010-02-16,GBPUSD,1.57320000
2010-02-16,JPYUSD,0.01105461
2010-02-17,AUDUSD,0.89940000
2010-02-17,CHFUSD,0.92867756
2010-02-17,EURUSD,1.36230000
2010-02-17,GBPUSD,1.57040000
2010-02-17,JPYUSD,0.01101443
2010-02-18,AUDUSD,0.89710000
2010-02-18,CHFUSD,0.92541181
2010-02-18,EURUSD,1.35630000
2010-02-18,GBPUSD,1.55820000
2010-02-18,JPYUSD,0.01093733
2010-02-19,AUDUSD,0.89540000
2010-02-19,CHFUSD,0.92387288
2010-02-19,EURUSD,1.35380000
2010-02-19,GBPUSD,1.54370000
2010-02-19,JPYUSD,0.01087666
2010-02-22,AUDUSD,0.89940000
2010-02-22,CHFUSD,0.92824654
2010-02-22,EURUSD,1.35900000
2010-02-22,GBPUSD,1.54770000
2010-02-22,JPYUSD,0.01097574
2010-02-23,AUDUSD,0.89350000
2010-02-23,CHFUSD,0.92438528
2010-02-23,EURUSD,1.35370000
2010-02-23,GBPUSD,1.54640000
2010-02-23,JPYUSD,0.01110618
2010-02-24,AUDUSD,0.89410000
2010-02-24,CHFUSD,0.92772985
2010-02-24,EURUSD,1.35760000
2010-02-24,GBPUSD,1.54320000
2010-02-24,JPYUSD,0.01110371
2010-02-25,AUDUSD,0.88110000
2010-02-25,CHFUSD,0.92097992
2010-02-25,EURUSD,1.34760000
2010-02-25,GBPUSD,1.52010000
2010-02-25,JPYUSD,0.01125492
2010-02-26,AUDUSD,0.89610000
2010-02-26,CHFUSD,0.93361964
2010-02-26,EURUSD,1.36600000
2010-02-26,GBPUSD,1.52390000
2010-02-26,JPYUSD,0.01125619
2010-03-01,AUDUSD,0.90010000
2010-03-01,CHFUSD,0.92361688
2010-03-01,EURUSD,1.35160000
2010-03-01,GBPUSD,1.49740000
2010-03-01,JPYUSD,0.01120072
2010-03-02,AUDUSD,0.90430000
2010-03-02,CHFUSD,0.92678406
2010-03-02,EURUSD,1.35640000
2010-03-02,GBPUSD,1.49400000
2010-03-02,JPYUSD,0.01124227
2010-03-03,AUDUSD,0.90770000
2010-03-03,CHFUSD,0.93879084
2010-03-03,EURUSD,1.37310000
2010-03-03,GBPUSD,1.51240000
2010-03-03,JPYUSD,0.01130838
2010-03-04,AUDUSD,0.89970000
2010-03-04,CHFUSD,0.92764378
2010-03-04,EURUSD,1.35710000
2010-03-04,GBPUSD,1.50310000
2010-03-04,JPYUSD,0.01123343
2010-03-05,AUDUSD,0.90650000
2010-03-05,CHFUSD,0.93014603
2010-03-05,EURUSD,1.36080000
2010-03-05,GBPUSD,1.51150000
2010-03-05,JPYUSD,0.01107174
2010-03-08,AUDUSD,0.90840000
2010-03-08,CHFUSD,0.93075205
2010-03-08,EURUSD,1.36130000
2010-03-08,GBPUSD,1.50600000
2010-03-08,JPYUSD,0.01107420
2010-03-09,AUDUSD,0.91380000
2010-03-09,CHFUSD,0.92893637
2010-03-09,EURUSD,1.35860000
2010-03-09,GBPUSD,1.50030000
2010-03-09,JPYUSD,0.01112471
2010-03-10,AUDUSD,0.91700000
2010-03-10,CHFUSD,0.93440478
2010-03-10,EURUSD,1.36580000
2010-03-10,GBPUSD,1.49770000
2010-03-10,JPYUSD,0.01103509
2010-03-11,AUDUSD,0.91500000
2010-03-11,CHFUSD,0.93554121
2010-03-11,EURUSD,1.36740000
2010-03-11,GBPUSD,1.50520000
2010-03-11,JPYUSD,0.01103753
2010-03-12,AUDUSD,0.91520000
2010-03-12,CHFUSD,0.94348523
2010-03-12,EURUSD,1.37530000
2010-03-12,GBPUSD,1.51880000
2010-03-12,JPYUSD,0.01105461
2010-03-15,AUDUSD,0.91170000
2010-03-15,CHFUSD,0.94029149
2010-03-15,EURUSD,1.36520000
2010-03-15,GBPUSD,1.50430000
2010-03-15,JPYUSD,0.01105583
2010-03-16,AUDUSD,0.91480000
2010-03-16,CHFUSD,0.94732853
2010-03-16,EURUSD,1.37580000
2010-03-16,GBPUSD,1.51920000
2010-03-16,JPYUSD,0.01105828
2010-03-17,AUDUSD,0.92250000
2010-03-17,CHFUSD,0.94777746
2010-03-17,EURUSD,1.37390000
2010-03-17,GBPUSD,1.52960000
2010-03-17,JPYUSD,0.01105950
2010-03-18,AUDUSD,0.92010000
2010-03-18,CHFUSD,0.94073377
2010-03-18,EURUSD,1.36030000
2010-03-18,GBPUSD,1.52470000
2010-03-18,JPYUSD,0.01105461
2010-03-19,AUDUSD,0.91640000
2010-03-19,CHFUSD,0.94206312
2010-03-19,EURUSD,1.35300000
2010-03-19,GBPUSD,1.50140000
2010-03-19,JPYUSD,0.01104972
2010-03-22,AUDUSD,0.91540000
2010-03-22,CHFUSD,0.94517958
2010-03-22,EURUSD,1.35310000
2010-03-22,GBPUSD,1.50710000
2010-03-22,JPYUSD,0.01110864
2010-03-23,AUDUSD,0.91860000
2010-03-23,CHFUSD,0.94688003
2010-03-23,EURUSD,1.35350000
2010-03-23,GBPUSD,1.50670000
2010-03-23,JPYUSD,0.01108156
2010-03-24,AUDUSD,0.90900000
2010-03-24,CHFUSD,0.93527871
2010-03-24,EURUSD,1.33470000
2010-03-24,GBPUSD,1.49140000
2010-03-24,JPYUSD,0.01088258
2010-03-25,AUDUSD,0.91190000
2010-03-25,CHFUSD,0.93484154
2010-03-25,EURUSD,1.33440000
2010-03-25,GBPUSD,1.48840000
2010-03-25,JPYUSD,0.01078865
2010-03-26,AUDUSD,0.90420000
2010-03-26,CHFUSD,0.93791034
2010-03-26,EURUSD,1.33980000
2010-03-26,GBPUSD,1.49060000
2010-03-26,JPYUSD,0.01080380
2010-03-29,AUDUSD,0.91520000
2010-03-29,CHFUSD,0.94037991
2010-03-29,EURUSD,1.34650000
2010-03-29,GBPUSD,1.49690000
2010-03-29,JPYUSD,0.01079331
2010-03-30,AUDUSD,0.91830000
2010-03-30,CHFUSD,0.93711930
2010-03-30,EURUSD,1.34090000
2010-03-30,GBPUSD,1.50900000
2010-03-30,JPYUSD,0.01076542
2010-03-31,AUDUSD,0.91690000
2010-03-31,CHFUSD,0.94984802
2010-03-31,EURUSD,1.35260000
2010-03-31,GBPUSD,1.51860000
2010-03-31,JPYUSD,0.01070664
2010-04-01,AUDUSD,0.92120000
2010-04-01,CHFUSD,0.94705938
2010-04-01,EURUSD,1.35690000
2010-04-01,GBPUSD,1.52900000
2010-04-01,JPYUSD,0.01065757
2010-04-02,AUDUSD,0.91870000
2010-04-02,CHFUSD,0.94055681
2010-04-02,EURUSD,1.34870000
2010-04-02,GBPUSD,1.51970000
2010-04-02,JPYUSD,0.01058089
2010-04-05,AUDUSD,0.92100000
2010-04-05,CHFUSD,0.94170826
2010-04-05,EURUSD,1.34860000
2010-04-05,GBPUSD,1.52840000
2010-04-05,JPYUSD,0.01060670
2010-04-06,AUDUSD,0.92540000
2010-04-06,CHFUSD,0.93423019
2010-04-06,EURUSD,1.33780000
2010-04-06,GBPUSD,1.52300000
2010-04-06,JPYUSD,0.01065984
2010-04-07,AUDUSD,0.92870000
2010-04-07,CHFUSD,0.93318402
2010-04-07,EURUSD,1.33640000
2010-04-07,GBPUSD,1.52460000
2010-04-07,JPYUSD,0.01068490
2010-04-08,AUDUSD,0.92830000
2010-04-08,CHFUSD,0.93257484
2010-04-08,EURUSD,1.33600000
2010-04-08,GBPUSD,1.52720000
2010-04-08,JPYUSD,0.01073422
2010-04-09,AUDUSD,0.93260000
2010-04-09,CHFUSD,0.93703148
2010-04-09,EURUSD,1.34680000
2010-04-09,GBPUSD,1.53710000
2010-04-09,JPYUSD,0.01072041
2010-04-12,AUDUSD,0.92970000
2010-04-12,CHFUSD,0.94357426
2010-04-12,EURUSD,1.35870000
2010-04-12,GBPUSD,1.53680000
2010-04-12,JPYUSD,0.01072846
2010-04-13,AUDUSD,0.92740000
2010-04-13,CHFUSD,0.94580535
2010-04-13,EURUSD,1.35920000
2010-04-13,GBPUSD,1.54160000
2010-04-13,JPYUSD,0.01077818
2010-04-14,AUDUSD,0.93590000
2010-04-14,CHFUSD,0.95129376
2010-04-14,EURUSD,1.36660000
2010-04-14,GBPUSD,1.54840000
2010-04-14,JPYUSD,0.01075153
2010-04-15,AUDUSD,0.93220000
2010-04-15,CHFUSD,0.94384143
2010-04-15,EURUSD,1.35400000
2010-04-15,GBPUSD,1.54650000
2010-04-15,JPYUSD,0.01074807
2010-04-16,AUDUSD,0.92520000
2010-04-16,CHFUSD,0.94126506
2010-04-16,EURUSD,1.34870000
2010-04-16,GBPUSD,1.53950000
2010-04-16,JPYUSD,0.01086602
2010-04-19,AUDUSD,0.91850000
2010-04-19,CHFUSD,0.93896714
2010-04-19,EURUSD,1.34580000
2010-04-19,GBPUSD,1.52630000
2010-04-19,JPYUSD,0.01084834
2010-04-20,AUDUSD,0.93120000
2010-04-20,CHFUSD,0.93694369
2010-04-20,EURUSD,1.34460000
2010-04-20,GBPUSD,1.53750000
2010-04-20,JPYUSD,0.01072041
2010-04-21,AUDUSD,0.92780000
2010-04-21,CHFUSD,0.93388121
2010-04-21,EURUSD,1.33830000
2010-04-21,GBPUSD,1.53970000
2010-04-21,JPYUSD,0.01072501
2010-04-22,AUDUSD,0.92460000
2010-04-22,CHFUSD,0.92781592
2010-04-22,EURUSD,1.32980000
2010-04-22,GBPUSD,1.53680000
2010-04-22,JPYUSD,0.01075153
2010-04-23,AUDUSD,0.92290000
2010-04-23,CHFUSD,0.93083869
2010-04-23,EURUSD,1.33600000
2010-04-23,GBPUSD,1.53630000
2010-04-23,JPYUSD,0.01061797
2010-04-26,AUDUSD,0.92730000
2010-04-26,CHFUSD,0.92997303
2010-04-26,EURUSD,1.33360000
2010-04-26,GBPUSD,1.54660000
2010-04-26,JPYUSD,0.01063151
2010-04-27,AUDUSD,0.91700000
2010-04-27,CHFUSD,0.92276460
2010-04-27,EURUSD,1.32300000
2010-04-27,GBPUSD,1.52850000
2010-04-27,JPYUSD,0.01075153
2010-04-28,AUDUSD,0.92200000
2010-04-28,CHFUSD,0.91659028
2010-04-28,EURUSD,1.31300000
2010-04-28,GBPUSD,1.51600000
2010-04-28,JPYUSD,0.01063038
2010-04-29,AUDUSD,0.92770000
2010-04-29,CHFUSD,0.92387288
2010-04-29,EURUSD,1.32430000
2010-04-29,GBPUSD,1.53030000
2010-04-29,JPYUSD,0.01062022
2010-04-30,AUDUSD,0.93060000
2010-04-30,CHFUSD,0.92876382
2010-04-30,EURUSD,1.33020000
2010-04-30,GBPUSD,1.53080000
2010-04-30,JPYUSD,0.01061121
2010-05-03,AUDUSD,0.92550000
2010-05-03,CHFUSD,0.92013250
2010-05-03,EURUSD,1.31830000
2010-05-03,GBPUSD,1.52420000
2010-05-03,JPYUSD,0.01056189
2010-05-04,AUDUSD,0.91250000
2010-05-04,CHFUSD,0.91016656
2010-05-04,EURUSD,1.30370000
2010-05-04,GBPUSD,1.51350000
2010-05-04,JPYUSD,0.01057306
2010-05-05,AUDUSD,0.90950000
2010-05-05,CHFUSD,0.89944235
2010-05-05,EURUSD,1.28900000
2010-05-05,GBPUSD,1.51340000
2010-05-05,JPYUSD,0.01060445
2010-05-06,AUDUSD,0.89390000
2010-05-06,CHFUSD,0.90155067
2010-05-06,EURUSD,1.26890000
2010-05-06,GBPUSD,1.48890000
2010-05-06,JPYUSD,0.01084363
2010-05-07,AUDUSD,0.88900000
2010-05-07,CHFUSD,0.90211998
2010-05-07,EURUSD,1.27210000
2010-05-07,GBPUSD,1.47390000
2010-05-07,JPYUSD,0.01090869
2010-05-10,AUDUSD,0.90160000
2010-05-10,CHFUSD,0.90342398
2010-05-10,EURUSD,1.28610000
2010-05-10,GBPUSD,1.49800000
2010-05-10,JPYUSD,0.01070778
2010-05-11,AUDUSD,0.89900000
2010-05-11,CHFUSD,0.90424089
2010-05-11,EURUSD,1.27150000
2010-05-11,GBPUSD,1.49520000
2010-05-11,JPYUSD,0.01077238
2010-05-12,AUDUSD,0.89260000
2010-05-12,CHFUSD,0.90081975
2010-05-12,EURUSD,1.26420000
2010-05-12,GBPUSD,1.48550000
2010-05-12,JPYUSD,0.01076079
2010-05-13,AUDUSD,0.89980000
2010-05-13,CHFUSD,0.89718285
2010-05-13,EURUSD,1.25680000
2010-05-13,GBPUSD,1.46590000
2010-05-13,JPYUSD,0.01078749
2010-05-14,AUDUSD,0.88860000
2010-05-14,CHFUSD,0.88464260
2010-05-14,EURUSD,1.23900000
2010-05-14,GBPUSD,1.45570000
2010-05-14,JPYUSD,0.01087666
2010-05-17,AUDUSD,0.87350000
2010-05-17,CHFUSD,0.87780899
2010-05-17,EURUSD,1.22990000
2010-05-17,GBPUSD,1.43880000
2010-05-17,JPYUSD,0.01086012
2010-05-18,AUDUSD,0.87270000
2010-05-18,CHFUSD,0.88167872
2010-05-18,EURUSD,1.23580000
2010-05-18,GBPUSD,1.44390000
2010-05-18,JPYUSD,0.01080847
2010-05-19,AUDUSD,0.83800000
2010-05-19,CHFUSD,0.86475268
2010-05-19,EURUSD,1.23170000
2010-05-19,GBPUSD,1.43490000
2010-05-19,JPYUSD,0.01096972
2010-05-20,AUDUSD,0.82500000
2010-05-20,CHFUSD,0.86956522
2010-05-20,EURUSD,1.23700000
2010-05-20,GBPUSD,1.43440000
2010-05-20,JPYUSD,0.01110248
2010-05-21,AUDUSD,0.83020000
2010-05-21,CHFUSD,0.87070091
2010-05-21,EURUSD,1.25750000
2010-05-21,GBPUSD,1.44660000
2010-05-21,JPYUSD,0.01108525
2010-05-24,AUDUSD,0.83240000
2010-05-24,CHFUSD,0.86497708
2010-05-24,EURUSD,1.24060000
2010-05-24,GBPUSD,1.44370000
2010-05-24,JPYUSD,0.01105094
2010-05-25,AUDUSD,0.81720000
2010-05-25,CHFUSD,0.86258949
2010-05-25,EURUSD,1.22790000
2010-05-25,GBPUSD,1.43520000
2010-05-25,JPYUSD,0.01112471
2010-05-26,AUDUSD,0.82910000
2010-05-26,CHFUSD,0.86192036
2010-05-26,EURUSD,1.22240000
2010-05-26,GBPUSD,1.44010000
2010-05-26,JPYUSD,0.01107665
2010-05-27,AUDUSD,0.84670000
2010-05-27,CHFUSD,0.86956522
2010-05-27,EURUSD,1.23700000
2010-05-27,GBPUSD,1.45690000
2010-05-27,JPYUSD,0.01102414
2010-05-28,AUDUSD,0.84910000
2010-05-28,CHFUSD,0.86700191
2010-05-28,EURUSD,1.23690000
2010-05-28,GBPUSD,1.44920000
2010-05-28,JPYUSD,0.01101200
2010-06-01,AUDUSD,0.83960000
2010-06-01,CHFUSD,0.86595081
2010-06-01,EURUSD,1.22660000
2010-06-01,GBPUSD,1.46730000
2010-06-01,JPYUSD,0.01096972
2010-06-02,AUDUSD,0.83550000
2010-06-02,CHFUSD,0.86393089
2010-06-02,EURUSD,1.22060000
2010-06-02,GBPUSD,1.46410000
2010-06-02,JPYUSD,0.01084481
2010-06-03,AUDUSD,0.84200000
2010-06-03,CHFUSD,0.86655113
2010-06-03,EURUSD,1.21930000
2010-06-03,GBPUSD,1.46160000
2010-06-03,JPYUSD,0.01083072
2010-06-04,AUDUSD,0.82790000
2010-06-04,CHFUSD,0.86102979
2010-06-04,EURUSD,1.19980000
2010-06-04,GBPUSD,1.44930000
2010-06-04,JPYUSD,0.01088969
2010-06-07,AUDUSD,0.81920000
2010-06-07,CHFUSD,0.86110394
2010-06-07,EURUSD,1.19590000
2010-06-07,GBPUSD,1.44980000
2010-06-07,JPYUSD,0.01086957
2010-06-08,AUDUSD,0.82320000
2010-06-08,CHFUSD,0.86880973
2010-06-08,EURUSD,1.19950000
2010-06-08,GBPUSD,1.44220000
2010-06-08,JPYUSD,0.01095290
2010-06-09,AUDUSD,0.83370000
2010-06-09,CHFUSD,0.87298123
2010-06-09,EURUSD,1.20450000
2010-06-09,GBPUSD,1.45850000
2010-06-09,JPYUSD,0.01092419
2010-06-10,AUDUSD,0.84690000
2010-06-10,CHFUSD,0.87581012
2010-06-10,EURUSD,1.21110000
2010-06-10,GBPUSD,1.46740000
2010-06-10,JPYUSD,0.01098418
2010-06-11,AUDUSD,0.84930000
2010-06-11,CHFUSD,0.86798021
2010-06-11,EURUSD,1.20770000
2010-06-11,GBPUSD,1.45450000
2010-06-11,JPYUSD,0.01090275
2010-06-14,AUDUSD,0.86340000
2010-06-14,CHFUSD,0.87888908
2010-06-14,EURUSD,1.22770000
2010-06-14,GBPUSD,1.47700000
2010-06-14,JPYUSD,0.01089325
2010-06-15,AUDUSD,0.86160000
2010-06-15,CHFUSD,0.88417330
2010-06-15,EURUSD,1.23270000
2010-06-15,GBPUSD,1.48270000
2010-06-15,JPYUSD,0.01095890
2010-06-16,AUDUSD,0.86480000
2010-06-16,CHFUSD,0.88754771
2010-06-16,EURUSD,1.23230000
2010-06-16,GBPUSD,1.48380000
2010-06-16,JPYUSD,0.01094212
2010-06-17,AUDUSD,0.86480000
2010-06-17,CHFUSD,0.89790787
2010-06-17,EURUSD,1.23650000
2010-06-17,GBPUSD,1.48060000
2010-06-17,JPYUSD,0.01099868
2010-06-18,AUDUSD,0.86990000
2010-06-18,CHFUSD,0.90033312
2010-06-18,EURUSD,1.23600000
2010-06-18,GBPUSD,1.47870000
2010-06-18,JPYUSD,0.01101443
2010-06-21,AUDUSD,0.88180000
2010-06-21,CHFUSD,0.90252708
2010-06-21,EURUSD,1.23850000
2010-06-21,GBPUSD,1.48260000
2010-06-21,JPYUSD,0.01096732
2010-06-22,AUDUSD,0.87910000
2010-06-22,CHFUSD,0.90522314
2010-06-22,EURUSD,1.23030000
2010-06-22,GBPUSD,1.48500000
2010-06-22,JPYUSD,0.01103875
2010-06-23,AUDUSD,0.87390000
2010-06-23,CHFUSD,0.90473175
2010-06-23,EURUSD,1.23100000
2010-06-23,GBPUSD,1.49520000
2010-06-23,JPYUSD,0.01113338
2010-06-24,AUDUSD,0.86710000
2010-06-24,CHFUSD,0.90514120
2010-06-24,EURUSD,1.22880000
2010-06-24,GBPUSD,1.49860000
2010-06-24,JPYUSD,0.01118568
2010-06-25,AUDUSD,0.86820000
2010-06-25,CHFUSD,0.91432751
2010-06-25,EURUSD,1.23320000
2010-06-25,GBPUSD,1.49850000
2010-06-25,JPYUSD,0.01119194
2010-06-28,AUDUSD,0.87380000
2010-06-28,CHFUSD,0.92081031
2010-06-28,EURUSD,1.23160000
2010-06-28,GBPUSD,1.50980000
2010-06-28,JPYUSD,0.01120699
2010-06-29,AUDUSD,0.85250000
2010-06-29,CHFUSD,0.92506938
2010-06-29,EURUSD,1.21870000
2010-06-29,GBPUSD,1.50810000
2010-06-29,JPYUSD,0.01131350
2010-06-30,AUDUSD,0.84800000
2010-06-30,CHFUSD,0.92816039
2010-06-30,EURUSD,1.22910000
2010-06-30,GBPUSD,1.49470000
2010-06-30,JPYUSD,0.01130071
2010-07-01,AUDUSD,0.83800000
2010-07-01,CHFUSD,0.93676815
2010-07-01,EURUSD,1.24640000
2010-07-01,GBPUSD,1.51260000
2010-07-01,JPYUSD,0.01143903
2010-07-02,AUDUSD,0.84320000
2010-07-02,CHFUSD,0.94029149
2010-07-02,EURUSD,1.25770000
2010-07-02,GBPUSD,1.51790000
2010-07-02,JPYUSD,0.01140381
2010-07-06,AUDUSD,0.85550000
2010-07-06,CHFUSD,0.94455464
2010-07-06,EURUSD,1.26460000
2010-07-06,GBPUSD,1.51800000
2010-07-06,JPYUSD,0.01142204
2010-07-07,AUDUSD,0.85680000
2010-07-07,CHFUSD,0.94831674
2010-07-07,EURUSD,1.25940000
2010-07-07,GBPUSD,1.51790000
2010-07-07,JPYUSD,0.01147315
2010-07-08,AUDUSD,0.87670000
2010-07-08,CHFUSD,0.95219958
2010-07-08,EURUSD,1.26830000
2010-07-08,GBPUSD,1.51570000
2010-07-08,JPYUSD,0.01130710
2010-07-09,AUDUSD,0.87530000
2010-07-09,CHFUSD,0.94544767
2010-07-09,EURUSD,1.26390000
2010-07-09,GBPUSD,1.50950000
2010-07-09,JPYUSD,0.01130199
2010-07-12,AUDUSD,0.87330000
2010-07-12,CHFUSD,0.94153093
2010-07-12,EURUSD,1.25730000
2010-07-12,GBPUSD,1.50160000
2010-07-12,JPYUSD,0.01129561
2010-07-13,AUDUSD,0.88210000
2010-07-13,CHFUSD,0.95020905
2010-07-13,EURUSD,1.27190000
2010-07-13,GBPUSD,1.51750000
2010-07-13,JPYUSD,0.01133273
2010-07-14,AUDUSD,0.88540000
2010-07-14,CHFUSD,0.94732853
2010-07-14,EURUSD,1.27550000
2010-07-14,GBPUSD,1.52840000
2010-07-14,JPYUSD,0.01128796
2010-07-15,AUDUSD,0.87810000
2010-07-15,CHFUSD,0.95960081
2010-07-15,EURUSD,1.28930000
2010-07-15,GBPUSD,1.53760000
2010-07-15,JPYUSD,0.01144034
2010-07-16,AUDUSD,0.87070000
2010-07-16,CHFUSD,0.95038966
2010-07-16,EURUSD,1.29190000
2010-07-16,GBPUSD,1.52890000
2010-07-16,JPYUSD,0.01157407
2010-07-19,AUDUSD,0.86920000
2010-07-19,CHFUSD,0.95020905
2010-07-19,EURUSD,1.29630000
2010-07-19,GBPUSD,1.52220000
2010-07-19,JPYUSD,0.01152472
2010-07-20,AUDUSD,0.87880000
2010-07-20,CHFUSD,0.95410743
2010-07-20,EURUSD,1.29050000
2010-07-20,GBPUSD,1.52550000
2010-07-20,JPYUSD,0.01146526
2010-07-21,AUDUSD,0.88240000
2010-07-21,CHFUSD,0.95057034
2010-07-21,EURUSD,1.28180000
2010-07-21,GBPUSD,1.52010000
2010-07-21,JPYUSD,0.01145475
2010-07-22,AUDUSD,0.89200000
2010-07-22,CHFUSD,0.96126117
2010-07-22,EURUSD,1.29030000
2010-07-22,GBPUSD,1.52830000
2010-07-22,JPYUSD,0.01149425
2010-07-23,AUDUSD,0.89460000
2010-07-23,CHFUSD,0.94975781
2010-07-23,EURUSD,1.28740000
2010-07-23,GBPUSD,1.54250000
2010-07-23,JPYUSD,0.01145344
2010-07-26,AUDUSD,0.89980000
2010-07-26,CHFUSD,0.95419847
2010-07-26,EURUSD,1.29830000
2010-07-26,GBPUSD,1.54900000
2010-07-26,JPYUSD,0.01146789
2010-07-27,AUDUSD,0.90170000
2010-07-27,CHFUSD,0.94144229
2010-07-27,EURUSD,1.29830000
2010-07-27,GBPUSD,1.55380000
2010-07-27,JPYUSD,0.01137915
2010-07-28,AUDUSD,0.89290000
2010-07-28,CHFUSD,0.94535829
2010-07-28,EURUSD,1.29980000
2010-07-28,GBPUSD,1.56110000
2010-07-28,JPYUSD,0.01141292
2010-07-29,AUDUSD,0.89810000
2010-07-29,CHFUSD,0.96043027
2010-07-29,EURUSD,1.30640000
2010-07-29,GBPUSD,1.55910000
2010-07-29,JPYUSD,0.01151145
2010-07-30,AUDUSD,0.90510000
2010-07-30,CHFUSD,0.96061479
2010-07-30,EURUSD,1.30690000
2010-07-30,GBPUSD,1.57140000
2010-07-30,JPYUSD,0.01157006
2010-08-02,AUDUSD,0.91350000
2010-08-02,CHFUSD,0.96348396
2010-08-02,EURUSD,1.31740000
2010-08-02,GBPUSD,1.58970000
2010-08-02,JPYUSD,0.01157140
2010-08-03,AUDUSD,0.91500000
2010-08-03,CHFUSD,0.96302003
2010-08-03,EURUSD,1.32390000
2010-08-03,GBPUSD,1.59410000
2010-08-03,JPYUSD,0.01164415
2010-08-04,AUDUSD,0.91600000
2010-08-04,CHFUSD,0.95111280
2010-08-04,EURUSD,1.31580000
2010-08-04,GBPUSD,1.58870000
2010-08-04,JPYUSD,0.01159286
2010-08-05,AUDUSD,0.91310000
2010-08-05,CHFUSD,0.95465394
2010-08-05,EURUSD,1.31570000
2010-08-05,GBPUSD,1.58600000
2010-08-05,JPYUSD,0.01165094
2010-08-06,AUDUSD,0.91650000
2010-08-06,CHFUSD,0.96478534
2010-08-06,EURUSD,1.32820000
2010-08-06,GBPUSD,1.59790000
2010-08-06,JPYUSD,0.01173021
2010-08-09,AUDUSD,0.91700000
2010-08-09,CHFUSD,0.95629722
2010-08-09,EURUSD,1.32410000
2010-08-09,GBPUSD,1.59450000
2010-08-09,JPYUSD,0.01164415
2010-08-10,AUDUSD,0.90860000
2010-08-10,CHFUSD,0.94562648
2010-08-10,EURUSD,1.30950000
2010-08-10,GBPUSD,1.57760000
2010-08-10,JPYUSD,0.01164415
2010-08-11,AUDUSD,0.90060000
2010-08-11,CHFUSD,0.94482237
2010-08-11,EURUSD,1.28990000
2010-08-11,GBPUSD,1.56880000
2010-08-11,JPYUSD,0.01171509
2010-08-12,AUDUSD,0.89640000
2010-08-12,CHFUSD,0.95374344
2010-08-12,EURUSD,1.28660000
2010-08-12,GBPUSD,1.55730000
2010-08-12,JPYUSD,0.01165094
2010-08-13,AUDUSD,0.89550000
2010-08-13,CHFUSD,0.95002850
2010-08-13,EURUSD,1.27670000
2010-08-13,GBPUSD,1.55800000
2010-08-13,JPYUSD,0.01160093
2010-08-16,AUDUSD,0.89760000
2010-08-16,CHFUSD,0.96357680
2010-08-16,EURUSD,1.28380000
2010-08-16,GBPUSD,1.56790000
2010-08-16,JPYUSD,0.01171921
2010-08-17,AUDUSD,0.90670000
2010-08-17,CHFUSD,0.95840521
2010-08-17,EURUSD,1.28900000
2010-08-17,GBPUSD,1.55860000
2010-08-17,JPYUSD,0.01169454
2010-08-18,AUDUSD,0.89950000
2010-08-18,CHFUSD,0.96116878
2010-08-18,EURUSD,1.28720000
2010-08-18,GBPUSD,1.56190000
2010-08-18,JPYUSD,0.01172196
2010-08-19,AUDUSD,0.89280000
2010-08-19,CHFUSD,0.96993210
2010-08-19,EURUSD,1.28370000
2010-08-19,GBPUSD,1.56120000
2010-08-19,JPYUSD,0.01172745
2010-08-20,AUDUSD,0.88810000
2010-08-20,CHFUSD,0.96413421
2010-08-20,EURUSD,1.26870000
2010-08-20,GBPUSD,1.55150000
2010-08-20,JPYUSD,0.01167815
2010-08-23,AUDUSD,0.89300000
2010-08-23,CHFUSD,0.96237128
2010-08-23,EURUSD,1.26630000
2010-08-23,GBPUSD,1.55320000
2010-08-23,JPYUSD,0.01174260
2010-08-24,AUDUSD,0.88620000
2010-08-24,CHFUSD,0.97021442
2010-08-24,EURUSD,1.26750000
2010-08-24,GBPUSD,1.54710000
2010-08-24,JPYUSD,0.01188213
2010-08-25,AUDUSD,0.88070000
2010-08-25,CHFUSD,0.97342548
2010-08-25,EURUSD,1.26520000
2010-08-25,GBPUSD,1.54600000
2010-08-25,JPYUSD,0.01182592
2010-08-26,AUDUSD,0.88810000
2010-08-26,CHFUSD,0.97532430
2010-08-26,EURUSD,1.27170000
2010-08-26,GBPUSD,1.55740000
2010-08-26,JPYUSD,0.01181893
2010-08-27,AUDUSD,0.89790000
2010-08-27,CHFUSD,0.97389949
2010-08-27,EURUSD,1.27650000
2010-08-27,GBPUSD,1.55280000
2010-08-27,JPYUSD,0.01175088
2010-08-30,AUDUSD,0.89400000
2010-08-30,CHFUSD,0.97618118
2010-08-30,EURUSD,1.26860000
2010-08-30,GBPUSD,1.54730000
2010-08-30,JPYUSD,0.01181056
2010-08-31,AUDUSD,0.89100000
2010-08-31,CHFUSD,0.98522167
2010-08-31,EURUSD,1.27040000
2010-08-31,GBPUSD,1.53580000
2010-08-31,JPYUSD,0.01189061
2010-09-01,AUDUSD,0.90930000
2010-09-01,CHFUSD,0.98531875
2010-09-01,EURUSD,1.28130000
2010-09-01,GBPUSD,1.54720000
2010-09-01,JPYUSD,0.01183712
2010-09-02,AUDUSD,0.91040000
2010-09-02,CHFUSD,0.98833762
2010-09-02,EURUSD,1.28240000
2010-09-02,GBPUSD,1.53930000
2010-09-02,JPYUSD,0.01188354
2010-09-03,AUDUSD,0.91550000
2010-09-03,CHFUSD,0.98289758
2010-09-03,EURUSD,1.28850000
2010-09-03,GBPUSD,1.54520000
2010-09-03,JPYUSD,0.01184133
2010-09-07,AUDUSD,0.91430000
2010-09-07,CHFUSD,0.98872850
2010-09-07,EURUSD,1.27230000
2010-09-07,GBPUSD,1.53150000
2010-09-07,JPYUSD,0.01194030
2010-09-08,AUDUSD,0.91850000
2010-09-08,CHFUSD,0.98951118
2010-09-08,EURUSD,1.27270000
2010-09-08,GBPUSD,1.55130000
2010-09-08,JPYUSD,0.01192606
2010-09-09,AUDUSD,0.92480000
2010-09-09,CHFUSD,0.98531875
2010-09-09,EURUSD,1.27080000
2010-09-09,GBPUSD,1.54480000
2010-09-09,JPYUSD,0.01192890
2010-09-10,AUDUSD,0.92580000
2010-09-10,CHFUSD,0.98280098
2010-09-10,EURUSD,1.27310000
2010-09-10,GBPUSD,1.53870000
2010-09-10,JPYUSD,0.01188637
2010-09-13,AUDUSD,0.93590000
2010-09-13,CHFUSD,0.99216192
2010-09-13,EURUSD,1.28900000
2010-09-13,GBPUSD,1.54660000
2010-09-13,JPYUSD,0.01197175
2010-09-14,AUDUSD,0.94360000
2010-09-14,CHFUSD,1.00623868
2010-09-14,EURUSD,1.30140000
2010-09-14,GBPUSD,1.55590000
2010-09-14,JPYUSD,0.01204094
2010-09-15,AUDUSD,0.93970000
2010-09-15,CHFUSD,0.99681021
2010-09-15,EURUSD,1.30080000
2010-09-15,GBPUSD,1.56410000
2010-09-15,JPYUSD,0.01167815
2010-09-16,AUDUSD,0.93510000
2010-09-16,CHFUSD,0.98590161
2010-09-16,EURUSD,1.30790000
2010-09-16,GBPUSD,1.56120000
2010-09-16,JPYUSD,0.01166589
2010-09-17,AUDUSD,0.93780000
2010-09-17,CHFUSD,0.99088387
2010-09-17,EURUSD,1.30460000
2010-09-17,GBPUSD,1.56350000
2010-09-17,JPYUSD,0.01165909
2010-09-20,AUDUSD,0.94790000
2010-09-20,CHFUSD,0.99502488
2010-09-20,EURUSD,1.30740000
2010-09-20,GBPUSD,1.55640000
2010-09-20,JPYUSD,0.01166317
2010-09-21,AUDUSD,0.94750000
2010-09-21,CHFUSD,0.99621439
2010-09-21,EURUSD,1.31360000
2010-09-21,GBPUSD,1.55510000
2010-09-21,JPYUSD,0.01171509
2010-09-22,AUDUSD,0.95360000
2010-09-22,CHFUSD,1.01368474
2010-09-22,EURUSD,1.33850000
2010-09-22,GBPUSD,1.56490000
2010-09-22,JPYUSD,0.01185255
2010-09-23,AUDUSD,0.95380000
2010-09-23,CHFUSD,1.01595042
2010-09-23,EURUSD,1.33440000
2010-09-23,GBPUSD,1.57230000
2010-09-23,JPYUSD,0.01185958
2010-09-24,AUDUSD,0.95840000
2010-09-24,CHFUSD,1.01750102
2010-09-24,EURUSD,1.34760000
2010-09-24,GBPUSD,1.58290000
2010-09-24,JPYUSD,0.01187085
2010-09-27,AUDUSD,0.96220000
2010-09-27,CHFUSD,1.01719052
2010-09-27,EURUSD,1.34750000
2010-09-27,GBPUSD,1.58510000
2010-09-27,JPYUSD,0.01188072
2010-09-28,AUDUSD,0.96730000
2010-09-28,CHFUSD,1.02501025
2010-09-28,EURUSD,1.35830000
2010-09-28,GBPUSD,1.58080000
2010-09-28,JPYUSD,0.01193033
2010-09-29,AUDUSD,0.97140000
2010-09-29,CHFUSD,1.02543068
2010-09-29,EURUSD,1.36380000
2010-09-29,GBPUSD,1.58120000
2010-09-29,JPYUSD,0.01196029
2010-09-30,AUDUSD,0.96400000
2010-09-30,CHFUSD,1.01957586
2010-09-30,EURUSD,1.36010000
2010-09-30,GBPUSD,1.57310000
2010-09-30,JPYUSD,0.01197175
2010-10-01,AUDUSD,0.97100000
2010-10-01,CHFUSD,1.02448520
2010-10-01,EURUSD,1.37540000
2010-10-01,GBPUSD,1.58290000
2010-10-01,JPYUSD,0.01200480
2010-10-04,AUDUSD,0.96660000
2010-10-04,CHFUSD,1.02848915
2010-10-04,EURUSD,1.36880000
2010-10-04,GBPUSD,1.58490000
2010-10-04,JPYUSD,0.01200048
2010-10-05,AUDUSD,0.96990000
2010-10-05,CHFUSD,1.03487530
2010-10-05,EURUSD,1.38340000
2010-10-05,GBPUSD,1.59150000
2010-10-05,JPYUSD,0.01202357
2010-10-06,AUDUSD,0.97810000
2010-10-06,CHFUSD,1.04123282
2010-10-06,EURUSD,1.39240000
2010-10-06,GBPUSD,1.59030000
2010-10-06,JPYUSD,0.01207729
2010-10-07,AUDUSD,0.98150000
2010-10-07,CHFUSD,1.03444709
2010-10-07,EURUSD,1.39210000
2010-10-07,GBPUSD,1.59300000
2010-10-07,JPYUSD,0.01214329
2010-10-08,AUDUSD,0.98660000
2010-10-08,CHFUSD,1.04069102
2010-10-08,EURUSD,1.39230000
2010-10-08,GBPUSD,1.59510000
2010-10-08,JPYUSD,0.01221598
2010-10-12,AUDUSD,0.98480000
2010-10-12,CHFUSD,1.04242677
2010-10-12,EURUSD,1.38460000
2010-10-12,GBPUSD,1.57990000
2010-10-12,JPYUSD,0.01223391
2010-10-13,AUDUSD,0.99220000
2010-10-13,CHFUSD,1.04297038
2010-10-13,EURUSD,1.39640000
2010-10-13,GBPUSD,1.58430000
2010-10-13,JPYUSD,0.01222344
2010-10-14,AUDUSD,0.99430000
2010-10-14,CHFUSD,1.04931794
2010-10-14,EURUSD,1.40660000
2010-10-14,GBPUSD,1.59920000
2010-10-14,JPYUSD,0.01227898
2010-10-15,AUDUSD,0.98830000
2010-10-15,CHFUSD,1.04580632
2010-10-15,EURUSD,1.39980000
2010-10-15,GBPUSD,1.60270000
2010-10-15,JPYUSD,0.01229710
2010-10-18,AUDUSD,0.99170000
2010-10-18,CHFUSD,1.04624398
2010-10-18,EURUSD,1.39780000
2010-10-18,GBPUSD,1.59070000
2010-10-18,JPYUSD,0.01232134
2010-10-19,AUDUSD,0.97580000
2010-10-19,CHFUSD,1.03071532
2010-10-19,EURUSD,1.38270000
2010-10-19,GBPUSD,1.57390000
2010-10-19,JPYUSD,0.01225490
2010-10-20,AUDUSD,0.98480000
2010-10-20,CHFUSD,1.04004160
2010-10-20,EURUSD,1.39490000
2010-10-20,GBPUSD,1.58570000
2010-10-20,JPYUSD,0.01232438
2010-10-21,AUDUSD,0.98380000
2010-10-21,CHFUSD,1.03712923
2010-10-21,EURUSD,1.39730000
2010-10-21,GBPUSD,1.57530000
2010-10-21,JPYUSD,0.01232134
2010-10-22,AUDUSD,0.97840000
2010-10-22,CHFUSD,1.02124183
2010-10-22,EURUSD,1.39040000
2010-10-22,GBPUSD,1.56770000
2010-10-22,JPYUSD,0.01227295
2010-10-25,AUDUSD,0.99330000
2010-10-25,CHFUSD,1.02976007
2010-10-25,EURUSD,1.39860000
2010-10-25,GBPUSD,1.57480000
2010-10-25,JPYUSD,0.01240541
2010-10-26,AUDUSD,0.98630000
2010-10-26,CHFUSD,1.01791531
2010-10-26,EURUSD,1.38730000
2010-10-26,GBPUSD,1.58710000
2010-10-26,JPYUSD,0.01230315
2010-10-27,AUDUSD,0.96990000
2010-10-27,CHFUSD,1.01081573
2010-10-27,EURUSD,1.37880000
2010-10-27,GBPUSD,1.57820000
2010-10-27,JPYUSD,0.01226242
2010-10-28,AUDUSD,0.97870000
2010-10-28,CHFUSD,1.01688021
2010-10-28,EURUSD,1.39290000
2010-10-28,GBPUSD,1.59450000
2010-10-28,JPYUSD,0.01234720
2010-10-29,AUDUSD,0.97980000
2010-10-29,CHFUSD,1.01522843
2010-10-29,EURUSD,1.38940000
2010-10-29,GBPUSD,1.60200000
2010-10-29,JPYUSD,0.01242545
2010-11-01,AUDUSD,0.98780000
2010-11-01,CHFUSD,1.00654253
2010-11-01,EURUSD,1.38880000
2010-11-01,GBPUSD,1.60500000
2010-11-01,JPYUSD,0.01239772
2010-11-02,AUDUSD,0.99900000
2010-11-02,CHFUSD,1.02228583
2010-11-02,EURUSD,1.40260000
2010-11-02,GBPUSD,1.60100000
2010-11-02,JPYUSD,0.01237624
2010-11-03,AUDUSD,0.99670000
2010-11-03,CHFUSD,1.02113755
2010-11-03,EURUSD,1.40140000
2010-11-03,GBPUSD,1.60800000
2010-11-03,JPYUSD,0.01228350
2010-11-04,AUDUSD,1.01430000
2010-11-04,CHFUSD,1.03852944
2010-11-04,EURUSD,1.42240000
2010-11-04,GBPUSD,1.62820000
2010-11-04,JPYUSD,0.01240541
2010-11-05,AUDUSD,1.01380000
2010-11-05,CHFUSD,1.04384134
2010-11-05,EURUSD,1.40330000
2010-11-05,GBPUSD,1.62110000
2010-11-05,JPYUSD,0.01229256
2010-11-08,AUDUSD,1.01340000
2010-11-08,CHFUSD,1.03712923
2010-11-08,EURUSD,1.39270000
2010-11-08,GBPUSD,1.61500000
2010-11-08,JPYUSD,0.01232438
2010-11-09,AUDUSD,1.01200000
2010-11-09,CHFUSD,1.03669915
2010-11-09,EURUSD,1.38650000
2010-11-09,GBPUSD,1.60500000
2010-11-09,JPYUSD,0.01232286
2010-11-10,AUDUSD,1.00250000
2010-11-10,CHFUSD,1.02679947
2010-11-10,EURUSD,1.37280000
2010-11-10,GBPUSD,1.60710000
2010-11-10,JPYUSD,0.01211681
2010-11-12,AUDUSD,0.99060000
2010-11-12,CHFUSD,1.02480016
2010-11-12,EURUSD,1.37000000
2010-11-12,GBPUSD,1.61720000
2010-11-12,JPYUSD,0.01213003
2010-11-15,AUDUSD,0.99040000
2010-11-15,CHFUSD,1.01657009
2010-11-15,EURUSD,1.36150000
2010-11-15,GBPUSD,1.60640000
2010-11-15,JPYUSD,0.01206273
2010-11-16,AUDUSD,0.97550000
2010-11-16,CHFUSD,1.00765820
2010-11-16,EURUSD,1.35170000
2010-11-16,GBPUSD,1.58810000
2010-11-16,JPYUSD,0.01198897
2010-11-17,AUDUSD,0.98210000
2010-11-17,CHFUSD,1.01061142
2010-11-17,EURUSD,1.35550000
2010-11-17,GBPUSD,1.59410000
2010-11-17,JPYUSD,0.01202646
2010-11-18,AUDUSD,0.98900000
2010-11-18,CHFUSD,1.00310964
2010-11-18,EURUSD,1.36180000
2010-11-18,GBPUSD,1.60100000
2010-11-18,JPYUSD,0.01195600
2010-11-19,AUDUSD,0.98460000
2010-11-19,CHFUSD,1.00210442
2010-11-19,EURUSD,1.36540000
2010-11-19,GBPUSD,1.59610000
2010-11-19,JPYUSD,0.01197748
2010-11-22,AUDUSD,0.98670000
2010-11-22,CHFUSD,1.00836947
2010-11-22,EURUSD,1.36120000
2010-11-22,GBPUSD,1.59320000
2010-11-22,JPYUSD,0.01198179
2010-11-23,AUDUSD,0.97300000
2010-11-23,CHFUSD,1.00492413
2010-11-23,EURUSD,1.33880000
2010-11-23,GBPUSD,1.58240000
2010-11-23,JPYUSD,0.01206855
2010-11-24,AUDUSD,0.98220000
2010-11-24,CHFUSD,1.00553042
2010-11-24,EURUSD,1.33500000
2010-11-24,GBPUSD,1.57740000
2010-11-24,JPYUSD,0.01199328
2010-11-26,AUDUSD,0.96400000
2010-11-26,CHFUSD,0.99840256
2010-11-26,EURUSD,1.32430000
2010-11-26,GBPUSD,1.56160000
2010-11-26,JPYUSD,0.01189343
2010-11-29,AUDUSD,0.95940000
2010-11-29,CHFUSD,0.99880144
2010-11-29,EURUSD,1.30920000
2010-11-29,GBPUSD,1.55570000
2010-11-29,JPYUSD,0.01185677
2010-11-30,AUDUSD,0.96070000
2010-11-30,CHFUSD,1.00150225
2010-11-30,EURUSD,1.30360000
2010-11-30,GBPUSD,1.55780000
2010-11-30,JPYUSD,0.01196745
2010-12-01,AUDUSD,0.96750000
2010-12-01,CHFUSD,1.00030009
2010-12-01,EURUSD,1.31490000
2010-12-01,GBPUSD,1.56030000
2010-12-01,JPYUSD,0.01190476
2010-12-02,AUDUSD,0.97740000
2010-12-02,CHFUSD,1.00999899
2010-12-02,EURUSD,1.32280000
2010-12-02,GBPUSD,1.56100000
2010-12-02,JPYUSD,0.01197175
2010-12-03,AUDUSD,0.98770000
2010-12-03,CHFUSD,1.02417042
2010-12-03,EURUSD,1.33670000
2010-12-03,GBPUSD,1.57230000
2010-12-03,JPYUSD,0.01208751
2010-12-06,AUDUSD,0.98830000
2010-12-06,CHFUSD,1.01543461
2010-12-06,EURUSD,1.32750000
2010-12-06,GBPUSD,1.56800000
2010-12-06,JPYUSD,0.01209190
2010-12-07,AUDUSD,0.98940000
2010-12-07,CHFUSD,1.01750102
2010-12-07,EURUSD,1.33230000
2010-12-07,GBPUSD,1.58020000
2010-12-07,JPYUSD,0.01204239
2010-12-08,AUDUSD,0.97800000
2010-12-08,CHFUSD,1.01224820
2010-12-08,EURUSD,1.32420000
2010-12-08,GBPUSD,1.57920000
2010-12-08,JPYUSD,0.01188213
2010-12-09,AUDUSD,0.98230000
2010-12-09,CHFUSD,1.01564087
2010-12-09,EURUSD,1.32060000
2010-12-09,GBPUSD,1.57330000
2010-12-09,JPYUSD,0.01192606
2010-12-10,AUDUSD,0.98560000
2010-12-10,CHFUSD,1.02082483
2010-12-10,EURUSD,1.32420000
2010-12-10,GBPUSD,1.58090000
2010-12-10,JPYUSD,0.01192321
2010-12-13,AUDUSD,0.99420000
2010-12-13,CHFUSD,1.03434009
2010-12-13,EURUSD,1.33890000
2010-12-13,GBPUSD,1.58820000
2010-12-13,JPYUSD,0.01196602
2010-12-14,AUDUSD,0.99980000
2010-12-14,CHFUSD,1.04058273
2010-12-14,EURUSD,1.33950000
2010-12-14,GBPUSD,1.57950000
2010-12-14,JPYUSD,0.01197318
2010-12-15,AUDUSD,0.99170000
2010-12-15,CHFUSD,1.03960911
2010-12-15,EURUSD,1.33060000
2010-12-15,GBPUSD,1.56130000
2010-12-15,JPYUSD,0.01189910
2010-12-16,AUDUSD,0.98660000
2010-12-16,CHFUSD,1.03519669
2010-12-16,EURUSD,1.32060000
2010-12-16,GBPUSD,1.56120000
2010-12-16,JPYUSD,0.01187225
2010-12-17,AUDUSD,0.98540000
2010-12-17,CHFUSD,1.03018440
2010-12-17,EURUSD,1.31550000
2010-12-17,GBPUSD,1.54800000
2010-12-17,JPYUSD,0.01188354
2010-12-20,AUDUSD,0.99330000
2010-12-20,CHFUSD,1.03755966
2010-12-20,EURUSD,1.31240000
2010-12-20,GBPUSD,1.55210000
2010-12-20,JPYUSD,0.01194458
2010-12-21,AUDUSD,0.99720000
2010-12-21,CHFUSD,1.04329682
2010-12-21,EURUSD,1.31310000
2010-12-21,GBPUSD,1.54620000
2010-12-21,JPYUSD,0.01193887
2010-12-22,AUDUSD,1.00030000
2010-12-22,CHFUSD,1.05229927
2010-12-22,EURUSD,1.30890000
2010-12-22,GBPUSD,1.53900000
2010-12-22,JPYUSD,0.01196745
2010-12-23,AUDUSD,1.00510000
2010-12-23,CHFUSD,1.03950104
2010-12-23,EURUSD,1.31010000
2010-12-23,GBPUSD,1.54000000
2010-12-23,JPYUSD,0.01205255
2010-12-27,AUDUSD,1.00260000
2010-12-27,CHFUSD,1.03885311
2010-12-27,EURUSD,1.31460000
2010-12-27,GBPUSD,1.53820000
2010-12-27,JPYUSD,0.01206127
2010-12-28,AUDUSD,1.01120000
2010-12-28,CHFUSD,1.05086171
2010-12-28,EURUSD,1.31220000
2010-12-28,GBPUSD,1.53610000
2010-12-28,JPYUSD,0.01216397
2010-12-29,AUDUSD,1.01530000
2010-12-29,CHFUSD,1.05307498
2010-12-29,EURUSD,1.31830000
2010-12-29,GBPUSD,1.54630000
2010-12-29,JPYUSD,0.01221001
2010-12-30,AUDUSD,1.01220000
2010-12-30,CHFUSD,1.06734977
2010-12-30,EURUSD,1.32690000
2010-12-30,GBPUSD,1.53920000
2010-12-30,JPYUSD,0.01224440
2011-01-03,AUDUSD,1.02000000
2011-01-03,CHFUSD,1.07192625
2011-01-03,EURUSD,1.33710000
2011-01-03,GBPUSD,1.54900000
2011-01-03,JPYUSD,0.01226091
2011-01-04,AUDUSD,1.00440000
2011-01-04,CHFUSD,1.05507491
2011-01-04,EURUSD,1.33060000
2011-01-04,GBPUSD,1.55860000
2011-01-04,JPYUSD,0.01220107
2011-01-05,AUDUSD,1.00030000
2011-01-05,CHFUSD,1.03691414
2011-01-05,EURUSD,1.31710000
2011-01-05,GBPUSD,1.54970000
2011-01-05,JPYUSD,0.01201634
2011-01-06,AUDUSD,0.99590000
2011-01-06,CHFUSD,1.03842160
2011-01-06,EURUSD,1.30270000
2011-01-06,GBPUSD,1.54900000
2011-01-06,JPYUSD,0.01202646
2011-01-07,AUDUSD,0.99540000
2011-01-07,CHFUSD,1.03626943
2011-01-07,EURUSD,1.29440000
2011-01-07,GBPUSD,1.55600000
2011-01-07,JPYUSD,0.01204239
2011-01-10,AUDUSD,0.99360000
2011-01-10,CHFUSD,1.03241792
2011-01-10,EURUSD,1.29450000
2011-01-10,GBPUSD,1.55830000
2011-01-10,JPYUSD,0.01208021
2011-01-11,AUDUSD,0.98730000
2011-01-11,CHFUSD,1.02511533
2011-01-11,EURUSD,1.29780000
2011-01-11,GBPUSD,1.56280000
2011-01-11,JPYUSD,0.01199616
2011-01-12,AUDUSD,0.99340000
2011-01-12,CHFUSD,1.02912422
2011-01-12,EURUSD,1.30660000
2011-01-12,GBPUSD,1.57160000
2011-01-12,JPYUSD,0.01200624
2011-01-13,AUDUSD,1.00030000
2011-01-13,CHFUSD,1.03906899
2011-01-13,EURUSD,1.33640000
2011-01-13,GBPUSD,1.58700000
2011-01-13,JPYUSD,0.01208897
2011-01-14,AUDUSD,0.98860000
2011-01-14,CHFUSD,1.03551828
2011-01-14,EURUSD,1.33280000
2011-01-14,GBPUSD,1.58740000
2011-01-14,JPYUSD,0.01204964
2011-01-18,AUDUSD,0.99800000
2011-01-18,CHFUSD,1.03809820
2011-01-18,EURUSD,1.33990000
2011-01-18,GBPUSD,1.60000000
2011-01-18,JPYUSD,0.01209775
2011-01-19,AUDUSD,1.00300000
2011-01-19,CHFUSD,1.04329682
2011-01-19,EURUSD,1.34950000
2011-01-19,GBPUSD,1.59910000
2011-01-19,JPYUSD,0.01219066
2011-01-20,AUDUSD,0.98680000
2011-01-20,CHFUSD,1.03562552
2011-01-20,EURUSD,1.34430000
2011-01-20,GBPUSD,1.58750000
2011-01-20,JPYUSD,0.01204529
2011-01-21,AUDUSD,0.98920000
2011-01-21,CHFUSD,1.04275287
2011-01-21,EURUSD,1.35810000
2011-01-21,GBPUSD,1.59970000
2011-01-21,JPYUSD,0.01210214
2011-01-24,AUDUSD,1.00010000
2011-01-24,CHFUSD,1.05396290
2011-01-24,EURUSD,1.36530000
2011-01-24,GBPUSD,1.59950000
2011-01-24,JPYUSD,0.01213003
2011-01-25,AUDUSD,0.99100000
2011-01-25,CHFUSD,1.05808909
2011-01-25,EURUSD,1.36440000
2011-01-25,GBPUSD,1.58180000
2011-01-25,JPYUSD,0.01214329
2011-01-26,AUDUSD,0.99480000
2011-01-26,CHFUSD,1.05977109
2011-01-26,EURUSD,1.36880000
2011-01-26,GBPUSD,1.58860000
2011-01-26,JPYUSD,0.01215510
2011-01-27,AUDUSD,0.99070000
2011-01-27,CHFUSD,1.05663567
2011-01-27,EURUSD,1.36880000
2011-01-27,GBPUSD,1.59050000
2011-01-27,JPYUSD,0.01204384
2011-01-28,AUDUSD,0.99260000
2011-01-28,CHFUSD,1.06055785
2011-01-28,EURUSD,1.36070000
2011-01-28,GBPUSD,1.58380000
2011-01-28,JPYUSD,0.01219066
2011-01-31,AUDUSD,0.99760000
2011-01-31,CHFUSD,1.06360349
2011-01-31,EURUSD,1.37150000
2011-01-31,GBPUSD,1.60420000
2011-01-31,JPYUSD,0.01219959
2011-02-01,AUDUSD,1.01220000
2011-02-01,CHFUSD,1.06518960
2011-02-01,EURUSD,1.37930000
2011-02-01,GBPUSD,1.61240000
2011-02-01,JPYUSD,0.01227295
2011-02-02,AUDUSD,1.00620000
2011-02-02,CHFUSD,1.06315118
2011-02-02,EURUSD,1.37790000
2011-02-02,GBPUSD,1.61670000
2011-02-02,JPYUSD,0.01222195
2011-02-03,AUDUSD,1.01430000
2011-02-03,CHFUSD,1.05988341
2011-02-03,EURUSD,1.36540000
2011-02-03,GBPUSD,1.61590000
2011-02-03,JPYUSD,0.01227295
2011-02-04,AUDUSD,1.01390000
2011-02-04,CHFUSD,1.04635346
2011-02-04,EURUSD,1.35840000
2011-02-04,GBPUSD,1.60890000
2011-02-04,JPYUSD,0.01219661
2011-02-07,AUDUSD,1.01390000
2011-02-07,CHFUSD,1.04504128
2011-02-07,EURUSD,1.35570000
2011-02-07,GBPUSD,1.61110000
2011-02-07,JPYUSD,0.01213592
2011-02-08,AUDUSD,1.01760000
2011-02-08,CHFUSD,1.04493208
2011-02-08,EURUSD,1.36870000
2011-02-08,GBPUSD,1.60910000
2011-02-08,JPYUSD,0.01220703
2011-02-09,AUDUSD,1.00950000
2011-02-09,CHFUSD,1.04047446
2011-02-09,EURUSD,1.36880000
2011-02-09,GBPUSD,1.60890000
2011-02-09,JPYUSD,0.01212562
2011-02-10,AUDUSD,1.00610000
2011-02-10,CHFUSD,1.03530386
2011-02-10,EURUSD,1.36370000
2011-02-10,GBPUSD,1.61320000
2011-02-10,JPYUSD,0.01203225
2011-02-11,AUDUSD,1.00010000
2011-02-11,CHFUSD,1.02511533
2011-02-11,EURUSD,1.35200000
2011-02-11,GBPUSD,1.59860000
2011-02-11,JPYUSD,0.01197318
2011-02-14,AUDUSD,1.00240000
2011-02-14,CHFUSD,1.03007829
2011-02-14,EURUSD,1.34740000
2011-02-14,GBPUSD,1.60230000
2011-02-14,JPYUSD,0.01200192
2011-02-15,AUDUSD,0.99890000
2011-02-15,CHFUSD,1.03337811
2011-02-15,EURUSD,1.34940000
2011-02-15,GBPUSD,1.61280000
2011-02-15,JPYUSD,0.01193460
2011-02-16,AUDUSD,0.99840000
2011-02-16,CHFUSD,1.03993344
2011-02-16,EURUSD,1.35470000
2011-02-16,GBPUSD,1.60630000
2011-02-16,JPYUSD,0.01194315
2011-02-17,AUDUSD,1.01160000
2011-02-17,CHFUSD,1.05174590
2011-02-17,EURUSD,1.36120000
2011-02-17,GBPUSD,1.61720000
2011-02-17,JPYUSD,0.01201201
2011-02-18,AUDUSD,1.01440000
2011-02-18,CHFUSD,1.05451861
2011-02-18,EURUSD,1.36730000
2011-02-18,GBPUSD,1.62450000
2011-02-18,JPYUSD,0.01201634
2011-02-22,AUDUSD,0.99920000
2011-02-22,CHFUSD,1.06462259
2011-02-22,EURUSD,1.36610000
2011-02-22,GBPUSD,1.61290000
2011-02-22,JPYUSD,0.01205691
2011-02-23,AUDUSD,1.00010000
2011-02-23,CHFUSD,1.07296137
2011-02-23,EURUSD,1.37580000
2011-02-23,GBPUSD,1.62210000
2011-02-23,JPYUSD,0.01213740
2011-02-24,AUDUSD,1.00880000
2011-02-24,CHFUSD,1.08084738
2011-02-24,EURUSD,1.37940000
2011-02-24,GBPUSD,1.61060000
2011-02-24,JPYUSD,0.01224440
2011-02-25,AUDUSD,1.01550000
2011-02-25,CHFUSD,1.07735402
2011-02-25,EURUSD,1.37570000
2011-02-25,GBPUSD,1.60780000
2011-02-25,JPYUSD,0.01223092
2011-02-28,AUDUSD,1.01740000
2011-02-28,CHFUSD,1.07469103
2011-02-28,EURUSD,1.37930000
2011-02-28,GBPUSD,1.62470000
2011-02-28,JPYUSD,0.01220405
2011-03-01,AUDUSD,1.01590000
2011-03-01,CHFUSD,1.07712193
2011-03-01,EURUSD,1.38130000
2011-03-01,GBPUSD,1.63090000
2011-03-01,JPYUSD,0.01221598
2011-03-02,AUDUSD,1.01570000
2011-03-02,CHFUSD,1.08459870
2011-03-02,EURUSD,1.38690000
2011-03-02,GBPUSD,1.63110000
2011-03-02,JPYUSD,0.01225190
2011-03-03,AUDUSD,1.01310000
2011-03-03,CHFUSD,1.07457554
2011-03-03,EURUSD,1.39470000
2011-03-03,GBPUSD,1.62660000
2011-03-03,JPYUSD,0.01213445
2011-03-04,AUDUSD,1.01110000
2011-03-04,CHFUSD,1.07956386
2011-03-04,EURUSD,1.39830000
2011-03-04,GBPUSD,1.62500000
2011-03-04,JPYUSD,0.01214329
2011-03-07,AUDUSD,1.01100000
2011-03-07,CHFUSD,1.08038029
2011-03-07,EURUSD,1.39760000
2011-03-07,GBPUSD,1.62040000
2011-03-07,JPYUSD,0.01217730
2011-03-08,AUDUSD,1.01130000
2011-03-08,CHFUSD,1.06997646
2011-03-08,EURUSD,1.39120000
2011-03-08,GBPUSD,1.61640000
2011-03-08,JPYUSD,0.01209336
2011-03-09,AUDUSD,1.01110000
2011-03-09,CHFUSD,1.07550011
2011-03-09,EURUSD,1.39060000
2011-03-09,GBPUSD,1.62020000
2011-03-09,JPYUSD,0.01208021
2011-03-10,AUDUSD,1.00170000
2011-03-10,CHFUSD,1.07296137
2011-03-10,EURUSD,1.38230000
2011-03-10,GBPUSD,1.60630000
2011-03-10,JPYUSD,0.01205110
2011-03-11,AUDUSD,1.01100000
2011-03-11,CHFUSD,1.07805088
2011-03-11,EURUSD,1.38640000
2011-03-11,GBPUSD,1.60330000
2011-03-11,JPYUSD,0.01222942
2011-03-14,AUDUSD,1.00730000
2011-03-14,CHFUSD,1.08073057
2011-03-14,EURUSD,1.39750000
2011-03-14,GBPUSD,1.61810000
2011-03-14,JPYUSD,0.01224740
2011-03-15,AUDUSD,0.99000000
2011-03-15,CHFUSD,1.08849461
2011-03-15,EURUSD,1.39680000
2011-03-15,GBPUSD,1.60640000
2011-03-15,JPYUSD,0.01237317
2011-03-16,AUDUSD,0.98420000
2011-03-16,CHFUSD,1.09649123
2011-03-16,EURUSD,1.39220000
2011-03-16,GBPUSD,1.60280000
2011-03-16,JPYUSD,0.01247349
2011-03-17,AUDUSD,0.98230000
2011-03-17,CHFUSD,1.11135808
2011-03-17,EURUSD,1.40210000
2011-03-17,GBPUSD,1.61430000
2011-03-17,JPYUSD,0.01270003
2011-03-18,AUDUSD,0.99530000
2011-03-18,CHFUSD,1.10803324
2011-03-18,EURUSD,1.41410000
2011-03-18,GBPUSD,1.61870000
2011-03-18,JPYUSD,0.01232438
2011-03-21,AUDUSD,1.00440000
2011-03-21,CHFUSD,1.10411836
2011-03-21,EURUSD,1.41840000
2011-03-21,GBPUSD,1.62760000
2011-03-21,JPYUSD,0.01232894
2011-03-22,AUDUSD,1.01180000
2011-03-22,CHFUSD,1.10607234
2011-03-22,EURUSD,1.42120000
2011-03-22,GBPUSD,1.63870000
2011-03-22,JPYUSD,0.01234568
2011-03-23,AUDUSD,1.01050000
2011-03-23,CHFUSD,1.10326567
2011-03-23,EURUSD,1.41240000
2011-03-23,GBPUSD,1.62460000
2011-03-23,JPYUSD,0.01235483
2011-03-24,AUDUSD,1.02190000
2011-03-24,CHFUSD,1.10363095
2011-03-24,EURUSD,1.42000000
2011-03-24,GBPUSD,1.61590000
2011-03-24,JPYUSD,0.01237317
2011-03-25,AUDUSD,1.02820000
2011-03-25,CHFUSD,1.09373291
2011-03-25,EURUSD,1.41440000
2011-03-25,GBPUSD,1.60860000
2011-03-25,JPYUSD,0.01232742
2011-03-28,AUDUSD,1.02810000
2011-03-28,CHFUSD,1.09063148
2011-03-28,EURUSD,1.41040000
2011-03-28,GBPUSD,1.60240000
2011-03-28,JPYUSD,0.01224440
2011-03-29,AUDUSD,1.02640000
2011-03-29,CHFUSD,1.08636611
2011-03-29,EURUSD,1.40900000
2011-03-29,GBPUSD,1.59830000
2011-03-29,JPYUSD,0.01213887
2011-03-30,AUDUSD,1.03190000
2011-03-30,CHFUSD,1.08542277
2011-03-30,EURUSD,1.40950000
2011-03-30,GBPUSD,1.60380000
2011-03-30,JPYUSD,0.01205110
2011-03-31,AUDUSD,1.03580000
2011-03-31,CHFUSD,1.09206072
2011-03-31,EURUSD,1.41830000
2011-03-31,GBPUSD,1.60480000
2011-03-31,JPYUSD,0.01208313
2011-04-01,AUDUSD,1.03870000
2011-04-01,CHFUSD,1.08189982
2011-04-01,EURUSD,1.42150000
2011-04-01,GBPUSD,1.61320000
2011-04-01,JPYUSD,0.01189768
2011-04-04,AUDUSD,1.03520000
2011-04-04,CHFUSD,1.08412836
2011-04-04,EURUSD,1.42210000
2011-04-04,GBPUSD,1.61290000
2011-04-04,JPYUSD,0.01190760
2011-04-05,AUDUSD,1.03460000
2011-04-05,CHFUSD,1.08201688
2011-04-05,EURUSD,1.42300000
2011-04-05,GBPUSD,1.62820000
2011-04-05,JPYUSD,0.01181335
2011-04-06,AUDUSD,1.04250000
2011-04-06,CHFUSD,1.09027475
2011-04-06,EURUSD,1.43330000
2011-04-06,GBPUSD,1.63140000
2011-04-06,JPYUSD,0.01172883
2011-04-07,AUDUSD,1.04560000
2011-04-07,CHFUSD,1.08956200
2011-04-07,EURUSD,1.42870000
2011-04-07,GBPUSD,1.63040000
2011-04-07,JPYUSD,0.01176747
2011-04-08,AUDUSD,1.05310000
2011-04-08,CHFUSD,1.09829764
2011-04-08,EURUSD,1.44370000
2011-04-08,GBPUSD,1.63410000
2011-04-08,JPYUSD,0.01176609
2011-04-11,AUDUSD,1.05340000
2011-04-11,CHFUSD,1.10290063
2011-04-11,EURUSD,1.44540000
2011-04-11,GBPUSD,1.63860000
2011-04-11,JPYUSD,0.01182313
2011-04-12,AUDUSD,1.04700000
2011-04-12,CHFUSD,1.11358575
2011-04-12,EURUSD,1.44550000
2011-04-12,GBPUSD,1.62630000
2011-04-12,JPYUSD,0.01193460
2011-04-13,AUDUSD,1.05040000
2011-04-13,CHFUSD,1.11869337
2011-04-13,EURUSD,1.44770000
2011-04-13,GBPUSD,1.62850000
2011-04-13,JPYUSD,0.01196315
2011-04-14,AUDUSD,1.05230000
2011-04-14,CHFUSD,1.12057373
2011-04-14,EURUSD,1.44640000
2011-04-14,GBPUSD,1.63500000
2011-04-14,JPYUSD,0.01201490
2011-04-15,AUDUSD,1.05580000
2011-04-15,CHFUSD,1.11919418
2011-04-15,EURUSD,1.44430000
2011-04-15,GBPUSD,1.63250000
2011-04-15,JPYUSD,0.01202935
2011-04-18,AUDUSD,1.04900000
2011-04-18,CHFUSD,1.11284220
2011-04-18,EURUSD,1.42110000
2011-04-18,GBPUSD,1.62290000
2011-04-18,JPYUSD,0.01213151
2011-04-19,AUDUSD,1.05070000
2011-04-19,CHFUSD,1.11234705
2011-04-19,EURUSD,1.43190000
2011-04-19,GBPUSD,1.63150000
2011-04-19,JPYUSD,0.01213445
2011-04-20,AUDUSD,1.06770000
2011-04-20,CHFUSD,1.12183083
2011-04-20,EURUSD,1.45130000
2011-04-20,GBPUSD,1.64050000
2011-04-20,JPYUSD,0.01210947
2011-04-21,AUDUSD,1.07470000
2011-04-21,CHFUSD,1.13365832
2011-04-21,EURUSD,1.45850000
2011-04-21,GBPUSD,1.65720000
2011-04-21,JPYUSD,0.01222344
2011-04-22,AUDUSD,1.07350000
2011-04-22,CHFUSD,1.12803158
2011-04-22,EURUSD,1.45450000
2011-04-22,GBPUSD,1.65170000
2011-04-22,JPYUSD,0.01220703
2011-04-25,AUDUSD,1.07170000
2011-04-25,CHFUSD,1.13558937
2011-04-25,EURUSD,1.45760000
2011-04-25,GBPUSD,1.64970000
2011-04-25,JPYUSD,0.01220554
2011-04-26,AUDUSD,1.07720000
2011-04-26,CHFUSD,1.13597637
2011-04-26,EURUSD,1.46250000
2011-04-26,GBPUSD,1.64650000
2011-04-26,JPYUSD,0.01220554
2011-04-27,AUDUSD,1.07900000
2011-04-27,CHFUSD,1.13546043
2011-04-27,EURUSD,1.46590000
2011-04-27,GBPUSD,1.65300000
2011-04-27,JPYUSD,0.01210654
2011-04-28,AUDUSD,1.08930000
2011-04-28,CHFUSD,1.14468864
2011-04-28,EURUSD,1.47850000
2011-04-28,GBPUSD,1.66360000
2011-04-28,JPYUSD,0.01225941
2011-04-29,AUDUSD,1.09370000
2011-04-29,CHFUSD,1.15393492
2011-04-29,EURUSD,1.48210000
2011-04-29,GBPUSD,1.66910000
2011-04-29,JPYUSD,0.01229861
2011-05-02,AUDUSD,1.09700000
2011-05-02,CHFUSD,1.15740741
2011-05-02,EURUSD,1.48700000
2011-05-02,GBPUSD,1.66900000
2011-05-02,JPYUSD,0.01231072
2011-05-03,AUDUSD,1.09210000
2011-05-03,CHFUSD,1.16157510
2011-05-03,EURUSD,1.48750000
2011-05-03,GBPUSD,1.65360000
2011-05-03,JPYUSD,0.01234263
2011-05-04,AUDUSD,1.07650000
2011-05-04,CHFUSD,1.16522955
2011-05-04,EURUSD,1.48590000
2011-05-04,GBPUSD,1.65240000
2011-05-04,JPYUSD,0.01239311
2011-05-05,AUDUSD,1.06420000
2011-05-05,CHFUSD,1.14968958
2011-05-05,EURUSD,1.45830000
2011-05-05,GBPUSD,1.64270000
2011-05-05,JPYUSD,0.01248128
2011-05-06,AUDUSD,1.07630000
2011-05-06,CHFUSD,1.14521301
2011-05-06,EURUSD,1.44950000
2011-05-06,GBPUSD,1.64170000
2011-05-06,JPYUSD,0.01242082
2011-05-09,AUDUSD,1.07540000
2011-05-09,CHFUSD,1.14246544
2011-05-09,EURUSD,1.43010000
2011-05-09,GBPUSD,1.63380000
2011-05-09,JPYUSD,0.01239772
2011-05-10,AUDUSD,1.08030000
2011-05-10,CHFUSD,1.13571834
2011-05-10,EURUSD,1.43580000
2011-05-10,GBPUSD,1.63310000
2011-05-10,JPYUSD,0.01238390
2011-05-11,AUDUSD,1.07560000
2011-05-11,CHFUSD,1.13045444
2011-05-11,EURUSD,1.42690000
2011-05-11,GBPUSD,1.64120000
2011-05-11,JPYUSD,0.01237930
2011-05-12,AUDUSD,1.06520000
2011-05-12,CHFUSD,1.13096584
2011-05-12,EURUSD,1.42290000
2011-05-12,GBPUSD,1.62900000
2011-05-12,JPYUSD,0.01238390
2011-05-13,AUDUSD,1.05650000
2011-05-13,CHFUSD,1.12271247
2011-05-13,EURUSD,1.41410000
2011-05-13,GBPUSD,1.61790000
2011-05-13,JPYUSD,0.01238237
2011-05-16,AUDUSD,1.06200000
2011-05-16,CHFUSD,1.13404400
2011-05-16,EURUSD,1.42190000
2011-05-16,GBPUSD,1.62400000
2011-05-16,JPYUSD,0.01237317
2011-05-17,AUDUSD,1.05390000
2011-05-17,CHFUSD,1.13019892
2011-05-17,EURUSD,1.41550000
2011-05-17,GBPUSD,1.62060000
2011-05-17,JPYUSD,0.01228652
2011-05-18,AUDUSD,1.06170000
2011-05-18,CHFUSD,1.13739763
2011-05-18,EURUSD,1.42700000
2011-05-18,GBPUSD,1.61480000
2011-05-18,JPYUSD,0.01228954
2011-05-19,AUDUSD,1.06140000
2011-05-19,CHFUSD,1.13122172
2011-05-19,EURUSD,1.42540000
2011-05-19,GBPUSD,1.61790000
2011-05-19,JPYUSD,0.01222793
2011-05-20,AUDUSD,1.06440000
2011-05-20,CHFUSD,1.13947129
2011-05-20,EURUSD,1.41720000
2011-05-20,GBPUSD,1.62220000
2011-05-20,JPYUSD,0.01224890
2011-05-23,AUDUSD,1.04960000
2011-05-23,CHFUSD,1.13237459
2011-05-23,EURUSD,1.40150000
2011-05-23,GBPUSD,1.61020000
2011-05-23,JPYUSD,0.01222344
2011-05-24,AUDUSD,1.05550000
2011-05-24,CHFUSD,1.13636364
2011-05-24,EURUSD,1.41070000
2011-05-24,GBPUSD,1.61850000
2011-05-24,JPYUSD,0.01217730
2011-05-25,AUDUSD,1.05370000
2011-05-25,CHFUSD,1.14678899
2011-05-25,EURUSD,1.41020000
2011-05-25,GBPUSD,1.62770000
2011-05-25,JPYUSD,0.01220107
2011-05-26,AUDUSD,1.05900000
2011-05-26,CHFUSD,1.15393492
2011-05-26,EURUSD,1.40880000
2011-05-26,GBPUSD,1.63460000
2011-05-26,JPYUSD,0.01227898
2011-05-27,AUDUSD,1.07110000
2011-05-27,CHFUSD,1.17370892
2011-05-27,EURUSD,1.42870000
2011-05-27,GBPUSD,1.64940000
2011-05-27,JPYUSD,0.01238390
2011-05-31,AUDUSD,1.06600000
2011-05-31,CHFUSD,1.17302053
2011-05-31,EURUSD,1.43760000
2011-05-31,GBPUSD,1.64390000
2011-05-31,JPYUSD,0.01230164
2011-06-01,AUDUSD,1.07160000
2011-06-01,CHFUSD,1.19033448
2011-06-01,EURUSD,1.44310000
2011-06-01,GBPUSD,1.63910000
2011-06-01,JPYUSD,0.01237317
2011-06-02,AUDUSD,1.06170000
2011-06-02,CHFUSD,1.18511496
2011-06-02,EURUSD,1.44260000
2011-06-02,GBPUSD,1.63250000
2011-06-02,JPYUSD,0.01234873
2011-06-03,AUDUSD,1.07140000
2011-06-03,CHFUSD,1.19731801
2011-06-03,EURUSD,1.46040000
2011-06-03,GBPUSD,1.63970000
2011-06-03,JPYUSD,0.01244091
2011-06-06,AUDUSD,1.07370000
2011-06-06,CHFUSD,1.19617225
2011-06-06,EURUSD,1.46200000
2011-06-06,GBPUSD,1.63620000
2011-06-06,JPYUSD,0.01247038
2011-06-07,AUDUSD,1.07130000
2011-06-07,CHFUSD,1.19217930
2011-06-07,EURUSD,1.46750000
2011-06-07,GBPUSD,1.64440000
2011-06-07,JPYUSD,0.01246727
2011-06-08,AUDUSD,1.06350000
2011-06-08,CHFUSD,1.19488589
2011-06-08,EURUSD,1.45870000
2011-06-08,GBPUSD,1.63810000
2011-06-08,JPYUSD,0.01252035
2011-06-09,AUDUSD,1.06420000
2011-06-09,CHFUSD,1.18877794
2011-06-09,EURUSD,1.45340000
2011-06-09,GBPUSD,1.63820000
2011-06-09,JPYUSD,0.01248907
2011-06-10,AUDUSD,1.05670000
2011-06-10,CHFUSD,1.18778952
2011-06-10,EURUSD,1.43650000
2011-06-10,GBPUSD,1.62540000
2011-06-10,JPYUSD,0.01245951
2011-06-13,AUDUSD,1.05620000
2011-06-13,CHFUSD,1.19488589
2011-06-13,EURUSD,1.43680000
2011-06-13,GBPUSD,1.63080000
2011-06-13,JPYUSD,0.01247505
2011-06-14,AUDUSD,1.06910000
2011-06-14,CHFUSD,1.18427286
2011-06-14,EURUSD,1.44730000
2011-06-14,GBPUSD,1.63880000
2011-06-14,JPYUSD,0.01242236
2011-06-15,AUDUSD,1.06210000
2011-06-15,CHFUSD,1.17536436
2011-06-15,EURUSD,1.42210000
2011-06-15,GBPUSD,1.62180000
2011-06-15,JPYUSD,0.01239004
2011-06-16,AUDUSD,1.05410000
2011-06-16,CHFUSD,1.17550253
2011-06-16,EURUSD,1.41550000
2011-06-16,GBPUSD,1.61300000
2011-06-16,JPYUSD,0.01239157
2011-06-17,AUDUSD,1.06200000
2011-06-17,CHFUSD,1.18175372
2011-06-17,EURUSD,1.43260000
2011-06-17,GBPUSD,1.61860000
2011-06-17,JPYUSD,0.01248439
2011-06-20,AUDUSD,1.05870000
2011-06-20,CHFUSD,1.18821293
2011-06-20,EURUSD,1.43200000
2011-06-20,GBPUSD,1.62060000
2011-06-20,JPYUSD,0.01245951
2011-06-21,AUDUSD,1.05980000
2011-06-21,CHFUSD,1.18581762
2011-06-21,EURUSD,1.43990000
2011-06-21,GBPUSD,1.62320000
2011-06-21,JPYUSD,0.01247661
2011-06-22,AUDUSD,1.06330000
2011-06-22,CHFUSD,1.19674485
2011-06-22,EURUSD,1.44030000
2011-06-22,GBPUSD,1.61310000
2011-06-22,JPYUSD,0.01249063
2011-06-23,AUDUSD,1.04840000
2011-06-23,CHFUSD,1.19345984
2011-06-23,EURUSD,1.41660000
2011-06-23,GBPUSD,1.59770000
2011-06-23,JPYUSD,0.01243008
2011-06-24,AUDUSD,1.05230000
2011-06-24,CHFUSD,1.19431506
2011-06-24,EURUSD,1.41890000
2011-06-24,GBPUSD,1.59850000
2011-06-24,JPYUSD,0.01245020
2011-06-27,AUDUSD,1.04390000
2011-06-27,CHFUSD,1.19517151
2011-06-27,EURUSD,1.42820000
2011-06-27,GBPUSD,1.59720000
2011-06-27,JPYUSD,0.01236247
2011-06-28,AUDUSD,1.05210000
2011-06-28,CHFUSD,1.20510966
2011-06-28,EURUSD,1.43680000
2011-06-28,GBPUSD,1.60160000
2011-06-28,JPYUSD,0.01236858
2011-06-29,AUDUSD,1.06730000
2011-06-29,CHFUSD,1.19774823
2011-06-29,EURUSD,1.44280000
2011-06-29,GBPUSD,1.60700000
2011-06-29,JPYUSD,0.01237624
2011-06-30,AUDUSD,1.07320000
2011-06-30,CHFUSD,1.18863663
2011-06-30,EURUSD,1.45230000
2011-06-30,GBPUSD,1.60670000
2011-06-30,JPYUSD,0.01240079
2011-07-01,AUDUSD,1.07540000
2011-07-01,CHFUSD,1.17938436
2011-07-01,EURUSD,1.45080000
2011-07-01,GBPUSD,1.60700000
2011-07-01,JPYUSD,0.01237471
2011-07-05,AUDUSD,1.06980000
2011-07-05,CHFUSD,1.18315192
2011-07-05,EURUSD,1.44700000
2011-07-05,GBPUSD,1.60850000
2011-07-05,JPYUSD,0.01232438
2011-07-06,AUDUSD,1.06960000
2011-07-06,CHFUSD,1.19146908
2011-07-06,EURUSD,1.43290000
2011-07-06,GBPUSD,1.59980000
2011-07-06,JPYUSD,0.01236094
2011-07-07,AUDUSD,1.07640000
2011-07-07,CHFUSD,1.18483412
2011-07-07,EURUSD,1.43490000
2011-07-07,GBPUSD,1.59670000
2011-07-07,JPYUSD,0.01230618
2011-07-08,AUDUSD,1.07270000
2011-07-08,CHFUSD,1.19388730
2011-07-08,EURUSD,1.42510000
2011-07-08,GBPUSD,1.60300000
2011-07-08,JPYUSD,0.01240079
2011-07-11,AUDUSD,1.06620000
2011-07-11,CHFUSD,1.19746138
2011-07-11,EURUSD,1.40340000
2011-07-11,GBPUSD,1.59320000
2011-07-11,JPYUSD,0.01244245
2011-07-12,AUDUSD,1.06260000
2011-07-12,CHFUSD,1.19976005
2011-07-12,EURUSD,1.40140000
2011-07-12,GBPUSD,1.59400000
2011-07-12,JPYUSD,0.01257387
2011-07-13,AUDUSD,1.07630000
2011-07-13,CHFUSD,1.21758188
2011-07-13,EURUSD,1.41670000
2011-07-13,GBPUSD,1.61110000
2011-07-13,JPYUSD,0.01265983
2011-07-14,AUDUSD,1.07410000
2011-07-14,CHFUSD,1.22443982
2011-07-14,EURUSD,1.41820000
2011-07-14,GBPUSD,1.61250000
2011-07-14,JPYUSD,0.01264063
2011-07-15,AUDUSD,1.06560000
2011-07-15,CHFUSD,1.22579063
2011-07-15,EURUSD,1.41560000
2011-07-15,GBPUSD,1.61490000
2011-07-15,JPYUSD,0.01265342
2011-07-18,AUDUSD,1.05650000
2011-07-18,CHFUSD,1.22294240
2011-07-18,EURUSD,1.40420000
2011-07-18,GBPUSD,1.60240000
2011-07-18,JPYUSD,0.01264223
2011-07-19,AUDUSD,1.06990000
2011-07-19,CHFUSD,1.22458976
2011-07-19,EURUSD,1.41560000
2011-07-19,GBPUSD,1.61350000
2011-07-19,JPYUSD,0.01267267
2011-07-20,AUDUSD,1.07270000
2011-07-20,CHFUSD,1.21891760
2011-07-20,EURUSD,1.41880000
2011-07-20,GBPUSD,1.61390000
2011-07-20,JPYUSD,0.01269680
2011-07-21,AUDUSD,1.08370000
2011-07-21,CHFUSD,1.22369065
2011-07-21,EURUSD,1.43720000
2011-07-21,GBPUSD,1.63010000
2011-07-21,JPYUSD,0.01274372
2011-07-22,AUDUSD,1.08510000
2011-07-22,CHFUSD,1.22458976
2011-07-22,EURUSD,1.43660000
2011-07-22,GBPUSD,1.63190000
2011-07-22,JPYUSD,0.01274860
2011-07-25,AUDUSD,1.08530000
2011-07-25,CHFUSD,1.24038700
2011-07-25,EURUSD,1.43570000
2011-07-25,GBPUSD,1.62850000
2011-07-25,JPYUSD,0.01276976
2011-07-26,AUDUSD,1.09420000
2011-07-26,CHFUSD,1.24579544
2011-07-26,EURUSD,1.44950000
2011-07-26,GBPUSD,1.63920000
2011-07-26,JPYUSD,0.01281394
2011-07-27,AUDUSD,1.10260000
2011-07-27,CHFUSD,1.24641655
2011-07-27,EURUSD,1.43730000
2011-07-27,GBPUSD,1.63570000
2011-07-27,JPYUSD,0.01282216
2011-07-28,AUDUSD,1.10250000
2011-07-28,CHFUSD,1.24362641
2011-07-28,EURUSD,1.43030000
2011-07-28,GBPUSD,1.63380000
2011-07-28,JPYUSD,0.01284192
2011-07-29,AUDUSD,1.10010000
2011-07-29,CHFUSD,1.26887451
2011-07-29,EURUSD,1.43880000
2011-07-29,GBPUSD,1.64550000
2011-07-29,JPYUSD,0.01295672
2011-08-01,AUDUSD,1.09300000
2011-08-01,CHFUSD,1.27991809
2011-08-01,EURUSD,1.42020000
2011-08-01,GBPUSD,1.62780000
2011-08-01,JPYUSD,0.01300898
2011-08-02,AUDUSD,1.08400000
2011-08-02,CHFUSD,1.29668050
2011-08-02,EURUSD,1.42320000
2011-08-02,GBPUSD,1.62870000
2011-08-02,JPYUSD,0.01296512
2011-08-03,AUDUSD,1.07210000
2011-08-03,CHFUSD,1.30548303
2011-08-03,EURUSD,1.43200000
2011-08-03,GBPUSD,1.64060000
2011-08-03,JPYUSD,0.01300898
2011-08-04,AUDUSD,1.05160000
2011-08-04,CHFUSD,1.30310138
2011-08-04,EURUSD,1.41580000
2011-08-04,GBPUSD,1.63080000
2011-08-04,JPYUSD,0.01265663
2011-08-05,AUDUSD,1.03800000
2011-08-05,CHFUSD,1.31578947
2011-08-05,EURUSD,1.41580000
2011-08-05,GBPUSD,1.63620000
2011-08-05,JPYUSD,0.01274210
2011-08-08,AUDUSD,1.03510000
2011-08-08,CHFUSD,1.32397723
2011-08-08,EURUSD,1.42410000
2011-08-08,GBPUSD,1.63540000
2011-08-08,JPYUSD,0.01289823
2011-08-09,AUDUSD,1.01920000
2011-08-09,CHFUSD,1.36742787
2011-08-09,EURUSD,1.42420000
2011-08-09,GBPUSD,1.61940000
2011-08-09,JPYUSD,0.01296008
2011-08-10,AUDUSD,1.02100000
2011-08-10,CHFUSD,1.37061404
2011-08-10,EURUSD,1.41930000
2011-08-10,GBPUSD,1.61690000
2011-08-10,JPYUSD,0.01308729
2011-08-11,AUDUSD,1.02690000
2011-08-11,CHFUSD,1.32292631
2011-08-11,EURUSD,1.42300000
2011-08-11,GBPUSD,1.62280000
2011-08-11,JPYUSD,0.01304121
2011-08-12,AUDUSD,1.03520000
2011-08-12,CHFUSD,1.29684866
2011-08-12,EURUSD,1.42390000
2011-08-12,GBPUSD,1.62840000
2011-08-12,JPYUSD,0.01302253
2011-08-15,AUDUSD,1.04780000
2011-08-15,CHFUSD,1.28172264
2011-08-15,EURUSD,1.44520000
2011-08-15,GBPUSD,1.63870000
2011-08-15,JPYUSD,0.01303271
2011-08-16,AUDUSD,1.04910000
2011-08-16,CHFUSD,1.26167045
2011-08-16,EURUSD,1.44210000
2011-08-16,GBPUSD,1.64240000
2011-08-16,JPYUSD,0.01302762
2011-08-17,AUDUSD,1.05430000
2011-08-17,CHFUSD,1.26726651
2011-08-17,EURUSD,1.44360000
2011-08-17,GBPUSD,1.65910000
2011-08-17,JPYUSD,0.01307873
2011-08-18,AUDUSD,1.03930000
2011-08-18,CHFUSD,1.26518219
2011-08-18,EURUSD,1.43200000
2011-08-18,GBPUSD,1.64890000
2011-08-18,JPYUSD,0.01306848
2011-08-19,AUDUSD,1.04440000
2011-08-19,CHFUSD,1.27291242
2011-08-19,EURUSD,1.44080000
2011-08-19,GBPUSD,1.65440000
2011-08-19,JPYUSD,0.01307873
2011-08-22,AUDUSD,1.04170000
2011-08-22,CHFUSD,1.26951885
2011-08-22,EURUSD,1.43840000
2011-08-22,GBPUSD,1.64520000
2011-08-22,JPYUSD,0.01302592
2011-08-23,AUDUSD,1.05100000
2011-08-23,CHFUSD,1.26726651
2011-08-23,EURUSD,1.44310000
2011-08-23,GBPUSD,1.65090000
2011-08-23,JPYUSD,0.01305653
2011-08-24,AUDUSD,1.04710000
2011-08-24,CHFUSD,1.25786164
2011-08-24,EURUSD,1.44020000
2011-08-24,GBPUSD,1.63750000
2011-08-24,JPYUSD,0.01302423
2011-08-25,AUDUSD,1.04570000
2011-08-25,CHFUSD,1.25643925
2011-08-25,EURUSD,1.43800000
2011-08-25,GBPUSD,1.62890000
2011-08-25,JPYUSD,0.01292324
2011-08-26,AUDUSD,1.05730000
2011-08-26,CHFUSD,1.24146493
2011-08-26,EURUSD,1.44630000
2011-08-26,GBPUSD,1.63210000
2011-08-26,JPYUSD,0.01305142
2011-08-29,AUDUSD,1.06190000
2011-08-29,CHFUSD,1.22129946
2011-08-29,EURUSD,1.45100000
2011-08-29,GBPUSD,1.63980000
2011-08-29,JPYUSD,0.01299376
2011-08-30,AUDUSD,1.06760000
2011-08-30,CHFUSD,1.22354093
2011-08-30,EURUSD,1.44350000
2011-08-30,GBPUSD,1.62790000
2011-08-30,JPYUSD,0.01302932
2011-08-31,AUDUSD,1.07020000
2011-08-31,CHFUSD,1.24409057
2011-08-31,EURUSD,1.44060000
2011-08-31,GBPUSD,1.62690000
2011-08-31,JPYUSD,0.01307190
2011-09-01,AUDUSD,1.07500000
2011-09-01,CHFUSD,1.25770343
2011-09-01,EURUSD,1.42830000
2011-09-01,GBPUSD,1.61790000
2011-09-01,JPYUSD,0.01301914
2011-09-02,AUDUSD,1.06770000
2011-09-02,CHFUSD,1.27194098
2011-09-02,EURUSD,1.42030000
2011-09-02,GBPUSD,1.61900000
2011-09-02,JPYUSD,0.01302253
2011-09-06,AUDUSD,1.05100000
2011-09-06,CHFUSD,1.16373793
2011-09-06,EURUSD,1.39990000
2011-09-06,GBPUSD,1.59540000
2011-09-06,JPYUSD,0.01290656
2011-09-07,AUDUSD,1.06140000
2011-09-07,CHFUSD,1.16292592
2011-09-07,EURUSD,1.40580000
2011-09-07,GBPUSD,1.59480000
2011-09-07,JPYUSD,0.01292157
2011-09-08,AUDUSD,1.06300000
2011-09-08,CHFUSD,1.14757861
2011-09-08,EURUSD,1.39470000
2011-09-08,GBPUSD,1.60210000
2011-09-08,JPYUSD,0.01291489
2011-09-09,AUDUSD,1.04460000
2011-09-09,CHFUSD,1.13122172
2011-09-09,EURUSD,1.36660000
2011-09-09,GBPUSD,1.58700000
2011-09-09,JPYUSD,0.01293494
2011-09-12,AUDUSD,1.03120000
2011-09-12,CHFUSD,1.13199004
2011-09-12,EURUSD,1.36350000
2011-09-12,GBPUSD,1.58140000
2011-09-12,JPYUSD,0.01296176
2011-09-13,AUDUSD,1.03200000
2011-09-13,CHFUSD,1.13700966
2011-09-13,EURUSD,1.36800000
2011-09-13,GBPUSD,1.58050000
2011-09-13,JPYUSD,0.01300728
2011-09-14,AUDUSD,1.02340000
2011-09-14,CHFUSD,1.13999088
2011-09-14,EURUSD,1.37100000
2011-09-14,GBPUSD,1.57730000
2011-09-14,JPYUSD,0.01303611
2011-09-15,AUDUSD,1.03130000
2011-09-15,CHFUSD,1.14876508
2011-09-15,EURUSD,1.38580000
2011-09-15,GBPUSD,1.58080000
2011-09-15,JPYUSD,0.01303781
2011-09-16,AUDUSD,1.03800000
2011-09-16,CHFUSD,1.14246544
2011-09-16,EURUSD,1.37830000
2011-09-16,GBPUSD,1.58020000
2011-09-16,JPYUSD,0.01300559
2011-09-19,AUDUSD,1.02170000
2011-09-19,CHFUSD,1.13134970
2011-09-19,EURUSD,1.36360000
2011-09-19,GBPUSD,1.56740000
2011-09-19,JPYUSD,0.01307531
2011-09-20,AUDUSD,1.02930000
2011-09-20,CHFUSD,1.12625296
2011-09-20,EURUSD,1.36970000
2011-09-20,GBPUSD,1.57180000
2011-09-20,JPYUSD,0.01306848
2011-09-21,AUDUSD,1.02090000
2011-09-21,CHFUSD,1.11957009
2011-09-21,EURUSD,1.37240000
2011-09-21,GBPUSD,1.56190000
2011-09-21,JPYUSD,0.01309243
2011-09-22,AUDUSD,0.97640000
2011-09-22,CHFUSD,1.10217128
2011-09-22,EURUSD,1.34460000
2011-09-22,GBPUSD,1.53580000
2011-09-22,JPYUSD,0.01310444
2011-09-23,AUDUSD,0.97840000
2011-09-23,CHFUSD,1.10680686
2011-09-23,EURUSD,1.35180000
2011-09-23,GBPUSD,1.54750000
2011-09-23,JPYUSD,0.01310616
2011-09-26,AUDUSD,0.97510000
2011-09-26,CHFUSD,1.10840168
2011-09-26,EURUSD,1.35160000
2011-09-26,GBPUSD,1.55530000
2011-09-26,JPYUSD,0.01309758
2011-09-27,AUDUSD,0.99620000
2011-09-27,CHFUSD,1.11619600
2011-09-27,EURUSD,1.36060000
2011-09-27,GBPUSD,1.56810000
2011-09-27,JPYUSD,0.01305483
2011-09-28,AUDUSD,0.98950000
2011-09-28,CHFUSD,1.11669458
2011-09-28,EURUSD,1.36280000
2011-09-28,GBPUSD,1.56480000
2011-09-28,JPYUSD,0.01307019
2011-09-29,AUDUSD,0.98180000
2011-09-29,CHFUSD,1.11769308
2011-09-29,EURUSD,1.36390000
2011-09-29,GBPUSD,1.56850000
2011-09-29,JPYUSD,0.01304121
2011-09-30,AUDUSD,0.97440000
2011-09-30,CHFUSD,1.10521662
2011-09-30,EURUSD,1.34490000
2011-09-30,GBPUSD,1.56240000
2011-09-30,JPYUSD,0.01298027
2011-10-03,AUDUSD,0.96470000
2011-10-03,CHFUSD,1.09277675
2011-10-03,EURUSD,1.32810000
2011-10-03,GBPUSD,1.54740000
2011-10-03,JPYUSD,0.01304461
2011-10-04,AUDUSD,0.94530000
2011-10-04,CHFUSD,1.08424591
2011-10-04,EURUSD,1.32940000
2011-10-04,GBPUSD,1.54030000
2011-10-04,JPYUSD,0.01301067
2011-10-05,AUDUSD,0.96240000
2011-10-05,CHFUSD,1.08365843
2011-10-05,EURUSD,1.33280000
2011-10-05,GBPUSD,1.54360000
2011-10-05,JPYUSD,0.01301067
2011-10-06,AUDUSD,0.96990000
2011-10-06,CHFUSD,1.08471635
2011-10-06,EURUSD,1.34080000
2011-10-06,GBPUSD,1.53980000
2011-10-06,JPYUSD,0.01304802
2011-10-07,AUDUSD,0.98430000
2011-10-07,CHFUSD,1.09277675
2011-10-07,EURUSD,1.35120000
2011-10-07,GBPUSD,1.56280000
2011-10-07,JPYUSD,0.01302592
2011-10-11,AUDUSD,0.99780000
2011-10-11,CHFUSD,1.10314396
2011-10-11,EURUSD,1.36570000
2011-10-11,GBPUSD,1.55940000
2011-10-11,JPYUSD,0.01304461
2011-10-12,AUDUSD,1.01660000
2011-10-12,CHFUSD,1.11806798
2011-10-12,EURUSD,1.38050000
2011-10-12,GBPUSD,1.57570000
2011-10-12,JPYUSD,0.01293661
2011-10-13,AUDUSD,1.01470000
2011-10-13,CHFUSD,1.11111111
2011-10-13,EURUSD,1.37300000
2011-10-13,GBPUSD,1.57290000
2011-10-13,JPYUSD,0.01300728
2011-10-14,AUDUSD,1.02960000
2011-10-14,CHFUSD,1.11931945
2011-10-14,EURUSD,1.38610000
2011-10-14,GBPUSD,1.58080000
2011-10-14,JPYUSD,0.01292658
2011-10-17,AUDUSD,1.02410000
2011-10-17,CHFUSD,1.11370977
2011-10-17,EURUSD,1.37700000
2011-10-17,GBPUSD,1.57780000
2011-10-17,JPYUSD,0.01302083
2011-10-18,AUDUSD,1.02200000
2011-10-18,CHFUSD,1.10963160
2011-10-18,EURUSD,1.37190000
2011-10-18,GBPUSD,1.56540000
2011-10-18,JPYUSD,0.01302932
2011-10-19,AUDUSD,1.02720000
2011-10-19,CHFUSD,1.10840168
2011-10-19,EURUSD,1.37750000
2011-10-19,GBPUSD,1.57990000
2011-10-19,JPYUSD,0.01302253
2011-10-20,AUDUSD,1.01870000
2011-10-20,CHFUSD,1.11086425
2011-10-20,EURUSD,1.36720000
2011-10-20,GBPUSD,1.57260000
2011-10-20,JPYUSD,0.01300221
2011-10-21,AUDUSD,1.03300000
2011-10-21,CHFUSD,1.12968821
2011-10-21,EURUSD,1.38730000
2011-10-21,GBPUSD,1.59450000
2011-10-21,JPYUSD,0.01314060
2011-10-24,AUDUSD,1.04540000
2011-10-24,CHFUSD,1.13584734
2011-10-24,EURUSD,1.39320000
2011-10-24,GBPUSD,1.59860000
2011-10-24,JPYUSD,0.01314060
2011-10-25,AUDUSD,1.04470000
2011-10-25,CHFUSD,1.13713896
2011-10-25,EURUSD,1.39110000
2011-10-25,GBPUSD,1.59940000
2011-10-25,JPYUSD,0.01317870
2011-10-26,AUDUSD,1.03480000
2011-10-26,CHFUSD,1.13109377
2011-10-26,EURUSD,1.38380000
2011-10-26,GBPUSD,1.59050000
2011-10-26,JPYUSD,0.01314924
2011-10-27,AUDUSD,1.06860000
2011-10-27,CHFUSD,1.16157510
2011-10-27,EURUSD,1.41720000
2011-10-27,GBPUSD,1.60810000
2011-10-27,JPYUSD,0.01319261
2011-10-28,AUDUSD,1.07070000
2011-10-28,CHFUSD,1.15942029
2011-10-28,EURUSD,1.41640000
2011-10-28,GBPUSD,1.61300000
2011-10-28,JPYUSD,0.01320655
2011-10-31,AUDUSD,1.06100000
2011-10-31,CHFUSD,1.14863313
2011-10-31,EURUSD,1.39470000
2011-10-31,GBPUSD,1.61410000
2011-10-31,JPYUSD,0.01282545
2011-11-01,AUDUSD,1.03020000
2011-11-01,CHFUSD,1.12346927
2011-11-01,EURUSD,1.36760000
2011-11-01,GBPUSD,1.59460000
2011-11-01,JPYUSD,0.01277466
2011-11-02,AUDUSD,1.03660000
2011-11-02,CHFUSD,1.13533152
2011-11-02,EURUSD,1.38030000
2011-11-02,GBPUSD,1.59740000
2011-11-02,JPYUSD,0.01281394
2011-11-03,AUDUSD,1.03520000
2011-11-03,CHFUSD,1.13199004
2011-11-03,EURUSD,1.37440000
2011-11-03,GBPUSD,1.59590000
2011-11-03,JPYUSD,0.01282709
2011-11-04,AUDUSD,1.03580000
2011-11-04,CHFUSD,1.12612613
2011-11-04,EURUSD,1.37610000
2011-11-04,GBPUSD,1.60260000
2011-11-04,JPYUSD,0.01279263
2011-11-07,AUDUSD,1.03390000
2011-11-07,CHFUSD,1.10963160
2011-11-07,EURUSD,1.37440000
2011-11-07,GBPUSD,1.60240000
2011-11-07,JPYUSD,0.01281066
2011-11-08,AUDUSD,1.03320000
2011-11-08,CHFUSD,1.11532456
2011-11-08,EURUSD,1.37850000
2011-11-08,GBPUSD,1.60760000
2011-11-08,JPYUSD,0.01285512
2011-11-09,AUDUSD,1.01990000
2011-11-09,CHFUSD,1.10375276
2011-11-09,EURUSD,1.35960000
2011-11-09,GBPUSD,1.59580000
2011-11-09,JPYUSD,0.01285843
2011-11-10,AUDUSD,1.01370000
2011-11-10,CHFUSD,1.10399647
2011-11-10,EURUSD,1.36000000
2011-11-10,GBPUSD,1.59350000
2011-11-10,JPYUSD,0.01288992
2011-11-14,AUDUSD,1.01930000
2011-11-14,CHFUSD,1.10229277
2011-11-14,EURUSD,1.36250000
2011-11-14,GBPUSD,1.58990000
2011-11-14,JPYUSD,0.01298364
2011-11-15,AUDUSD,1.01440000
2011-11-15,CHFUSD,1.08968072
2011-11-15,EURUSD,1.35240000
2011-11-15,GBPUSD,1.58180000
2011-11-15,JPYUSD,0.01298870
2011-11-16,AUDUSD,1.01370000
2011-11-16,CHFUSD,1.09063148
2011-11-16,EURUSD,1.35050000
2011-11-16,GBPUSD,1.57700000
2011-11-16,JPYUSD,0.01298364
2011-11-17,AUDUSD,1.00560000
2011-11-17,CHFUSD,1.09086942
2011-11-17,EURUSD,1.35220000
2011-11-17,GBPUSD,1.58010000
2011-11-17,JPYUSD,0.01299039
2011-11-18,AUDUSD,1.00360000
2011-11-18,CHFUSD,1.09182225
2011-11-18,EURUSD,1.35210000
2011-11-18,GBPUSD,1.57830000
2011-11-18,JPYUSD,0.01299883
2011-11-21,AUDUSD,0.98420000
2011-11-21,CHFUSD,1.09194147
2011-11-21,EURUSD,1.35250000
2011-11-21,GBPUSD,1.56620000
2011-11-21,JPYUSD,0.01299207
2011-11-22,AUDUSD,0.98310000
2011-11-22,CHFUSD,1.09349371
2011-11-22,EURUSD,1.35000000
2011-11-22,GBPUSD,1.56460000
2011-11-22,JPYUSD,0.01297522
2011-11-23,AUDUSD,0.96860000
2011-11-23,CHFUSD,1.08672028
2011-11-23,EURUSD,1.33470000
2011-11-23,GBPUSD,1.55110000
2011-11-23,JPYUSD,0.01291823
2011-11-25,AUDUSD,0.97370000
2011-11-25,CHFUSD,1.07654215
2011-11-25,EURUSD,1.32440000
2011-11-25,GBPUSD,1.54670000
2011-11-25,JPYUSD,0.01287664
2011-11-28,AUDUSD,0.99240000
2011-11-28,CHFUSD,1.08518719
2011-11-28,EURUSD,1.33340000
2011-11-28,GBPUSD,1.55380000
2011-11-28,JPYUSD,0.01281230
2011-11-29,AUDUSD,1.00180000
2011-11-29,CHFUSD,1.08766587
2011-11-29,EURUSD,1.33430000
2011-11-29,GBPUSD,1.56250000
2011-11-29,JPYUSD,0.01284357
2011-11-30,AUDUSD,1.02440000
2011-11-30,CHFUSD,1.09817703
2011-11-30,EURUSD,1.34530000
2011-11-30,GBPUSD,1.57050000
2011-11-30,JPYUSD,0.01288992
2011-12-01,AUDUSD,1.02270000
2011-12-01,CHFUSD,1.09469075
2011-12-01,EURUSD,1.34870000
2011-12-01,GBPUSD,1.56980000
2011-12-01,JPYUSD,0.01288660
2011-12-02,AUDUSD,1.02210000
2011-12-02,CHFUSD,1.08471635
2011-12-02,EURUSD,1.33860000
2011-12-02,GBPUSD,1.55920000
2011-12-02,JPYUSD,0.01284027
2011-12-05,AUDUSD,1.02980000
2011-12-05,CHFUSD,1.08944329
2011-12-05,EURUSD,1.34630000
2011-12-05,GBPUSD,1.56890000
2011-12-05,JPYUSD,0.01285843
2011-12-06,AUDUSD,1.02270000
2011-12-06,CHFUSD,1.07909787
2011-12-06,EURUSD,1.33970000
2011-12-06,GBPUSD,1.55800000
2011-12-06,JPYUSD,0.01286505
2011-12-07,AUDUSD,1.02680000
2011-12-07,CHFUSD,1.08096422
2011-12-07,EURUSD,1.33860000
2011-12-07,GBPUSD,1.56910000
2011-12-07,JPYUSD,0.01287167
2011-12-08,AUDUSD,1.01870000
2011-12-08,CHFUSD,1.07816712
2011-12-08,EURUSD,1.33240000
2011-12-08,GBPUSD,1.56350000
2011-12-08,JPYUSD,0.01287498
2011-12-09,AUDUSD,1.01900000
2011-12-09,CHFUSD,1.08189982
2011-12-09,EURUSD,1.33680000
2011-12-09,GBPUSD,1.56420000
2011-12-09,JPYUSD,0.01288992
2011-12-12,AUDUSD,1.00590000
2011-12-12,CHFUSD,1.06837607
2011-12-12,EURUSD,1.31880000
2011-12-12,GBPUSD,1.55970000
2011-12-12,JPYUSD,0.01284192
2011-12-13,AUDUSD,1.00970000
2011-12-13,CHFUSD,1.06179656
2011-12-13,EURUSD,1.30940000
2011-12-13,GBPUSD,1.55280000
2011-12-13,JPYUSD,0.01284357
2011-12-14,AUDUSD,0.99040000
2011-12-14,CHFUSD,1.04931794
2011-12-14,EURUSD,1.29720000
2011-12-14,GBPUSD,1.54450000
2011-12-14,JPYUSD,0.01280738
2011-12-15,AUDUSD,0.99360000
2011-12-15,CHFUSD,1.06360349
2011-12-15,EURUSD,1.30130000
2011-12-15,GBPUSD,1.54860000
2011-12-15,JPYUSD,0.01284192
2011-12-16,AUDUSD,0.99620000
2011-12-16,CHFUSD,1.06700811
2011-12-16,EURUSD,1.30250000
2011-12-16,GBPUSD,1.55140000
2011-12-16,JPYUSD,0.01287830
2011-12-19,AUDUSD,0.99150000
2011-12-19,CHFUSD,1.06791969
2011-12-19,EURUSD,1.30170000
2011-12-19,GBPUSD,1.55310000
2011-12-19,JPYUSD,0.01282709
2011-12-20,AUDUSD,1.00690000
2011-12-20,CHFUSD,1.07422924
2011-12-20,EURUSD,1.30760000
2011-12-20,GBPUSD,1.56740000
2011-12-20,JPYUSD,0.01286008
2011-12-21,AUDUSD,1.00700000
2011-12-21,CHFUSD,1.06632544
2011-12-21,EURUSD,1.30400000
2011-12-21,GBPUSD,1.56800000
2011-12-21,JPYUSD,0.01282051
2011-12-22,AUDUSD,1.01400000
2011-12-22,CHFUSD,1.06746371
2011-12-22,EURUSD,1.30450000
2011-12-22,GBPUSD,1.56670000
2011-12-22,JPYUSD,0.01279918
2011-12-23,AUDUSD,1.01480000
2011-12-23,CHFUSD,1.06621175
2011-12-23,EURUSD,1.30400000
2011-12-23,GBPUSD,1.56150000
2011-12-23,JPYUSD,0.01279918
2011-12-27,AUDUSD,1.01600000
2011-12-27,CHFUSD,1.07077846
2011-12-27,EURUSD,1.30740000
2011-12-27,GBPUSD,1.56710000
2011-12-27,JPYUSD,0.01284852
2011-12-28,AUDUSD,1.00920000
2011-12-28,CHFUSD,1.06044539
2011-12-28,EURUSD,1.29260000
2011-12-28,GBPUSD,1.54780000
2011-12-28,JPYUSD,0.01282380
2011-12-29,AUDUSD,1.01340000
2011-12-29,CHFUSD,1.06247344
2011-12-29,EURUSD,1.29520000
2011-12-29,GBPUSD,1.53860000
2011-12-29,JPYUSD,0.01286836
2011-12-30,AUDUSD,1.02510000
2011-12-30,CHFUSD,1.06678046
2011-12-30,EURUSD,1.29730000
2011-12-30,GBPUSD,1.55370000
2011-12-30,JPYUSD,0.01299039
2012-01-03,AUDUSD,1.03800000
2012-01-03,CHFUSD,1.07307651
2012-01-03,EURUSD,1.30610000
2012-01-03,GBPUSD,1.56550000
2012-01-03,JPYUSD,0.01304291
2012-01-04,AUDUSD,1.03480000
2012-01-04,CHFUSD,1.06190931
2012-01-04,EURUSD,1.29300000
2012-01-04,GBPUSD,1.56380000
2012-01-04,JPYUSD,0.01304121
2012-01-05,AUDUSD,1.02530000
2012-01-05,CHFUSD,1.04953820
2012-01-05,EURUSD,1.27830000
2012-01-05,GBPUSD,1.54800000
2012-01-05,JPYUSD,0.01295672
2012-01-06,AUDUSD,1.02350000
2012-01-06,CHFUSD,1.04657248
2012-01-06,EURUSD,1.27230000
2012-01-06,GBPUSD,1.54310000
2012-01-06,JPYUSD,0.01297690
2012-01-09,AUDUSD,1.02150000
2012-01-09,CHFUSD,1.05042017
2012-01-09,EURUSD,1.27450000
2012-01-09,GBPUSD,1.54360000
2012-01-09,JPYUSD,0.01300728
2012-01-10,AUDUSD,1.03230000
2012-01-10,CHFUSD,1.05418511
2012-01-10,EURUSD,1.27820000
2012-01-10,GBPUSD,1.54890000
2012-01-10,JPYUSD,0.01301406
2012-01-11,AUDUSD,1.02950000
2012-01-11,CHFUSD,1.04668202
2012-01-11,EURUSD,1.26860000
2012-01-11,GBPUSD,1.53250000
2012-01-11,JPYUSD,0.01300390
2012-01-12,AUDUSD,1.03110000
2012-01-12,CHFUSD,1.05887336
2012-01-12,EURUSD,1.28180000
2012-01-12,GBPUSD,1.53250000
2012-01-12,JPYUSD,0.01302762
2012-01-13,AUDUSD,1.02920000
2012-01-13,CHFUSD,1.04887770
2012-01-13,EURUSD,1.26820000
2012-01-13,GBPUSD,1.53010000
2012-01-13,JPYUSD,0.01300390
2012-01-17,AUDUSD,1.03950000
2012-01-17,CHFUSD,1.05351875
2012-01-17,EURUSD,1.27400000
2012-01-17,GBPUSD,1.53560000
2012-01-17,JPYUSD,0.01302083
2012-01-18,AUDUSD,1.03950000
2012-01-18,CHFUSD,1.06078286
2012-01-18,EURUSD,1.28250000
2012-01-18,GBPUSD,1.54100000
2012-01-18,JPYUSD,0.01301914
2012-01-19,AUDUSD,1.04170000
2012-01-19,CHFUSD,1.07123728
2012-01-19,EURUSD,1.29370000
2012-01-19,GBPUSD,1.54840000
2012-01-19,JPYUSD,0.01294834
2012-01-20,AUDUSD,1.04710000
2012-01-20,CHFUSD,1.07215611
2012-01-20,EURUSD,1.29480000
2012-01-20,GBPUSD,1.55400000
2012-01-20,JPYUSD,0.01299207
2012-01-23,AUDUSD,1.05340000
2012-01-23,CHFUSD,1.07898144
2012-01-23,EURUSD,1.30350000
2012-01-23,GBPUSD,1.55820000
2012-01-23,JPYUSD,0.01300052
2012-01-24,AUDUSD,1.04700000
2012-01-24,CHFUSD,1.07642626
2012-01-24,EURUSD,1.30040000
2012-01-24,GBPUSD,1.55950000
2012-01-24,JPYUSD,0.01285678
2012-01-25,AUDUSD,1.04810000
2012-01-25,CHFUSD,1.07411386
2012-01-25,EURUSD,1.29780000
2012-01-25,GBPUSD,1.55700000
2012-01-25,JPYUSD,0.01279918
2012-01-26,AUDUSD,1.06510000
2012-01-26,CHFUSD,1.09003706
2012-01-26,EURUSD,1.31520000
2012-01-26,GBPUSD,1.57060000
2012-01-26,JPYUSD,0.01290822
2012-01-27,AUDUSD,1.06450000
2012-01-27,CHFUSD,1.09385255
2012-01-27,EURUSD,1.31920000
2012-01-27,GBPUSD,1.57160000
2012-01-27,JPYUSD,0.01304121
2012-01-30,AUDUSD,1.05900000
2012-01-30,CHFUSD,1.08956200
2012-01-30,EURUSD,1.31230000
2012-01-30,GBPUSD,1.56900000
2012-01-30,JPYUSD,0.01310960
2012-01-31,AUDUSD,1.05980000
2012-01-31,CHFUSD,1.08459870
2012-01-31,EURUSD,1.30530000
2012-01-31,GBPUSD,1.57540000
2012-01-31,JPYUSD,0.01309929
2012-02-01,AUDUSD,1.07000000
2012-02-01,CHFUSD,1.09397221
2012-02-01,EURUSD,1.31790000
2012-02-01,GBPUSD,1.58490000
2012-02-01,JPYUSD,0.01313888
2012-02-02,AUDUSD,1.07180000
2012-02-02,CHFUSD,1.09361330
2012-02-02,EURUSD,1.31670000
2012-02-02,GBPUSD,1.58130000
2012-02-02,JPYUSD,0.01313543
2012-02-03,AUDUSD,1.07620000
2012-02-03,CHFUSD,1.08601216
2012-02-03,EURUSD,1.31060000
2012-02-03,GBPUSD,1.57790000
2012-02-03,JPYUSD,0.01306506
2012-02-06,AUDUSD,1.07430000
2012-02-06,CHFUSD,1.08837614
2012-02-06,EURUSD,1.31300000
2012-02-06,GBPUSD,1.58320000
2012-02-06,JPYUSD,0.01306506
2012-02-07,AUDUSD,1.07980000
2012-02-07,CHFUSD,1.09541023
2012-02-07,EURUSD,1.32440000
2012-02-07,GBPUSD,1.58910000
2012-02-07,JPYUSD,0.01300728
2012-02-08,AUDUSD,1.07850000
2012-02-08,CHFUSD,1.09577033
2012-02-08,EURUSD,1.32530000
2012-02-08,GBPUSD,1.58200000
2012-02-08,JPYUSD,0.01300390
2012-02-09,AUDUSD,1.08060000
2012-02-09,CHFUSD,1.09853894
2012-02-09,EURUSD,1.32970000
2012-02-09,GBPUSD,1.58380000
2012-02-09,JPYUSD,0.01291656
2012-02-10,AUDUSD,1.06760000
2012-02-10,CHFUSD,1.08979948
2012-02-10,EURUSD,1.31870000
2012-02-10,GBPUSD,1.57480000
2012-02-10,JPYUSD,0.01289158
2012-02-13,AUDUSD,1.07410000
2012-02-13,CHFUSD,1.09301563
2012-02-13,EURUSD,1.32110000
2012-02-13,GBPUSD,1.57800000
2012-02-13,JPYUSD,0.01289990
2012-02-14,AUDUSD,1.06910000
2012-02-14,CHFUSD,1.08873163
2012-02-14,EURUSD,1.31490000
2012-02-14,GBPUSD,1.56910000
2012-02-14,JPYUSD,0.01275673
2012-02-15,AUDUSD,1.07420000
2012-02-15,CHFUSD,1.08424591
2012-02-15,EURUSD,1.30870000
2012-02-15,GBPUSD,1.57100000
2012-02-15,JPYUSD,0.01278445
2012-02-16,AUDUSD,1.07590000
2012-02-16,CHFUSD,1.08589423
2012-02-16,EURUSD,1.31100000
2012-02-16,GBPUSD,1.57950000
2012-02-16,JPYUSD,0.01269519
2012-02-17,AUDUSD,1.06950000
2012-02-17,CHFUSD,1.08932462
2012-02-17,EURUSD,1.31490000
2012-02-17,GBPUSD,1.58130000
2012-02-17,JPYUSD,0.01260557
2012-02-21,AUDUSD,1.06920000
2012-02-21,CHFUSD,1.09721308
2012-02-21,EURUSD,1.32550000
2012-02-21,GBPUSD,1.57960000
2012-02-21,JPYUSD,0.01254233
2012-02-22,AUDUSD,1.06290000
2012-02-22,CHFUSD,1.09805644
2012-02-22,EURUSD,1.32510000
2012-02-22,GBPUSD,1.56770000
2012-02-22,JPYUSD,0.01245330
2012-02-23,AUDUSD,1.06880000
2012-02-23,CHFUSD,1.10387460
2012-02-23,EURUSD,1.33080000
2012-02-23,GBPUSD,1.57000000
2012-02-23,JPYUSD,0.01246727
2012-02-24,AUDUSD,1.07070000
2012-02-24,CHFUSD,1.11744329
2012-02-24,EURUSD,1.34630000
2012-02-24,GBPUSD,1.58690000
2012-02-24,JPYUSD,0.01236400
2012-02-27,AUDUSD,1.07640000
2012-02-27,CHFUSD,1.11271837
2012-02-27,EURUSD,1.34100000
2012-02-27,GBPUSD,1.58450000
2012-02-27,JPYUSD,0.01243472
2012-02-28,AUDUSD,1.07650000
2012-02-28,CHFUSD,1.11594688
2012-02-28,EURUSD,1.34520000
2012-02-28,GBPUSD,1.58870000
2012-02-28,JPYUSD,0.01243163
2012-02-29,AUDUSD,1.07770000
2012-02-29,CHFUSD,1.10827884
2012-02-29,EURUSD,1.33590000
2012-02-29,GBPUSD,1.59510000
2012-02-29,JPYUSD,0.01233046
2012-03-01,AUDUSD,1.08030000
2012-03-01,CHFUSD,1.10485029
2012-03-01,EURUSD,1.33200000
2012-03-01,GBPUSD,1.59530000
2012-03-01,JPYUSD,0.01232134
2012-03-02,AUDUSD,1.07470000
2012-03-02,CHFUSD,1.09481060
2012-03-02,EURUSD,1.32020000
2012-03-02,GBPUSD,1.58520000
2012-03-02,JPYUSD,0.01226091
2012-03-05,AUDUSD,1.06680000
2012-03-05,CHFUSD,1.09697236
2012-03-05,EURUSD,1.32260000
2012-03-05,GBPUSD,1.58700000
2012-03-05,JPYUSD,0.01228049
2012-03-06,AUDUSD,1.05510000
2012-03-06,CHFUSD,1.08861311
2012-03-06,EURUSD,1.31140000
2012-03-06,GBPUSD,1.57200000
2012-03-06,JPYUSD,0.01236705
2012-03-07,AUDUSD,1.05830000
2012-03-07,CHFUSD,1.09063148
2012-03-07,EURUSD,1.31490000
2012-03-07,GBPUSD,1.57460000
2012-03-07,JPYUSD,0.01233654
2012-03-08,AUDUSD,1.06180000
2012-03-08,CHFUSD,1.09986802
2012-03-08,EURUSD,1.32560000
2012-03-08,GBPUSD,1.58220000
2012-03-08,JPYUSD,0.01226994
2012-03-09,AUDUSD,1.05900000
2012-03-09,CHFUSD,1.08695652
2012-03-09,EURUSD,1.31080000
2012-03-09,GBPUSD,1.56770000
2012-03-09,JPYUSD,0.01210800
2012-03-12,AUDUSD,1.04900000
2012-03-12,CHFUSD,1.08968072
2012-03-12,EURUSD,1.31410000
2012-03-12,GBPUSD,1.56150000
2012-03-12,JPYUSD,0.01216397
2012-03-13,AUDUSD,1.05400000
2012-03-13,CHFUSD,1.08719287
2012-03-13,EURUSD,1.31090000
2012-03-13,GBPUSD,1.57360000
2012-03-13,JPYUSD,0.01209775
2012-03-14,AUDUSD,1.04460000
2012-03-14,CHFUSD,1.07376785
2012-03-14,EURUSD,1.30250000
2012-03-14,GBPUSD,1.56860000
2012-03-14,JPYUSD,0.01193602
2012-03-15,AUDUSD,1.05280000
2012-03-15,CHFUSD,1.08271979
2012-03-15,EURUSD,1.30700000
2012-03-15,GBPUSD,1.56690000
2012-03-15,JPYUSD,0.01200768
2012-03-16,AUDUSD,1.05840000
2012-03-16,CHFUSD,1.09170306
2012-03-16,EURUSD,1.31710000
2012-03-16,GBPUSD,1.58450000
2012-03-16,JPYUSD,0.01199904
2012-03-19,AUDUSD,1.06080000
2012-03-19,CHFUSD,1.09781535
2012-03-19,EURUSD,1.32420000
2012-03-19,GBPUSD,1.58940000
2012-03-19,JPYUSD,0.01200336
2012-03-20,AUDUSD,1.04850000
2012-03-20,CHFUSD,1.09625082
2012-03-20,EURUSD,1.32220000
2012-03-20,GBPUSD,1.58570000
2012-03-20,JPYUSD,0.01195886
2012-03-21,AUDUSD,1.04390000
2012-03-21,CHFUSD,1.09373291
2012-03-21,EURUSD,1.31900000
2012-03-21,GBPUSD,1.58480000
2012-03-21,JPYUSD,0.01195886
2012-03-22,AUDUSD,1.03700000
2012-03-22,CHFUSD,1.09457093
2012-03-22,EURUSD,1.31940000
2012-03-22,GBPUSD,1.58070000
2012-03-22,JPYUSD,0.01212121
2012-03-23,AUDUSD,1.04560000
2012-03-23,CHFUSD,1.10071547
2012-03-23,EURUSD,1.32630000
2012-03-23,GBPUSD,1.58640000
2012-03-23,JPYUSD,0.01214329
2012-03-26,AUDUSD,1.05110000
2012-03-26,CHFUSD,1.10607234
2012-03-26,EURUSD,1.33280000
2012-03-26,GBPUSD,1.59390000
2012-03-26,JPYUSD,0.01207146
2012-03-27,AUDUSD,1.04900000
2012-03-27,CHFUSD,1.10643948
2012-03-27,EURUSD,1.33360000
2012-03-27,GBPUSD,1.59720000
2012-03-27,JPYUSD,0.01202646
2012-03-28,AUDUSD,1.03690000
2012-03-28,CHFUSD,1.10326567
2012-03-28,EURUSD,1.33000000
2012-03-28,GBPUSD,1.58550000
2012-03-28,JPYUSD,0.01208605
2012-03-29,AUDUSD,1.03260000
2012-03-29,CHFUSD,1.10083664
2012-03-29,EURUSD,1.32650000
2012-03-29,GBPUSD,1.59110000
2012-03-29,JPYUSD,0.01215362
2012-03-30,AUDUSD,1.03670000
2012-03-30,CHFUSD,1.10791048
2012-03-30,EURUSD,1.33340000
2012-03-30,GBPUSD,1.59850000
2012-03-30,JPYUSD,0.01213445
2012-04-02,AUDUSD,1.04260000
2012-04-02,CHFUSD,1.10656191
2012-04-02,EURUSD,1.33250000
2012-04-02,GBPUSD,1.60220000
2012-04-02,JPYUSD,0.01217137
2012-04-03,AUDUSD,1.03720000
2012-04-03,CHFUSD,1.10815603
2012-04-03,EURUSD,1.33370000
2012-04-03,GBPUSD,1.59660000
2012-04-03,JPYUSD,0.01216841
2012-04-04,AUDUSD,1.02550000
2012-04-04,CHFUSD,1.09075044
2012-04-04,EURUSD,1.31260000
2012-04-04,GBPUSD,1.58790000
2012-04-04,JPYUSD,0.01210361
2012-04-05,AUDUSD,1.03030000
2012-04-05,CHFUSD,1.08695652
2012-04-05,EURUSD,1.30640000
2012-04-05,GBPUSD,1.58220000
2012-04-05,JPYUSD,0.01214624
2012-04-06,AUDUSD,1.03110000
2012-04-06,CHFUSD,1.08979948
2012-04-06,EURUSD,1.30890000
2012-04-06,GBPUSD,1.58770000
2012-04-06,JPYUSD,0.01226091
2012-04-09,AUDUSD,1.03190000
2012-04-09,CHFUSD,1.08932462
2012-04-09,EURUSD,1.30870000
2012-04-09,GBPUSD,1.58790000
2012-04-09,JPYUSD,0.01229105
2012-04-10,AUDUSD,1.02620000
2012-04-10,CHFUSD,1.08754758
2012-04-10,EURUSD,1.30680000
2012-04-10,GBPUSD,1.58360000
2012-04-10,JPYUSD,0.01235483
2012-04-11,AUDUSD,1.02950000
2012-04-11,CHFUSD,1.09110747
2012-04-11,EURUSD,1.31040000
2012-04-11,GBPUSD,1.58920000
2012-04-11,JPYUSD,0.01236400
2012-04-12,AUDUSD,1.04410000
2012-04-12,CHFUSD,1.09589041
2012-04-12,EURUSD,1.31710000
2012-04-12,GBPUSD,1.59390000
2012-04-12,JPYUSD,0.01236552
2012-04-13,AUDUSD,1.03720000
2012-04-13,CHFUSD,1.08825770
2012-04-13,EURUSD,1.30820000
2012-04-13,GBPUSD,1.58510000
2012-04-13,JPYUSD,0.01234720
2012-04-16,AUDUSD,1.03400000
2012-04-16,CHFUSD,1.08707468
2012-04-16,EURUSD,1.30670000
2012-04-16,GBPUSD,1.58650000
2012-04-16,JPYUSD,0.01242854
2012-04-17,AUDUSD,1.04050000
2012-04-17,CHFUSD,1.09217999
2012-04-17,EURUSD,1.31230000
2012-04-17,GBPUSD,1.59310000
2012-04-17,JPYUSD,0.01238850
2012-04-18,AUDUSD,1.03670000
2012-04-18,CHFUSD,1.09146475
2012-04-18,EURUSD,1.31220000
2012-04-18,GBPUSD,1.60200000
2012-04-18,JPYUSD,0.01230164
2012-04-19,AUDUSD,1.03370000
2012-04-19,CHFUSD,1.09229929
2012-04-19,EURUSD,1.31320000
2012-04-19,GBPUSD,1.60580000
2012-04-19,JPYUSD,0.01225941
2012-04-20,AUDUSD,1.03750000
2012-04-20,CHFUSD,1.09950522
2012-04-20,EURUSD,1.32120000
2012-04-20,GBPUSD,1.61230000
2012-04-20,JPYUSD,0.01225490
2012-04-23,AUDUSD,1.02990000
2012-04-23,CHFUSD,1.09265734
2012-04-23,EURUSD,1.31290000
2012-04-23,GBPUSD,1.61020000
2012-04-23,JPYUSD,0.01232134
2012-04-24,AUDUSD,1.02990000
2012-04-24,CHFUSD,1.09914267
2012-04-24,EURUSD,1.32070000
2012-04-24,GBPUSD,1.61350000
2012-04-24,JPYUSD,0.01231375
2012-04-25,AUDUSD,1.03330000
2012-04-25,CHFUSD,1.09926349
2012-04-25,EURUSD,1.32100000
2012-04-25,GBPUSD,1.61460000
2012-04-25,JPYUSD,0.01229559
2012-04-26,AUDUSD,1.03830000
2012-04-26,CHFUSD,1.10120031
2012-04-26,EURUSD,1.32320000
2012-04-26,GBPUSD,1.61880000
2012-04-26,JPYUSD,0.01237930
2012-04-27,AUDUSD,1.04470000
2012-04-27,CHFUSD,1.10302228
2012-04-27,EURUSD,1.32480000
2012-04-27,GBPUSD,1.62390000
2012-04-27,JPYUSD,0.01242545
2012-04-30,AUDUSD,1.04100000
2012-04-30,CHFUSD,1.10120031
2012-04-30,EURUSD,1.32290000
2012-04-30,GBPUSD,1.62250000
2012-04-30,JPYUSD,0.01252976
2012-05-01,AUDUSD,1.03450000
2012-05-01,CHFUSD,1.10047320
2012-05-01,EURUSD,1.32260000
2012-05-01,GBPUSD,1.62210000
2012-05-01,JPYUSD,0.01247349
2012-05-02,AUDUSD,1.03040000
2012-05-02,CHFUSD,1.09469075
2012-05-02,EURUSD,1.31540000
2012-05-02,GBPUSD,1.61930000
2012-05-02,JPYUSD,0.01247038
2012-05-03,AUDUSD,1.02600000
2012-05-03,CHFUSD,1.09433136
2012-05-03,EURUSD,1.31470000
2012-05-03,GBPUSD,1.61850000
2012-05-03,JPYUSD,0.01244400
2012-05-04,AUDUSD,1.01900000
2012-05-04,CHFUSD,1.08979948
2012-05-04,EURUSD,1.30910000
2012-05-04,GBPUSD,1.61480000
2012-05-04,JPYUSD,0.01252505
2012-05-07,AUDUSD,1.02010000
2012-05-07,CHFUSD,1.08648414
2012-05-07,EURUSD,1.30520000
2012-05-07,GBPUSD,1.61920000
2012-05-07,JPYUSD,0.01251878
2012-05-08,AUDUSD,1.01170000
2012-05-08,CHFUSD,1.08365843
2012-05-08,EURUSD,1.30150000
2012-05-08,GBPUSD,1.61590000
2012-05-08,JPYUSD,0.01253290
2012-05-09,AUDUSD,1.00660000
2012-05-09,CHFUSD,1.07851596
2012-05-09,EURUSD,1.29540000
2012-05-09,GBPUSD,1.61300000
2012-05-09,JPYUSD,0.01255650
2012-05-10,AUDUSD,1.01130000
2012-05-10,CHFUSD,1.07886503
2012-05-10,EURUSD,1.29590000
2012-05-10,GBPUSD,1.61610000
2012-05-10,JPYUSD,0.01251408
2012-05-11,AUDUSD,1.00650000
2012-05-11,CHFUSD,1.07723796
2012-05-11,EURUSD,1.29370000
2012-05-11,GBPUSD,1.60800000
2012-05-11,JPYUSD,0.01252191
2012-05-14,AUDUSD,0.99980000
2012-05-14,CHFUSD,1.06963312
2012-05-14,EURUSD,1.28470000
2012-05-14,GBPUSD,1.61160000
2012-05-14,JPYUSD,0.01252662
2012-05-15,AUDUSD,0.99770000
2012-05-15,CHFUSD,1.06326422
2012-05-15,EURUSD,1.27690000
2012-05-15,GBPUSD,1.60250000
2012-05-15,JPYUSD,0.01248595
2012-05-16,AUDUSD,0.99330000
2012-05-16,CHFUSD,1.05988341
2012-05-16,EURUSD,1.27300000
2012-05-16,GBPUSD,1.59330000
2012-05-16,JPYUSD,0.01245020
2012-05-17,AUDUSD,0.99250000
2012-05-17,CHFUSD,1.05820106
2012-05-17,EURUSD,1.27090000
2012-05-17,GBPUSD,1.58230000
2012-05-17,JPYUSD,0.01261670
2012-05-18,AUDUSD,0.98190000
2012-05-18,CHFUSD,1.05909765
2012-05-18,EURUSD,1.27210000
2012-05-18,GBPUSD,1.57880000
2012-05-18,JPYUSD,0.01263584
2012-05-21,AUDUSD,0.98530000
2012-05-21,CHFUSD,1.06315118
2012-05-21,EURUSD,1.27690000
2012-05-21,GBPUSD,1.57900000
2012-05-21,JPYUSD,0.01260875
2012-05-22,AUDUSD,0.98740000
2012-05-22,CHFUSD,1.06033294
2012-05-22,EURUSD,1.27350000
2012-05-22,GBPUSD,1.57750000
2012-05-22,JPYUSD,0.01250313
2012-05-23,AUDUSD,0.97090000
2012-05-23,CHFUSD,1.04657248
2012-05-23,EURUSD,1.25690000
2012-05-23,GBPUSD,1.56910000
2012-05-23,JPYUSD,0.01260557
2012-05-24,AUDUSD,0.97740000
2012-05-24,CHFUSD,1.04624398
2012-05-24,EURUSD,1.25830000
2012-05-24,GBPUSD,1.56980000
2012-05-24,JPYUSD,0.01258336
2012-05-25,AUDUSD,0.97780000
2012-05-25,CHFUSD,1.04253545
2012-05-25,EURUSD,1.25180000
2012-05-25,GBPUSD,1.56480000
2012-05-25,JPYUSD,0.01255650
2012-05-29,AUDUSD,0.98250000
2012-05-29,CHFUSD,1.03982531
2012-05-29,EURUSD,1.24880000
2012-05-29,GBPUSD,1.56300000
2012-05-29,JPYUSD,0.01258812
2012-05-30,AUDUSD,0.97330000
2012-05-30,CHFUSD,1.03284445
2012-05-30,EURUSD,1.24050000
2012-05-30,GBPUSD,1.55320000
2012-05-30,JPYUSD,0.01266945
2012-05-31,AUDUSD,0.97110000
2012-05-31,CHFUSD,1.02954803
2012-05-31,EURUSD,1.23640000
2012-05-31,GBPUSD,1.54050000
2012-05-31,JPYUSD,0.01277302
2012-06-01,AUDUSD,0.96880000
2012-06-01,CHFUSD,1.03401923
2012-06-01,EURUSD,1.24200000
2012-06-01,GBPUSD,1.53830000
2012-06-01,JPYUSD,0.01278609
2012-06-04,AUDUSD,0.97190000
2012-06-04,CHFUSD,1.04058273
2012-06-04,EURUSD,1.24950000
2012-06-04,GBPUSD,1.53820000
2012-06-04,JPYUSD,0.01277139
2012-06-05,AUDUSD,0.97220000
2012-06-05,CHFUSD,1.03562552
2012-06-05,EURUSD,1.24370000
2012-06-05,GBPUSD,1.53550000
2012-06-05,JPYUSD,0.01272750
2012-06-06,AUDUSD,0.99050000
2012-06-06,CHFUSD,1.04395031
2012-06-06,EURUSD,1.25350000
2012-06-06,GBPUSD,1.54750000
2012-06-06,JPYUSD,0.01264063
2012-06-07,AUDUSD,0.99360000
2012-06-07,CHFUSD,1.04624398
2012-06-07,EURUSD,1.25680000
2012-06-07,GBPUSD,1.55570000
2012-06-07,JPYUSD,0.01255178
2012-06-08,AUDUSD,0.98690000
2012-06-08,CHFUSD,1.03950104
2012-06-08,EURUSD,1.24820000
2012-06-08,GBPUSD,1.54330000
2012-06-08,JPYUSD,0.01258336
2012-06-11,AUDUSD,0.99250000
2012-06-11,CHFUSD,1.04123282
2012-06-11,EURUSD,1.25040000
2012-06-11,GBPUSD,1.55150000
2012-06-11,JPYUSD,0.01257862
2012-06-12,AUDUSD,0.99250000
2012-06-12,CHFUSD,1.03906899
2012-06-12,EURUSD,1.24770000
2012-06-12,GBPUSD,1.55620000
2012-06-12,JPYUSD,0.01258812
2012-06-13,AUDUSD,0.99730000
2012-06-13,CHFUSD,1.04898773
2012-06-13,EURUSD,1.25960000
2012-06-13,GBPUSD,1.55570000
2012-06-13,JPYUSD,0.01260239
2012-06-14,AUDUSD,0.99890000
2012-06-14,CHFUSD,1.04986877
2012-06-14,EURUSD,1.26080000
2012-06-14,GBPUSD,1.55330000
2012-06-14,JPYUSD,0.01261193
2012-06-15,AUDUSD,1.00570000
2012-06-15,CHFUSD,1.05196718
2012-06-15,EURUSD,1.26330000
2012-06-15,GBPUSD,1.56540000
2012-06-15,JPYUSD,0.01271456
2012-06-18,AUDUSD,1.00880000
2012-06-18,CHFUSD,1.04744946
2012-06-18,EURUSD,1.25780000
2012-06-18,GBPUSD,1.56650000
2012-06-18,JPYUSD,0.01266624
2012-06-19,AUDUSD,1.01960000
2012-06-19,CHFUSD,1.05697072
2012-06-19,EURUSD,1.26920000
2012-06-19,GBPUSD,1.57320000
2012-06-19,JPYUSD,0.01267106
2012-06-20,AUDUSD,1.01940000
2012-06-20,CHFUSD,1.05786523
2012-06-20,EURUSD,1.27030000
2012-06-20,GBPUSD,1.57500000
2012-06-20,JPYUSD,0.01257229
2012-06-21,AUDUSD,1.00950000
2012-06-21,CHFUSD,1.04799832
2012-06-21,EURUSD,1.25860000
2012-06-21,GBPUSD,1.56330000
2012-06-21,JPYUSD,0.01247194
2012-06-22,AUDUSD,1.00590000
2012-06-22,CHFUSD,1.04471375
2012-06-22,EURUSD,1.25450000
2012-06-22,GBPUSD,1.55820000
2012-06-22,JPYUSD,0.01241927
2012-06-25,AUDUSD,0.99810000
2012-06-25,CHFUSD,1.03939299
2012-06-25,EURUSD,1.24800000
2012-06-25,GBPUSD,1.55550000
2012-06-25,JPYUSD,0.01257862
2012-06-26,AUDUSD,1.00460000
2012-06-26,CHFUSD,1.03842160
2012-06-26,EURUSD,1.24710000
2012-06-26,GBPUSD,1.56200000
2012-06-26,JPYUSD,0.01258495
2012-06-27,AUDUSD,1.00710000
2012-06-27,CHFUSD,1.03712923
2012-06-27,EURUSD,1.24570000
2012-06-27,GBPUSD,1.55490000
2012-06-27,JPYUSD,0.01252662
2012-06-28,AUDUSD,1.00250000
2012-06-28,CHFUSD,1.03508954
2012-06-28,EURUSD,1.24330000
2012-06-28,GBPUSD,1.55030000
2012-06-28,JPYUSD,0.01260239
2012-06-29,AUDUSD,1.02360000
2012-06-29,CHFUSD,1.05429626
2012-06-29,EURUSD,1.26680000
2012-06-29,GBPUSD,1.56860000
2012-06-29,JPYUSD,0.01252976
2012-07-02,AUDUSD,1.02390000
2012-07-02,CHFUSD,1.04777871
2012-07-02,EURUSD,1.25840000
2012-07-02,GBPUSD,1.56790000
2012-07-02,JPYUSD,0.01259129
2012-07-03,AUDUSD,1.02940000
2012-07-03,CHFUSD,1.05075129
2012-07-03,EURUSD,1.26200000
2012-07-03,GBPUSD,1.57020000
2012-07-03,JPYUSD,0.01253604
2012-07-05,AUDUSD,1.02910000
2012-07-05,CHFUSD,1.03114044
2012-07-05,EURUSD,1.23840000
2012-07-05,GBPUSD,1.55310000
2012-07-05,JPYUSD,0.01250782
2012-07-06,AUDUSD,1.01870000
2012-07-06,CHFUSD,1.02280863
2012-07-06,EURUSD,1.22830000
2012-07-06,GBPUSD,1.54800000
2012-07-06,JPYUSD,0.01256124
2012-07-09,AUDUSD,1.01760000
2012-07-09,CHFUSD,1.02417042
2012-07-09,EURUSD,1.22990000
2012-07-09,GBPUSD,1.55070000
2012-07-09,JPYUSD,0.01255335
2012-07-10,AUDUSD,1.02180000
2012-07-10,CHFUSD,1.02061645
2012-07-10,EURUSD,1.22550000
2012-07-10,GBPUSD,1.55060000
2012-07-10,JPYUSD,0.01258812
2012-07-11,AUDUSD,1.02520000
2012-07-11,CHFUSD,1.01957586
2012-07-11,EURUSD,1.22440000
2012-07-11,GBPUSD,1.55320000
2012-07-11,JPYUSD,0.01254705
2012-07-12,AUDUSD,1.01310000
2012-07-12,CHFUSD,1.01595042
2012-07-12,EURUSD,1.21990000
2012-07-12,GBPUSD,1.54250000
2012-07-12,JPYUSD,0.01261193
2012-07-13,AUDUSD,1.02120000
2012-07-13,CHFUSD,1.01864113
2012-07-13,EURUSD,1.22320000
2012-07-13,GBPUSD,1.55500000
2012-07-13,JPYUSD,0.01262626
2012-07-16,AUDUSD,1.02360000
2012-07-16,CHFUSD,1.02134613
2012-07-16,EURUSD,1.22670000
2012-07-16,GBPUSD,1.56350000
2012-07-16,JPYUSD,0.01269036
2012-07-17,AUDUSD,1.02810000
2012-07-17,CHFUSD,1.01853738
2012-07-17,EURUSD,1.22340000
2012-07-17,GBPUSD,1.56130000
2012-07-17,JPYUSD,0.01265182
2012-07-18,AUDUSD,1.03470000
2012-07-18,CHFUSD,1.02092905
2012-07-18,EURUSD,1.22610000
2012-07-18,GBPUSD,1.56360000
2012-07-18,JPYUSD,0.01269197
2012-07-19,AUDUSD,1.04230000
2012-07-19,CHFUSD,1.02061645
2012-07-19,EURUSD,1.22570000
2012-07-19,GBPUSD,1.57190000
2012-07-19,JPYUSD,0.01272265
2012-07-20,AUDUSD,1.03830000
2012-07-20,CHFUSD,1.01389030
2012-07-20,EURUSD,1.21760000
2012-07-20,GBPUSD,1.56300000
2012-07-20,JPYUSD,0.01274048
2012-07-23,AUDUSD,1.02700000
2012-07-23,CHFUSD,1.00969305
2012-07-23,EURUSD,1.21260000
2012-07-23,GBPUSD,1.55120000
2012-07-23,JPYUSD,0.01275836
2012-07-24,AUDUSD,1.02530000
2012-07-24,CHFUSD,1.00431857
2012-07-24,EURUSD,1.20620000
2012-07-24,GBPUSD,1.55210000
2012-07-24,JPYUSD,0.01278936
2012-07-25,AUDUSD,1.02750000
2012-07-25,CHFUSD,1.01020305
2012-07-25,EURUSD,1.21320000
2012-07-25,GBPUSD,1.54790000
2012-07-25,JPYUSD,0.01278609
2012-07-26,AUDUSD,1.03900000
2012-07-26,CHFUSD,1.02249489
2012-07-26,EURUSD,1.22800000
2012-07-26,GBPUSD,1.56830000
2012-07-26,JPYUSD,0.01278119
2012-07-27,AUDUSD,1.04410000
2012-07-27,CHFUSD,1.02997219
2012-07-27,EURUSD,1.23700000
2012-07-27,GBPUSD,1.57280000
2012-07-27,JPYUSD,0.01273074
2012-07-30,AUDUSD,1.04890000
2012-07-30,CHFUSD,1.01999184
2012-07-30,EURUSD,1.22500000
2012-07-30,GBPUSD,1.56940000
2012-07-30,JPYUSD,0.01278772
2012-07-31,AUDUSD,1.05220000
2012-07-31,CHFUSD,1.02532554
2012-07-31,EURUSD,1.23150000
2012-07-31,GBPUSD,1.56860000
2012-07-31,JPYUSD,0.01280410
2012-08-01,AUDUSD,1.05180000
2012-08-01,CHFUSD,1.02385584
2012-08-01,EURUSD,1.22990000
2012-08-01,GBPUSD,1.55960000
2012-08-01,JPYUSD,0.01278936
2012-08-02,AUDUSD,1.04510000
2012-08-02,CHFUSD,1.01153146
2012-08-02,EURUSD,1.21490000
2012-08-02,GBPUSD,1.55000000
2012-08-02,JPYUSD,0.01278445
2012-08-03,AUDUSD,1.05660000
2012-08-03,CHFUSD,1.03124678
2012-08-03,EURUSD,1.23900000
2012-08-03,GBPUSD,1.56500000
2012-08-03,JPYUSD,0.01272265
2012-08-06,AUDUSD,1.05910000
2012-08-06,CHFUSD,1.03423312
2012-08-06,EURUSD,1.24220000
2012-08-06,GBPUSD,1.56250000
2012-08-06,JPYUSD,0.01279263
2012-08-07,AUDUSD,1.05710000
2012-08-07,CHFUSD,1.03391232
2012-08-07,EURUSD,1.24220000
2012-08-07,GBPUSD,1.56580000
2012-08-07,JPYUSD,0.01270487
2012-08-08,AUDUSD,1.05730000
2012-08-08,CHFUSD,1.02944204
2012-08-08,EURUSD,1.23640000
2012-08-08,GBPUSD,1.56590000
2012-08-08,JPYUSD,0.01274860
2012-08-09,AUDUSD,1.05670000
2012-08-09,CHFUSD,1.02239035
2012-08-09,EURUSD,1.22780000
2012-08-09,GBPUSD,1.56230000
2012-08-09,JPYUSD,0.01271617
2012-08-10,AUDUSD,1.05690000
2012-08-10,CHFUSD,1.02417042
2012-08-10,EURUSD,1.22980000
2012-08-10,GBPUSD,1.56790000
2012-08-10,JPYUSD,0.01278119
2012-08-13,AUDUSD,1.05070000
2012-08-13,CHFUSD,1.02743245
2012-08-13,EURUSD,1.23390000
2012-08-13,GBPUSD,1.56900000
2012-08-13,JPYUSD,0.01276487
2012-08-14,AUDUSD,1.05060000
2012-08-14,CHFUSD,1.02648327
2012-08-14,EURUSD,1.23290000
2012-08-14,GBPUSD,1.56920000
2012-08-14,JPYUSD,0.01268714
2012-08-15,AUDUSD,1.05090000
2012-08-15,CHFUSD,1.02312257
2012-08-15,EURUSD,1.22880000
2012-08-15,GBPUSD,1.56860000
2012-08-15,JPYUSD,0.01267588
2012-08-16,AUDUSD,1.05050000
2012-08-16,CHFUSD,1.02891244
2012-08-16,EURUSD,1.23560000
2012-08-16,GBPUSD,1.57380000
2012-08-16,JPYUSD,0.01261830
2012-08-17,AUDUSD,1.04270000
2012-08-17,CHFUSD,1.02543068
2012-08-17,EURUSD,1.23150000
2012-08-17,GBPUSD,1.56970000
2012-08-17,JPYUSD,0.01257862
2012-08-20,AUDUSD,1.04570000
2012-08-20,CHFUSD,1.02774923
2012-08-20,EURUSD,1.23430000
2012-08-20,GBPUSD,1.57070000
2012-08-20,JPYUSD,0.01259287
2012-08-21,AUDUSD,1.04930000
2012-08-21,CHFUSD,1.03842160
2012-08-21,EURUSD,1.24720000
2012-08-21,GBPUSD,1.57880000
2012-08-21,JPYUSD,0.01258970
2012-08-22,AUDUSD,1.04460000
2012-08-22,CHFUSD,1.03863731
2012-08-22,EURUSD,1.24720000
2012-08-22,GBPUSD,1.58000000
2012-08-22,JPYUSD,0.01262786
2012-08-23,AUDUSD,1.04790000
2012-08-23,CHFUSD,1.04799832
2012-08-23,EURUSD,1.25830000
2012-08-23,GBPUSD,1.58820000
2012-08-23,JPYUSD,0.01274535
2012-08-24,AUDUSD,1.04110000
2012-08-24,CHFUSD,1.04373239
2012-08-24,EURUSD,1.25330000
2012-08-24,GBPUSD,1.58150000
2012-08-24,JPYUSD,0.01271456
2012-08-27,AUDUSD,1.03870000
2012-08-27,CHFUSD,1.04199229
2012-08-27,EURUSD,1.25140000
2012-08-27,GBPUSD,1.58000000
2012-08-27,JPYUSD,0.01271133
2012-08-28,AUDUSD,1.03830000
2012-08-28,CHFUSD,1.04624398
2012-08-28,EURUSD,1.25640000
2012-08-28,GBPUSD,1.58280000
2012-08-28,JPYUSD,0.01273885
2012-08-29,AUDUSD,1.03660000
2012-08-29,CHFUSD,1.04405930
2012-08-29,EURUSD,1.25380000
2012-08-29,GBPUSD,1.58390000
2012-08-29,JPYUSD,0.01270325
2012-08-30,AUDUSD,1.03010000
2012-08-30,CHFUSD,1.04079933
2012-08-30,EURUSD,1.24970000
2012-08-30,GBPUSD,1.57940000
2012-08-30,JPYUSD,0.01273074
2012-08-31,AUDUSD,1.03340000
2012-08-31,CHFUSD,1.04755919
2012-08-31,EURUSD,1.25780000
2012-08-31,GBPUSD,1.58640000
2012-08-31,JPYUSD,0.01277139
2012-09-04,AUDUSD,1.02300000
2012-09-04,CHFUSD,1.04624398
2012-09-04,EURUSD,1.25660000
2012-09-04,GBPUSD,1.58890000
2012-09-04,JPYUSD,0.01276324
2012-09-05,AUDUSD,1.01950000
2012-09-05,CHFUSD,1.04733976
2012-09-05,EURUSD,1.26030000
2012-09-05,GBPUSD,1.59070000
2012-09-05,JPYUSD,0.01276487
2012-09-06,AUDUSD,1.02880000
2012-09-06,CHFUSD,1.04832792
2012-09-06,EURUSD,1.26260000
2012-09-06,GBPUSD,1.59220000
2012-09-06,JPYUSD,0.01266464
2012-09-07,AUDUSD,1.03900000
2012-09-07,CHFUSD,1.05797715
2012-09-07,EURUSD,1.27960000
2012-09-07,GBPUSD,1.60160000
2012-09-07,JPYUSD,0.01279754
2012-09-10,AUDUSD,1.03630000
2012-09-10,CHFUSD,1.05954651
2012-09-10,EURUSD,1.27950000
2012-09-10,GBPUSD,1.60090000
2012-09-10,JPYUSD,0.01278119
2012-09-11,AUDUSD,1.04420000
2012-09-11,CHFUSD,1.06530308
2012-09-11,EURUSD,1.28580000
2012-09-11,GBPUSD,1.60710000
2012-09-11,JPYUSD,0.01285678
2012-09-12,AUDUSD,1.04530000
2012-09-12,CHFUSD,1.06655290
2012-09-12,EURUSD,1.28940000
2012-09-12,GBPUSD,1.61110000
2012-09-12,JPYUSD,0.01284357
2012-09-13,AUDUSD,1.04490000
2012-09-13,CHFUSD,1.06439596
2012-09-13,EURUSD,1.29120000
2012-09-13,GBPUSD,1.61250000
2012-09-13,JPYUSD,0.01291823
2012-09-14,AUDUSD,1.05610000
2012-09-14,CHFUSD,1.08108108
2012-09-14,EURUSD,1.31420000
2012-09-14,GBPUSD,1.62440000
2012-09-14,JPYUSD,0.01278445
2012-09-17,AUDUSD,1.04900000
2012-09-17,CHFUSD,1.07921433
2012-09-17,EURUSD,1.31250000
2012-09-17,GBPUSD,1.62630000
2012-09-17,JPYUSD,0.01270971
2012-09-18,AUDUSD,1.04460000
2012-09-18,CHFUSD,1.07665805
2012-09-18,EURUSD,1.30510000
2012-09-18,GBPUSD,1.62510000
2012-09-18,JPYUSD,0.01272427
2012-09-19,AUDUSD,1.04800000
2012-09-19,CHFUSD,1.07921433
2012-09-19,EURUSD,1.30650000
2012-09-19,GBPUSD,1.62190000
2012-09-19,JPYUSD,0.01275510
2012-09-20,AUDUSD,1.04100000
2012-09-20,CHFUSD,1.07112254
2012-09-20,EURUSD,1.29480000
2012-09-20,GBPUSD,1.61980000
2012-09-20,JPYUSD,0.01277139
2012-09-21,AUDUSD,1.04690000
2012-09-21,CHFUSD,1.07215611
2012-09-21,EURUSD,1.29900000
2012-09-21,GBPUSD,1.62510000
2012-09-21,JPYUSD,0.01279263
2012-09-24,AUDUSD,1.04170000
2012-09-24,CHFUSD,1.06712197
2012-09-24,EURUSD,1.29090000
2012-09-24,GBPUSD,1.61990000
2012-09-24,JPYUSD,0.01283697
2012-09-25,AUDUSD,1.04450000
2012-09-25,CHFUSD,1.06974754
2012-09-25,EURUSD,1.29450000
2012-09-25,GBPUSD,1.62320000
2012-09-25,JPYUSD,0.01283532
2012-09-26,AUDUSD,1.03570000
2012-09-26,CHFUSD,1.06371663
2012-09-26,EURUSD,1.28520000
2012-09-26,GBPUSD,1.61450000
2012-09-26,JPYUSD,0.01285678
2012-09-27,AUDUSD,1.04400000
2012-09-27,CHFUSD,1.06518960
2012-09-27,EURUSD,1.28740000
2012-09-27,GBPUSD,1.62170000
2012-09-27,JPYUSD,0.01288328
2012-09-28,AUDUSD,1.03880000
2012-09-28,CHFUSD,1.06382979
2012-09-28,EURUSD,1.28560000
2012-09-28,GBPUSD,1.61320000
2012-09-28,JPYUSD,0.01283368
2012-10-01,AUDUSD,1.03740000
2012-10-01,CHFUSD,1.06655290
2012-10-01,EURUSD,1.29000000
2012-10-01,GBPUSD,1.61420000
2012-10-01,JPYUSD,0.01282051
2012-10-02,AUDUSD,1.02920000
2012-10-02,CHFUSD,1.07043460
2012-10-02,EURUSD,1.29510000
2012-10-02,GBPUSD,1.61860000
2012-10-02,JPYUSD,0.01281887
2012-10-03,AUDUSD,1.02180000
2012-10-03,CHFUSD,1.06587082
2012-10-03,EURUSD,1.29090000
2012-10-03,GBPUSD,1.60770000
2012-10-03,JPYUSD,0.01272750
2012-10-04,AUDUSD,1.02290000
2012-10-04,CHFUSD,1.07342207
2012-10-04,EURUSD,1.30010000
2012-10-04,GBPUSD,1.61650000
2012-10-04,JPYUSD,0.01274860
2012-10-05,AUDUSD,1.02180000
2012-10-05,CHFUSD,1.07712193
2012-10-05,EURUSD,1.30590000
2012-10-05,GBPUSD,1.61960000
2012-10-05,JPYUSD,0.01271294
2012-10-09,AUDUSD,1.01880000
2012-10-09,CHFUSD,1.06382979
2012-10-09,EURUSD,1.28760000
2012-10-09,GBPUSD,1.59870000
2012-10-09,JPYUSD,0.01278282
2012-10-10,AUDUSD,1.02420000
2012-10-10,CHFUSD,1.06473595
2012-10-10,EURUSD,1.28880000
2012-10-10,GBPUSD,1.60070000
2012-10-10,JPYUSD,0.01277792
2012-10-11,AUDUSD,1.02610000
2012-10-11,CHFUSD,1.06917567
2012-10-11,EURUSD,1.29280000
2012-10-11,GBPUSD,1.60280000
2012-10-11,JPYUSD,0.01274860
2012-10-12,AUDUSD,1.02280000
2012-10-12,CHFUSD,1.07135205
2012-10-12,EURUSD,1.29460000
2012-10-12,GBPUSD,1.60750000
2012-10-12,JPYUSD,0.01276976
2012-10-15,AUDUSD,1.02450000
2012-10-15,CHFUSD,1.07181136
2012-10-15,EURUSD,1.29500000
2012-10-15,GBPUSD,1.60690000
2012-10-15,JPYUSD,0.01269680
2012-10-16,AUDUSD,1.02700000
2012-10-16,CHFUSD,1.07839965
2012-10-16,EURUSD,1.30360000
2012-10-16,GBPUSD,1.61010000
2012-10-16,JPYUSD,0.01267106
2012-10-17,AUDUSD,1.03800000
2012-10-17,CHFUSD,1.08495172
2012-10-17,EURUSD,1.31330000
2012-10-17,GBPUSD,1.61650000
2012-10-17,JPYUSD,0.01270003
2012-10-18,AUDUSD,1.03970000
2012-10-18,CHFUSD,1.08401084
2012-10-18,EURUSD,1.31060000
2012-10-18,GBPUSD,1.61410000
2012-10-18,JPYUSD,0.01261989
2012-10-19,AUDUSD,1.03280000
2012-10-19,CHFUSD,1.07688994
2012-10-19,EURUSD,1.30220000
2012-10-19,GBPUSD,1.60030000
2012-10-19,JPYUSD,0.01261670
2012-10-22,AUDUSD,1.03180000
2012-10-22,CHFUSD,1.07956386
2012-10-22,EURUSD,1.30630000
2012-10-22,GBPUSD,1.60280000
2012-10-22,JPYUSD,0.01252505
2012-10-23,AUDUSD,1.02490000
2012-10-23,CHFUSD,1.07204117
2012-10-23,EURUSD,1.29710000
2012-10-23,GBPUSD,1.59320000
2012-10-23,JPYUSD,0.01253290
2012-10-24,AUDUSD,1.03350000
2012-10-24,CHFUSD,1.07043460
2012-10-24,EURUSD,1.29460000
2012-10-24,GBPUSD,1.60150000
2012-10-24,JPYUSD,0.01252819
2012-10-25,AUDUSD,1.03490000
2012-10-25,CHFUSD,1.07112254
2012-10-25,EURUSD,1.29580000
2012-10-25,GBPUSD,1.61190000
2012-10-25,JPYUSD,0.01249375
2012-10-26,AUDUSD,1.03580000
2012-10-26,CHFUSD,1.06974754
2012-10-26,EURUSD,1.29380000
2012-10-26,GBPUSD,1.60980000
2012-10-26,JPYUSD,0.01255808
2012-10-29,AUDUSD,1.03290000
2012-10-29,CHFUSD,1.06769165
2012-10-29,EURUSD,1.29060000
2012-10-29,GBPUSD,1.60250000
2012-10-29,JPYUSD,0.01252976
2012-10-30,AUDUSD,1.03700000
2012-10-30,CHFUSD,1.07422924
2012-10-30,EURUSD,1.29790000
2012-10-30,GBPUSD,1.60830000
2012-10-30,JPYUSD,0.01256597
2012-10-31,AUDUSD,1.03700000
2012-10-31,CHFUSD,1.07399850
2012-10-31,EURUSD,1.29580000
2012-10-31,GBPUSD,1.61110000
2012-10-31,JPYUSD,0.01250938
2012-11-01,AUDUSD,1.04020000
2012-11-01,CHFUSD,1.07227107
2012-11-01,EURUSD,1.29370000
2012-11-01,GBPUSD,1.61420000
2012-11-01,JPYUSD,0.01247816
2012-11-02,AUDUSD,1.03670000
2012-11-02,CHFUSD,1.06428267
2012-11-02,EURUSD,1.28480000
2012-11-02,GBPUSD,1.60360000
2012-11-02,JPYUSD,0.01241773
2012-11-05,AUDUSD,1.03700000
2012-11-05,CHFUSD,1.05999576
2012-11-05,EURUSD,1.27900000
2012-11-05,GBPUSD,1.59770000
2012-11-05,JPYUSD,0.01247349
2012-11-06,AUDUSD,1.04380000
2012-11-06,CHFUSD,1.06112054
2012-11-06,EURUSD,1.28180000
2012-11-06,GBPUSD,1.59850000
2012-11-06,JPYUSD,0.01245640
2012-11-07,AUDUSD,1.04080000
2012-11-07,CHFUSD,1.05775333
2012-11-07,EURUSD,1.27590000
2012-11-07,GBPUSD,1.59750000
2012-11-07,JPYUSD,0.01252348
2012-11-08,AUDUSD,1.04290000
2012-11-08,CHFUSD,1.05685902
2012-11-08,EURUSD,1.27400000
2012-11-08,GBPUSD,1.59790000
2012-11-08,JPYUSD,0.01254076
2012-11-09,AUDUSD,1.03950000
2012-11-09,CHFUSD,1.05451861
2012-11-09,EURUSD,1.27150000
2012-11-09,GBPUSD,1.59120000
2012-11-09,JPYUSD,0.01258495
2012-11-13,AUDUSD,1.04340000
2012-11-13,CHFUSD,1.05596621
2012-11-13,EURUSD,1.27160000
2012-11-13,GBPUSD,1.58850000
2012-11-13,JPYUSD,0.01259129
2012-11-14,AUDUSD,1.03970000
2012-11-14,CHFUSD,1.05820106
2012-11-14,EURUSD,1.27400000
2012-11-14,GBPUSD,1.58490000
2012-11-14,JPYUSD,0.01246883
2012-11-15,AUDUSD,1.03150000
2012-11-15,CHFUSD,1.06179656
2012-11-15,EURUSD,1.27830000
2012-11-15,GBPUSD,1.58650000
2012-11-15,JPYUSD,0.01232134
2012-11-16,AUDUSD,1.03180000
2012-11-16,CHFUSD,1.05574324
2012-11-16,EURUSD,1.27150000
2012-11-16,GBPUSD,1.58660000
2012-11-16,JPYUSD,0.01230315
2012-11-19,AUDUSD,1.04060000
2012-11-19,CHFUSD,1.06337729
2012-11-19,EURUSD,1.28060000
2012-11-19,GBPUSD,1.59080000
2012-11-19,JPYUSD,0.01231831
2012-11-20,AUDUSD,1.03830000
2012-11-20,CHFUSD,1.06349038
2012-11-20,EURUSD,1.28140000
2012-11-20,GBPUSD,1.59270000
2012-11-20,JPYUSD,0.01223691
2012-11-21,AUDUSD,1.03440000
2012-11-21,CHFUSD,1.06450926
2012-11-21,EURUSD,1.28160000
2012-11-21,GBPUSD,1.59360000
2012-11-21,JPYUSD,0.01214182
2012-11-23,AUDUSD,1.04510000
2012-11-23,CHFUSD,1.07573150
2012-11-23,EURUSD,1.29590000
2012-11-23,GBPUSD,1.60320000
2012-11-23,JPYUSD,0.01214477
2012-11-26,AUDUSD,1.04500000
2012-11-26,CHFUSD,1.07712193
2012-11-26,EURUSD,1.29660000
2012-11-26,GBPUSD,1.60140000
2012-11-26,JPYUSD,0.01217878
2012-11-27,AUDUSD,1.04610000
2012-11-27,CHFUSD,1.07411386
2012-11-27,EURUSD,1.29400000
2012-11-27,GBPUSD,1.60280000
2012-11-27,JPYUSD,0.01216101
2012-11-28,AUDUSD,1.04700000
2012-11-28,CHFUSD,1.07376785
2012-11-28,EURUSD,1.29230000
2012-11-28,GBPUSD,1.59970000
2012-11-28,JPYUSD,0.01221896
2012-11-29,AUDUSD,1.04230000
2012-11-29,CHFUSD,1.07607877
2012-11-29,EURUSD,1.29530000
2012-11-29,GBPUSD,1.60260000
2012-11-29,JPYUSD,0.01218621
2012-11-30,AUDUSD,1.04290000
2012-11-30,CHFUSD,1.07944732
2012-11-30,EURUSD,1.30100000
2012-11-30,GBPUSD,1.60270000
2012-11-30,JPYUSD,0.01211534
2012-12-03,AUDUSD,1.04330000
2012-12-03,CHFUSD,1.08108108
2012-12-03,EURUSD,1.30660000
2012-12-03,GBPUSD,1.61040000
2012-12-03,JPYUSD,0.01215953
2012-12-04,AUDUSD,1.04770000
2012-12-04,CHFUSD,1.07851596
2012-12-04,EURUSD,1.30810000
2012-12-04,GBPUSD,1.60970000
2012-12-04,JPYUSD,0.01221598
2012-12-05,AUDUSD,1.04600000
2012-12-05,CHFUSD,1.07968041
2012-12-05,EURUSD,1.30770000
2012-12-05,GBPUSD,1.61020000
2012-12-05,JPYUSD,0.01213592
2012-12-06,AUDUSD,1.04910000
2012-12-06,CHFUSD,1.07181136
2012-12-06,EURUSD,1.29680000
2012-12-06,GBPUSD,1.60660000
2012-12-06,JPYUSD,0.01215214
2012-12-07,AUDUSD,1.04860000
2012-12-07,CHFUSD,1.07146684
2012-12-07,EURUSD,1.29420000
2012-12-07,GBPUSD,1.60310000
2012-12-07,JPYUSD,0.01214034
2012-12-10,AUDUSD,1.04920000
2012-12-10,CHFUSD,1.07181136
2012-12-10,EURUSD,1.29300000
2012-12-10,GBPUSD,1.60680000
2012-12-10,JPYUSD,0.01214034
2012-12-11,AUDUSD,1.05180000
2012-12-11,CHFUSD,1.07146684
2012-12-11,EURUSD,1.29920000
2012-12-11,GBPUSD,1.61030000
2012-12-11,JPYUSD,0.01213298
2012-12-12,AUDUSD,1.05390000
2012-12-12,CHFUSD,1.07688994
2012-12-12,EURUSD,1.30380000
2012-12-12,GBPUSD,1.61320000
2012-12-12,JPYUSD,0.01203369
2012-12-13,AUDUSD,1.05290000
2012-12-13,CHFUSD,1.08189982
2012-12-13,EURUSD,1.30770000
2012-12-13,GBPUSD,1.61300000
2012-12-13,JPYUSD,0.01197031
2012-12-14,AUDUSD,1.05550000
2012-12-14,CHFUSD,1.08742932
2012-12-14,EURUSD,1.31340000
2012-12-14,GBPUSD,1.61390000
2012-12-14,JPYUSD,0.01197318
2012-12-17,AUDUSD,1.05480000
2012-12-17,CHFUSD,1.09003706
2012-12-17,EURUSD,1.31690000
2012-12-17,GBPUSD,1.62030000
2012-12-17,JPYUSD,0.01194743
2012-12-18,AUDUSD,1.05270000
2012-12-18,CHFUSD,1.09529025
2012-12-18,EURUSD,1.32240000
2012-12-18,GBPUSD,1.62560000
2012-12-18,JPYUSD,0.01190476
2012-12-19,AUDUSD,1.04970000
2012-12-19,CHFUSD,1.09709270
2012-12-19,EURUSD,1.32600000
2012-12-19,GBPUSD,1.62750000
2012-12-19,JPYUSD,0.01185958
2012-12-20,AUDUSD,1.04780000
2012-12-20,CHFUSD,1.09529025
2012-12-20,EURUSD,1.32240000
2012-12-20,GBPUSD,1.62680000
2012-12-20,JPYUSD,0.01185818
2012-12-21,AUDUSD,1.04200000
2012-12-21,CHFUSD,1.09027475
2012-12-21,EURUSD,1.31660000
2012-12-21,GBPUSD,1.61670000
2012-12-21,JPYUSD,0.01189061
2012-12-24,AUDUSD,1.03700000
2012-12-24,CHFUSD,1.09158389
2012-12-24,EURUSD,1.31790000
2012-12-24,GBPUSD,1.61130000
2012-12-24,JPYUSD,0.01179106
2012-12-26,AUDUSD,1.03500000
2012-12-26,CHFUSD,1.09553024
2012-12-26,EURUSD,1.32280000
2012-12-26,GBPUSD,1.61180000
2012-12-26,JPYUSD,0.01167951
2012-12-27,AUDUSD,1.03600000
2012-12-27,CHFUSD,1.09433136
2012-12-27,EURUSD,1.32280000
2012-12-27,GBPUSD,1.61060000
2012-12-27,JPYUSD,0.01161980
2012-12-28,AUDUSD,1.03840000
2012-12-28,CHFUSD,1.09529025
2012-12-28,EURUSD,1.32200000
2012-12-28,GBPUSD,1.61570000
2012-12-28,JPYUSD,0.01161170
2012-12-31,AUDUSD,1.03930000
2012-12-31,CHFUSD,1.09229929
2012-12-31,EURUSD,1.31860000
2012-12-31,GBPUSD,1.62620000
2012-12-31,JPYUSD,0.01154201
2013-01-02,AUDUSD,1.04920000
2013-01-02,CHFUSD,1.09098844
2013-01-02,EURUSD,1.31950000
2013-01-02,GBPUSD,1.62550000
2013-01-02,JPYUSD,0.01148106
2013-01-03,AUDUSD,1.05150000
2013-01-03,CHFUSD,1.08436348
2013-01-03,EURUSD,1.31100000
2013-01-03,GBPUSD,1.61510000
2013-01-03,JPYUSD,0.01150483
2013-01-04,AUDUSD,1.04540000
2013-01-04,CHFUSD,1.07968041
2013-01-04,EURUSD,1.30470000
2013-01-04,GBPUSD,1.60360000
2013-01-04,JPYUSD,0.01134559
2013-01-07,AUDUSD,1.04790000
2013-01-07,CHFUSD,1.08377588
2013-01-07,EURUSD,1.30990000
2013-01-07,GBPUSD,1.60800000
2013-01-07,JPYUSD,0.01140511
2013-01-08,AUDUSD,1.04860000
2013-01-08,CHFUSD,1.08108108
2013-01-08,EURUSD,1.30680000
2013-01-08,GBPUSD,1.60400000
2013-01-08,JPYUSD,0.01145344
2013-01-09,AUDUSD,1.05180000
2013-01-09,CHFUSD,1.08178278
2013-01-09,EURUSD,1.30780000
2013-01-09,GBPUSD,1.60240000
2013-01-09,JPYUSD,0.01137656
2013-01-10,AUDUSD,1.05790000
2013-01-10,CHFUSD,1.09146475
2013-01-10,EURUSD,1.32200000
2013-01-10,GBPUSD,1.61250000
2013-01-10,JPYUSD,0.01134301
2013-01-11,AUDUSD,1.05380000
2013-01-11,CHFUSD,1.09649123
2013-01-11,EURUSD,1.33530000
2013-01-11,GBPUSD,1.61280000
2013-01-11,JPYUSD,0.01120825
2013-01-14,AUDUSD,1.05610000
2013-01-14,CHFUSD,1.09003706
2013-01-14,EURUSD,1.33690000
2013-01-14,GBPUSD,1.60770000
2013-01-14,JPYUSD,0.01119319
2013-01-15,AUDUSD,1.05590000
2013-01-15,CHFUSD,1.07816712
2013-01-15,EURUSD,1.33420000
2013-01-15,GBPUSD,1.60890000
2013-01-15,JPYUSD,0.01128032
2013-01-16,AUDUSD,1.05630000
2013-01-16,CHFUSD,1.07376785
2013-01-16,EURUSD,1.33050000
2013-01-16,GBPUSD,1.60090000
2013-01-16,JPYUSD,0.01128159
2013-01-17,AUDUSD,1.05400000
2013-01-17,CHFUSD,1.07169650
2013-01-17,EURUSD,1.33560000
2013-01-17,GBPUSD,1.59910000
2013-01-17,JPYUSD,0.01118443
2013-01-18,AUDUSD,1.04950000
2013-01-18,CHFUSD,1.06997646
2013-01-18,EURUSD,1.33030000
2013-01-18,GBPUSD,1.58760000
2013-01-18,JPYUSD,0.01112347
2013-01-22,AUDUSD,1.05570000
2013-01-22,CHFUSD,1.07781850
2013-01-22,EURUSD,1.33040000
2013-01-22,GBPUSD,1.58620000
2013-01-22,JPYUSD,0.01128413
2013-01-23,AUDUSD,1.05550000
2013-01-23,CHFUSD,1.07584723
2013-01-23,EURUSD,1.33080000
2013-01-23,GBPUSD,1.58480000
2013-01-23,JPYUSD,0.01130710
2013-01-24,AUDUSD,1.04670000
2013-01-24,CHFUSD,1.07665805
2013-01-24,EURUSD,1.33780000
2013-01-24,GBPUSD,1.57890000
2013-01-24,JPYUSD,0.01110618
2013-01-25,AUDUSD,1.04210000
2013-01-25,CHFUSD,1.08084738
2013-01-25,EURUSD,1.34560000
2013-01-25,GBPUSD,1.57990000
2013-01-25,JPYUSD,0.01098418
2013-01-28,AUDUSD,1.04010000
2013-01-28,CHFUSD,1.07851596
2013-01-28,EURUSD,1.34590000
2013-01-28,GBPUSD,1.56860000
2013-01-28,JPYUSD,0.01102171
2013-01-29,AUDUSD,1.04660000
2013-01-29,CHFUSD,1.08506944
2013-01-29,EURUSD,1.34840000
2013-01-29,GBPUSD,1.57510000
2013-01-29,JPYUSD,0.01103144
2013-01-30,AUDUSD,1.04220000
2013-01-30,CHFUSD,1.09601052
2013-01-30,EURUSD,1.35640000
2013-01-30,GBPUSD,1.57930000
2013-01-30,JPYUSD,0.01098298
2013-01-31,AUDUSD,1.04330000
2013-01-31,CHFUSD,1.09974706
2013-01-31,EURUSD,1.35840000
2013-01-31,GBPUSD,1.58560000
2013-01-31,JPYUSD,0.01095530
2013-02-01,AUDUSD,1.04120000
2013-02-01,CHFUSD,1.10741971
2013-02-01,EURUSD,1.36920000
2013-02-01,GBPUSD,1.57440000
2013-02-01,JPYUSD,0.01080614
2013-02-04,AUDUSD,1.04220000
2013-02-04,CHFUSD,1.10047320
2013-02-04,EURUSD,1.35270000
2013-02-04,GBPUSD,1.57370000
2013-02-04,JPYUSD,0.01080264
2013-02-05,AUDUSD,1.03890000
2013-02-05,CHFUSD,1.10083664
2013-02-05,EURUSD,1.35690000
2013-02-05,GBPUSD,1.56520000
2013-02-05,JPYUSD,0.01071352
2013-02-06,AUDUSD,1.03220000
2013-02-06,CHFUSD,1.09890110
2013-02-06,EURUSD,1.35280000
2013-02-06,GBPUSD,1.56550000
2013-02-06,JPYUSD,0.01068833
2013-02-07,AUDUSD,1.02850000
2013-02-07,CHFUSD,1.08979948
2013-02-07,EURUSD,1.33820000
2013-02-07,GBPUSD,1.57120000
2013-02-07,JPYUSD,0.01072501
2013-02-08,AUDUSD,1.03190000
2013-02-08,CHFUSD,1.08896875
2013-02-08,EURUSD,1.33660000
2013-02-08,GBPUSD,1.58140000
2013-02-08,JPYUSD,0.01078516
2013-02-11,AUDUSD,1.02860000
2013-02-11,CHFUSD,1.08861311
2013-02-11,EURUSD,1.34140000
2013-02-11,GBPUSD,1.56680000
2013-02-11,JPYUSD,0.01070205
2013-02-12,AUDUSD,1.03080000
2013-02-12,CHFUSD,1.09027475
2013-02-12,EURUSD,1.34500000
2013-02-12,GBPUSD,1.56540000
2013-02-12,JPYUSD,0.01073653
2013-02-13,AUDUSD,1.03450000
2013-02-13,CHFUSD,1.08908734
2013-02-13,EURUSD,1.34480000
2013-02-13,GBPUSD,1.55440000
2013-02-13,JPYUSD,0.01070778
2013-02-14,AUDUSD,1.03490000
2013-02-14,CHFUSD,1.08318891
2013-02-14,EURUSD,1.33340000
2013-02-14,GBPUSD,1.55020000
2013-02-14,JPYUSD,0.01074114
2013-02-15,AUDUSD,1.03040000
2013-02-15,CHFUSD,1.08389334
2013-02-15,EURUSD,1.33620000
2013-02-15,GBPUSD,1.55180000
2013-02-15,JPYUSD,0.01067920
2013-02-19,AUDUSD,1.03500000
2013-02-19,CHFUSD,1.08459870
2013-02-19,EURUSD,1.33870000
2013-02-19,GBPUSD,1.54320000
2013-02-19,JPYUSD,0.01069061
2013-02-20,AUDUSD,1.02860000
2013-02-20,CHFUSD,1.08213397
2013-02-20,EURUSD,1.33500000
2013-02-20,GBPUSD,1.53010000
2013-02-20,JPYUSD,0.01069176
2013-02-21,AUDUSD,1.02510000
2013-02-21,CHFUSD,1.07330686
2013-02-21,EURUSD,1.32040000
2013-02-21,GBPUSD,1.52630000
2013-02-21,JPYUSD,0.01075731
2013-02-22,AUDUSD,1.03180000
2013-02-22,CHFUSD,1.07365257
2013-02-22,EURUSD,1.31660000
2013-02-22,GBPUSD,1.52560000
2013-02-22,JPYUSD,0.01071237
2013-02-25,AUDUSD,1.02840000
2013-02-25,CHFUSD,1.07365257
2013-02-25,EURUSD,1.31720000
2013-02-25,GBPUSD,1.51120000
2013-02-25,JPYUSD,0.01071237
2013-02-26,AUDUSD,1.02080000
2013-02-26,CHFUSD,1.07227107
2013-02-26,EURUSD,1.30540000
2013-02-26,GBPUSD,1.51250000
2013-02-26,JPYUSD,0.01094331
2013-02-27,AUDUSD,1.02020000
2013-02-27,CHFUSD,1.07411386
2013-02-27,EURUSD,1.31040000
2013-02-27,GBPUSD,1.51340000
2013-02-27,JPYUSD,0.01088376
2013-02-28,AUDUSD,1.02410000
2013-02-28,CHFUSD,1.07112254
2013-02-28,EURUSD,1.30790000
2013-02-28,GBPUSD,1.51920000
2013-02-28,JPYUSD,0.01082720
2013-03-01,AUDUSD,1.02100000
2013-03-01,CHFUSD,1.05842506
2013-03-01,EURUSD,1.29880000
2013-03-01,GBPUSD,1.50330000
2013-03-01,JPYUSD,0.01070893
2013-03-04,AUDUSD,1.01640000
2013-03-04,CHFUSD,1.06123315
2013-03-04,EURUSD,1.29960000
2013-03-04,GBPUSD,1.50840000
2013-03-04,JPYUSD,0.01071582
2013-03-05,AUDUSD,1.02370000
2013-03-05,CHFUSD,1.06010813
2013-03-05,EURUSD,1.30190000
2013-03-05,GBPUSD,1.50980000
2013-03-05,JPYUSD,0.01070778
2013-03-06,AUDUSD,1.02480000
2013-03-06,CHFUSD,1.05596621
2013-03-06,EURUSD,1.29900000
2013-03-06,GBPUSD,1.50360000
2013-03-06,JPYUSD,0.01067920
2013-03-07,AUDUSD,1.02630000
2013-03-07,CHFUSD,1.06022053
2013-03-07,EURUSD,1.30980000
2013-03-07,GBPUSD,1.50320000
2013-03-07,JPYUSD,0.01052632
2013-03-08,AUDUSD,1.02270000
2013-03-08,CHFUSD,1.04876770
2013-03-08,EURUSD,1.29920000
2013-03-08,GBPUSD,1.49260000
2013-03-08,JPYUSD,0.01041667
2013-03-11,AUDUSD,1.02640000
2013-03-11,CHFUSD,1.05307498
2013-03-11,EURUSD,1.30140000
2013-03-11,GBPUSD,1.48980000
2013-03-11,JPYUSD,0.01040366
2013-03-12,AUDUSD,1.03170000
2013-03-12,CHFUSD,1.05574324
2013-03-12,EURUSD,1.30230000
2013-03-12,GBPUSD,1.48770000
2013-03-12,JPYUSD,0.01042101
2013-03-13,AUDUSD,1.02940000
2013-03-13,CHFUSD,1.05064089
2013-03-13,EURUSD,1.29490000
2013-03-13,GBPUSD,1.49250000
2013-03-13,JPYUSD,0.01041667
2013-03-14,AUDUSD,1.03870000
2013-03-14,CHFUSD,1.05130362
2013-03-14,EURUSD,1.29740000
2013-03-14,GBPUSD,1.50390000
2013-03-14,JPYUSD,0.01039933
2013-03-15,AUDUSD,1.03980000
2013-03-15,CHFUSD,1.06428267
2013-03-15,EURUSD,1.30760000
2013-03-15,GBPUSD,1.51240000
2013-03-15,JPYUSD,0.01049759
2013-03-18,AUDUSD,1.03930000
2013-03-18,CHFUSD,1.05831305
2013-03-18,EURUSD,1.29560000
2013-03-18,GBPUSD,1.51130000
2013-03-18,JPYUSD,0.01053519
2013-03-19,AUDUSD,1.03630000
2013-03-19,CHFUSD,1.05708245
2013-03-19,EURUSD,1.28880000
2013-03-19,GBPUSD,1.51180000
2013-03-19,JPYUSD,0.01054296
2013-03-20,AUDUSD,1.03890000
2013-03-20,CHFUSD,1.05943426
2013-03-20,EURUSD,1.29500000
2013-03-20,GBPUSD,1.51330000
2013-03-20,JPYUSD,0.01047011
2013-03-21,AUDUSD,1.04390000
2013-03-21,CHFUSD,1.05775333
2013-03-21,EURUSD,1.29280000
2013-03-21,GBPUSD,1.51800000
2013-03-21,JPYUSD,0.01051967
2013-03-22,AUDUSD,1.04470000
2013-03-22,CHFUSD,1.06360349
2013-03-22,EURUSD,1.29960000
2013-03-22,GBPUSD,1.52390000
2013-03-22,JPYUSD,0.01058425
2013-03-25,AUDUSD,1.04520000
2013-03-25,CHFUSD,1.05563180
2013-03-25,EURUSD,1.28810000
2013-03-25,GBPUSD,1.51840000
2013-03-25,JPYUSD,0.01059996
2013-03-26,AUDUSD,1.04840000
2013-03-26,CHFUSD,1.05440742
2013-03-26,EURUSD,1.28580000
2013-03-26,GBPUSD,1.51560000
2013-03-26,JPYUSD,0.01061346
2013-03-27,AUDUSD,1.04350000
2013-03-27,CHFUSD,1.04887770
2013-03-27,EURUSD,1.27820000
2013-03-27,GBPUSD,1.51120000
2013-03-27,JPYUSD,0.01059547
2013-03-28,AUDUSD,1.04270000
2013-03-28,CHFUSD,1.05618927
2013-03-28,EURUSD,1.28420000
2013-03-28,GBPUSD,1.51840000
2013-03-28,JPYUSD,0.01063603
2013-03-29,AUDUSD,1.04090000
2013-03-29,CHFUSD,1.05374078
2013-03-29,EURUSD,1.28160000
2013-03-29,GBPUSD,1.51930000
2013-03-29,JPYUSD,0.01062022
2013-04-01,AUDUSD,1.04210000
2013-04-01,CHFUSD,1.05708245
2013-04-01,EURUSD,1.28570000
2013-04-01,GBPUSD,1.52320000
2013-04-01,JPYUSD,0.01071811
2013-04-02,AUDUSD,1.04570000
2013-04-02,CHFUSD,1.05429626
2013-04-02,EURUSD,1.28360000
2013-04-02,GBPUSD,1.51130000
2013-04-02,JPYUSD,0.01070320
2013-04-03,AUDUSD,1.04810000
2013-04-03,CHFUSD,1.05808909
2013-04-03,EURUSD,1.28470000
2013-04-03,GBPUSD,1.51400000
2013-04-03,JPYUSD,0.01075731
2013-04-04,AUDUSD,1.03970000
2013-04-04,CHFUSD,1.05730598
2013-04-04,EURUSD,1.28540000
2013-04-04,GBPUSD,1.51980000
2013-04-04,JPYUSD,0.01040366
2013-04-05,AUDUSD,1.03850000
2013-04-05,CHFUSD,1.07250107
2013-04-05,EURUSD,1.30270000
2013-04-05,GBPUSD,1.53360000
2013-04-05,JPYUSD,0.01032418
2013-04-08,AUDUSD,1.03890000
2013-04-08,CHFUSD,1.06997646
2013-04-08,EURUSD,1.30080000
2013-04-08,GBPUSD,1.52570000
2013-04-08,JPYUSD,0.01011122
2013-04-09,AUDUSD,1.04900000
2013-04-09,CHFUSD,1.07330686
2013-04-09,EURUSD,1.30920000
2013-04-09,GBPUSD,1.53170000
2013-04-09,JPYUSD,0.01009897
2013-04-10,AUDUSD,1.05390000
2013-04-10,CHFUSD,1.07146684
2013-04-10,EURUSD,1.30600000
2013-04-10,GBPUSD,1.53150000
2013-04-10,JPYUSD,0.01003915
2013-04-11,AUDUSD,1.05640000
2013-04-11,CHFUSD,1.07596299
2013-04-11,EURUSD,1.31240000
2013-04-11,GBPUSD,1.54030000
2013-04-11,JPYUSD,0.01005834
2013-04-12,AUDUSD,1.05030000
2013-04-12,CHFUSD,1.07642626
2013-04-12,EURUSD,1.30940000
2013-04-12,GBPUSD,1.53730000
2013-04-12,JPYUSD,0.01010305
2013-04-15,AUDUSD,1.03930000
2013-04-15,CHFUSD,1.07492207
2013-04-15,EURUSD,1.30820000
2013-04-15,GBPUSD,1.53200000
2013-04-15,JPYUSD,0.01020408
2013-04-16,AUDUSD,1.03660000
2013-04-16,CHFUSD,1.08038029
2013-04-16,EURUSD,1.31410000
2013-04-16,GBPUSD,1.53160000
2013-04-16,JPYUSD,0.01021868
2013-04-17,AUDUSD,1.03060000
2013-04-17,CHFUSD,1.07457554
2013-04-17,EURUSD,1.30490000
2013-04-17,GBPUSD,1.52550000
2013-04-17,JPYUSD,0.01023123
2013-04-18,AUDUSD,1.03010000
2013-04-18,CHFUSD,1.07457554
2013-04-18,EURUSD,1.30720000
2013-04-18,GBPUSD,1.52820000
2013-04-18,JPYUSD,0.01018123
2013-04-19,AUDUSD,1.02970000
2013-04-19,CHFUSD,1.07250107
2013-04-19,EURUSD,1.30660000
2013-04-19,GBPUSD,1.52540000
2013-04-19,JPYUSD,0.01007252
2013-04-22,AUDUSD,1.02550000
2013-04-22,CHFUSD,1.06963312
2013-04-22,EURUSD,1.30500000
2013-04-22,GBPUSD,1.52620000
2013-04-22,JPYUSD,0.01007151
2013-04-23,AUDUSD,1.02620000
2013-04-23,CHFUSD,1.06078286
2013-04-23,EURUSD,1.30120000
2013-04-23,GBPUSD,1.52670000
2013-04-23,JPYUSD,0.01005733
2013-04-24,AUDUSD,1.02560000
2013-04-24,CHFUSD,1.05440742
2013-04-24,EURUSD,1.29970000
2013-04-24,GBPUSD,1.52580000
2013-04-24,JPYUSD,0.01006137
2013-04-25,AUDUSD,1.03080000
2013-04-25,CHFUSD,1.05764146
2013-04-25,EURUSD,1.30040000
2013-04-25,GBPUSD,1.54340000
2013-04-25,JPYUSD,0.01005834
2013-04-26,AUDUSD,1.02750000
2013-04-26,CHFUSD,1.06224772
2013-04-26,EURUSD,1.30240000
2013-04-26,GBPUSD,1.54790000
2013-04-26,JPYUSD,0.01022077
2013-04-29,AUDUSD,1.03480000
2013-04-29,CHFUSD,1.06723586
2013-04-29,EURUSD,1.30900000
2013-04-29,GBPUSD,1.54970000
2013-04-29,JPYUSD,0.01019472
2013-04-30,AUDUSD,1.03720000
2013-04-30,CHFUSD,1.07550011
2013-04-30,EURUSD,1.31680000
2013-04-30,GBPUSD,1.55390000
2013-04-30,JPYUSD,0.01025431
2013-05-01,AUDUSD,1.02850000
2013-05-01,CHFUSD,1.07898144
2013-05-01,EURUSD,1.31920000
2013-05-01,GBPUSD,1.55780000
2013-05-01,JPYUSD,0.01027961
2013-05-02,AUDUSD,1.02600000
2013-05-02,CHFUSD,1.06974754
2013-05-02,EURUSD,1.30660000
2013-05-02,GBPUSD,1.55190000
2013-05-02,JPYUSD,0.01020825
2013-05-03,AUDUSD,1.03130000
2013-05-03,CHFUSD,1.07066381
2013-05-03,EURUSD,1.31120000
2013-05-03,GBPUSD,1.55630000
2013-05-03,JPYUSD,0.01009082
2013-05-06,AUDUSD,1.02480000
2013-05-06,CHFUSD,1.06462259
2013-05-06,EURUSD,1.30670000
2013-05-06,GBPUSD,1.55380000
2013-05-06,JPYUSD,0.01006543
2013-05-07,AUDUSD,1.01620000
2013-05-07,CHFUSD,1.06360349
2013-05-07,EURUSD,1.30850000
2013-05-07,GBPUSD,1.54680000
2013-05-07,JPYUSD,0.01010101
2013-05-08,AUDUSD,1.01830000
2013-05-08,CHFUSD,1.06963312
2013-05-08,EURUSD,1.31770000
2013-05-08,GBPUSD,1.55630000
2013-05-08,JPYUSD,0.01011122
2013-05-09,AUDUSD,1.01920000
2013-05-09,CHFUSD,1.06315118
2013-05-09,EURUSD,1.31050000
2013-05-09,GBPUSD,1.55020000
2013-05-09,JPYUSD,0.01007151
2013-05-10,AUDUSD,0.99870000
2013-05-10,CHFUSD,1.04231812
2013-05-10,EURUSD,1.29550000
2013-05-10,GBPUSD,1.53340000
2013-05-10,JPYUSD,0.00982898
2013-05-13,AUDUSD,0.99650000
2013-05-13,CHFUSD,1.04427736
2013-05-13,EURUSD,1.29810000
2013-05-13,GBPUSD,1.52910000
2013-05-13,JPYUSD,0.00981932
2013-05-14,AUDUSD,0.99030000
2013-05-14,CHFUSD,1.04144970
2013-05-14,EURUSD,1.29690000
2013-05-14,GBPUSD,1.52580000
2013-05-14,JPYUSD,0.00978665
2013-05-15,AUDUSD,0.98840000
2013-05-15,CHFUSD,1.03305785
2013-05-15,EURUSD,1.28570000
2013-05-15,GBPUSD,1.51980000
2013-05-15,JPYUSD,0.00976181
2013-05-16,AUDUSD,0.98460000
2013-05-16,CHFUSD,1.03971720
2013-05-16,EURUSD,1.28980000
2013-05-16,GBPUSD,1.53020000
2013-05-16,JPYUSD,0.00978282
2013-05-17,AUDUSD,0.97370000
2013-05-17,CHFUSD,1.02764361
2013-05-17,EURUSD,1.28180000
2013-05-17,GBPUSD,1.51730000
2013-05-17,JPYUSD,0.00971062
2013-05-20,AUDUSD,0.97880000
2013-05-20,CHFUSD,1.03359173
2013-05-20,EURUSD,1.28650000
2013-05-20,GBPUSD,1.52230000
2013-05-20,JPYUSD,0.00975229
2013-05-21,AUDUSD,0.98000000
2013-05-21,CHFUSD,1.03305785
2013-05-21,EURUSD,1.29100000
2013-05-21,GBPUSD,1.51700000
2013-05-21,JPYUSD,0.00976944
2013-05-22,AUDUSD,0.96860000
2013-05-22,CHFUSD,1.01895252
2013-05-22,EURUSD,1.28640000
2013-05-22,GBPUSD,1.50380000
2013-05-22,JPYUSD,0.00965997
2013-05-23,AUDUSD,0.97590000
2013-05-23,CHFUSD,1.03434009
2013-05-23,EURUSD,1.29440000
2013-05-23,GBPUSD,1.51200000
2013-05-23,JPYUSD,0.00983671
2013-05-24,AUDUSD,0.96750000
2013-05-24,CHFUSD,1.03939299
2013-05-24,EURUSD,1.29200000
2013-05-24,GBPUSD,1.51260000
2013-05-24,JPYUSD,0.00990295
2013-05-28,AUDUSD,0.96420000
2013-05-28,CHFUSD,1.02732690
2013-05-28,EURUSD,1.28700000
2013-05-28,GBPUSD,1.50610000
2013-05-28,JPYUSD,0.00979720
2013-05-29,AUDUSD,0.96320000
2013-05-29,CHFUSD,1.04025798
2013-05-29,EURUSD,1.29440000
2013-05-29,GBPUSD,1.51210000
2013-05-29,JPYUSD,0.00990982
2013-05-30,AUDUSD,0.96620000
2013-05-30,CHFUSD,1.04624398
2013-05-30,EURUSD,1.30420000
2013-05-30,GBPUSD,1.52070000
2013-05-30,JPYUSD,0.00989511
2013-05-31,AUDUSD,0.96080000
2013-05-31,CHFUSD,1.04351456
2013-05-31,EURUSD,1.29880000
2013-05-31,GBPUSD,1.51850000
2013-05-31,JPYUSD,0.00991768
2013-06-03,AUDUSD,0.97700000
2013-06-03,CHFUSD,1.05909765
2013-06-03,EURUSD,1.30980000
2013-06-03,GBPUSD,1.53490000
2013-06-03,JPYUSD,0.01008268
2013-06-04,AUDUSD,0.96400000
2013-06-04,CHFUSD,1.05429626
2013-06-04,EURUSD,1.30750000
2013-06-04,GBPUSD,1.53040000
2013-06-04,JPYUSD,0.00998502
2013-06-05,AUDUSD,0.95330000
2013-06-05,CHFUSD,1.06134579
2013-06-05,EURUSD,1.30880000
2013-06-05,GBPUSD,1.53920000
2013-06-05,JPYUSD,0.01008471
2013-06-06,AUDUSD,0.95920000
2013-06-06,CHFUSD,1.07526882
2013-06-06,EURUSD,1.32480000
2013-06-06,GBPUSD,1.56010000
2013-06-06,JPYUSD,0.01022913
2013-06-07,AUDUSD,0.94940000
2013-06-07,CHFUSD,1.07043460
2013-06-07,EURUSD,1.32420000
2013-06-07,GBPUSD,1.55580000
2013-06-07,JPYUSD,0.01028807
2013-06-10,AUDUSD,0.94690000
2013-06-10,CHFUSD,1.06871861
2013-06-10,EURUSD,1.32340000
2013-06-10,GBPUSD,1.55560000
2013-06-10,JPYUSD,0.01011327
2013-06-11,AUDUSD,0.94210000
2013-06-11,CHFUSD,1.07863229
2013-06-11,EURUSD,1.32780000
2013-06-11,GBPUSD,1.55870000
2013-06-11,JPYUSD,0.01032844
2013-06-12,AUDUSD,0.95130000
2013-06-12,CHFUSD,1.08920597
2013-06-12,EURUSD,1.33540000
2013-06-12,GBPUSD,1.56970000
2013-06-12,JPYUSD,0.01048658
2013-06-13,AUDUSD,0.96010000
2013-06-13,CHFUSD,1.08295430
2013-06-13,EURUSD,1.33140000
2013-06-13,GBPUSD,1.56980000
2013-06-13,JPYUSD,0.01060558
2013-06-14,AUDUSD,0.95870000
2013-06-14,CHFUSD,1.08436348
2013-06-14,EURUSD,1.33300000
2013-06-14,GBPUSD,1.56860000
2013-06-14,JPYUSD,0.01059996
2013-06-17,AUDUSD,0.95410000
2013-06-17,CHFUSD,1.08061379
2013-06-17,EURUSD,1.33410000
2013-06-17,GBPUSD,1.57090000
2013-06-17,JPYUSD,0.01054074
2013-06-18,AUDUSD,0.94930000
2013-06-18,CHFUSD,1.08861311
2013-06-18,EURUSD,1.34070000
2013-06-18,GBPUSD,1.56250000
2013-06-18,JPYUSD,0.01050420
2013-06-19,AUDUSD,0.95360000
2013-06-19,CHFUSD,1.08790252
2013-06-19,EURUSD,1.34040000
2013-06-19,GBPUSD,1.56570000
2013-06-19,JPYUSD,0.01050200
2013-06-20,AUDUSD,0.91880000
2013-06-20,CHFUSD,1.07573150
2013-06-20,EURUSD,1.32140000
2013-06-20,GBPUSD,1.54690000
2013-06-20,JPYUSD,0.01018537
2013-06-21,AUDUSD,0.91910000
2013-06-21,CHFUSD,1.06906136
2013-06-21,EURUSD,1.31130000
2013-06-21,GBPUSD,1.53730000
2013-06-21,JPYUSD,0.01025851
2013-06-24,AUDUSD,0.92360000
2013-06-24,CHFUSD,1.07009096
2013-06-24,EURUSD,1.30910000
2013-06-24,GBPUSD,1.54040000
2013-06-24,JPYUSD,0.01023541
2013-06-25,AUDUSD,0.92480000
2013-06-25,CHFUSD,1.06518960
2013-06-25,EURUSD,1.30800000
2013-06-25,GBPUSD,1.54180000
2013-06-25,JPYUSD,0.01021764
2013-06-26,AUDUSD,0.92910000
2013-06-26,CHFUSD,1.06022053
2013-06-26,EURUSD,1.30060000
2013-06-26,GBPUSD,1.53320000
2013-06-26,JPYUSD,0.01026378
2013-06-27,AUDUSD,0.92820000
2013-06-27,CHFUSD,1.05663567
2013-06-27,EURUSD,1.30160000
2013-06-27,GBPUSD,1.52350000
2013-06-27,JPYUSD,0.01016260
2013-06-28,AUDUSD,0.91650000
2013-06-28,CHFUSD,1.05820106
2013-06-28,EURUSD,1.30100000
2013-06-28,GBPUSD,1.52100000
2013-06-28,JPYUSD,0.01007963
2013-07-01,AUDUSD,0.92470000
2013-07-01,CHFUSD,1.05797715
2013-07-01,EURUSD,1.30600000
2013-07-01,GBPUSD,1.52470000
2013-07-01,JPYUSD,0.01003814
2013-07-02,AUDUSD,0.91580000
2013-07-02,CHFUSD,1.05351875
2013-07-02,EURUSD,1.30170000
2013-07-02,GBPUSD,1.51710000
2013-07-02,JPYUSD,0.00995718
2013-07-03,AUDUSD,0.90870000
2013-07-03,CHFUSD,1.05540897
2013-07-03,EURUSD,1.30050000
2013-07-03,GBPUSD,1.52640000
2013-07-03,JPYUSD,0.01001803
2013-07-05,AUDUSD,0.90700000
2013-07-05,CHFUSD,1.03906899
2013-07-05,EURUSD,1.28310000
2013-07-05,GBPUSD,1.49100000
2013-07-05,JPYUSD,0.00990688
2013-07-08,AUDUSD,0.91140000
2013-07-08,CHFUSD,1.03691414
2013-07-08,EURUSD,1.28630000
2013-07-08,GBPUSD,1.49320000
2013-07-08,JPYUSD,0.00989413
2013-07-09,AUDUSD,0.91610000
2013-07-09,CHFUSD,1.02711586
2013-07-09,EURUSD,1.27740000
2013-07-09,GBPUSD,1.48370000
2013-07-09,JPYUSD,0.00989315
2013-07-10,AUDUSD,0.91450000
2013-07-10,CHFUSD,1.03284445
2013-07-10,EURUSD,1.28460000
2013-07-10,GBPUSD,1.49350000
2013-07-10,JPYUSD,0.00999001
2013-07-11,AUDUSD,0.91490000
2013-07-11,CHFUSD,1.05307498
2013-07-11,EURUSD,1.30460000
2013-07-11,GBPUSD,1.51270000
2013-07-11,JPYUSD,0.01012146
2013-07-12,AUDUSD,0.90490000
2013-07-12,CHFUSD,1.05618927
2013-07-12,EURUSD,1.30480000
2013-07-12,GBPUSD,1.51080000
2013-07-12,JPYUSD,0.01006137
2013-07-15,AUDUSD,0.90860000
2013-07-15,CHFUSD,1.05174590
2013-07-15,EURUSD,1.30390000
2013-07-15,GBPUSD,1.50880000
2013-07-15,JPYUSD,0.00999600
2013-07-16,AUDUSD,0.92260000
2013-07-16,CHFUSD,1.06292517
2013-07-16,EURUSD,1.31440000
2013-07-16,GBPUSD,1.51220000
2013-07-16,JPYUSD,0.01006340
2013-07-17,AUDUSD,0.92090000
2013-07-17,CHFUSD,1.06067034
2013-07-17,EURUSD,1.30940000
2013-07-17,GBPUSD,1.51840000
2013-07-17,JPYUSD,0.01003009
2013-07-18,AUDUSD,0.91520000
2013-07-18,CHFUSD,1.05618927
2013-07-18,EURUSD,1.30780000
2013-07-18,GBPUSD,1.51930000
2013-07-18,JPYUSD,0.00994036
2013-07-19,AUDUSD,0.92000000
2013-07-19,CHFUSD,1.06371663
2013-07-19,EURUSD,1.31420000
2013-07-19,GBPUSD,1.52600000
2013-07-19,JPYUSD,0.00997009
2013-07-22,AUDUSD,0.92520000
2013-07-22,CHFUSD,1.06871861
2013-07-22,EURUSD,1.31930000
2013-07-22,GBPUSD,1.53660000
2013-07-22,JPYUSD,0.01004016
2013-07-23,AUDUSD,0.92590000
2013-07-23,CHFUSD,1.06746371
2013-07-23,EURUSD,1.32120000
2013-07-23,GBPUSD,1.53540000
2013-07-23,JPYUSD,0.01002406
2013-07-24,AUDUSD,0.91860000
2013-07-24,CHFUSD,1.06906136
2013-07-24,EURUSD,1.32280000
2013-07-24,GBPUSD,1.53670000
2013-07-24,JPYUSD,0.00997904
2013-07-25,AUDUSD,0.91920000
2013-07-25,CHFUSD,1.07112254
2013-07-25,EURUSD,1.32340000
2013-07-25,GBPUSD,1.53330000
2013-07-25,JPYUSD,0.01004419
2013-07-26,AUDUSD,0.92420000
2013-07-26,CHFUSD,1.07654215
2013-07-26,EURUSD,1.32690000
2013-07-26,GBPUSD,1.53680000
2013-07-26,JPYUSD,0.01017915
2013-07-29,AUDUSD,0.92100000
2013-07-29,CHFUSD,1.07434465
2013-07-29,EURUSD,1.32620000
2013-07-29,GBPUSD,1.53550000
2013-07-29,JPYUSD,0.01022495
2013-07-30,AUDUSD,0.90600000
2013-07-30,CHFUSD,1.07550011
2013-07-30,EURUSD,1.32660000
2013-07-30,GBPUSD,1.52440000
2013-07-30,JPYUSD,0.01020200
2013-07-31,AUDUSD,0.89570000
2013-07-31,CHFUSD,1.07712193
2013-07-31,EURUSD,1.32820000
2013-07-31,GBPUSD,1.51770000
2013-07-31,JPYUSD,0.01016777
2013-08-01,AUDUSD,0.89190000
2013-08-01,CHFUSD,1.06917567
2013-08-01,EURUSD,1.32170000
2013-08-01,GBPUSD,1.51450000
2013-08-01,JPYUSD,0.01007049
2013-08-02,AUDUSD,0.89010000
2013-08-02,CHFUSD,1.07607877
2013-08-02,EURUSD,1.32680000
2013-08-02,GBPUSD,1.52770000
2013-08-02,JPYUSD,0.01009693
2013-08-05,AUDUSD,0.89140000
2013-08-05,CHFUSD,1.07503763
2013-08-05,EURUSD,1.32570000
2013-08-05,GBPUSD,1.53470000
2013-08-05,JPYUSD,0.01014816
2013-08-06,AUDUSD,0.89720000
2013-08-06,CHFUSD,1.07921433
2013-08-06,EURUSD,1.32960000
2013-08-06,GBPUSD,1.53670000
2013-08-06,JPYUSD,0.01021972
2013-08-07,AUDUSD,0.90140000
2013-08-07,CHFUSD,1.08436348
2013-08-07,EURUSD,1.33290000
2013-08-07,GBPUSD,1.55140000
2013-08-07,JPYUSD,0.01033912
2013-08-08,AUDUSD,0.91110000
2013-08-08,CHFUSD,1.08766587
2013-08-08,EURUSD,1.33920000
2013-08-08,GBPUSD,1.55550000
2013-08-08,JPYUSD,0.01041341
2013-08-09,AUDUSD,0.91870000
2013-08-09,CHFUSD,1.08448108
2013-08-09,EURUSD,1.33380000
2013-08-09,GBPUSD,1.55070000
2013-08-09,JPYUSD,0.01039069
2013-08-12,AUDUSD,0.91770000
2013-08-12,CHFUSD,1.08131488
2013-08-12,EURUSD,1.33120000
2013-08-12,GBPUSD,1.54750000
2013-08-12,JPYUSD,0.01036914
2013-08-13,AUDUSD,0.90930000
2013-08-13,CHFUSD,1.07066381
2013-08-13,EURUSD,1.32470000
2013-08-13,GBPUSD,1.54510000
2013-08-13,JPYUSD,0.01019784
2013-08-14,AUDUSD,0.91400000
2013-08-14,CHFUSD,1.06906136
2013-08-14,EURUSD,1.32560000
2013-08-14,GBPUSD,1.55310000
2013-08-14,JPYUSD,0.01018849
2013-08-15,AUDUSD,0.91050000
2013-08-15,CHFUSD,1.07135205
2013-08-15,EURUSD,1.32630000
2013-08-15,GBPUSD,1.55730000
2013-08-15,JPYUSD,0.01022390
2013-08-16,AUDUSD,0.91930000
2013-08-16,CHFUSD,1.07886503
2013-08-16,EURUSD,1.33210000
2013-08-16,GBPUSD,1.56210000
2013-08-16,JPYUSD,0.01024590
2013-08-19,AUDUSD,0.91320000
2013-08-19,CHFUSD,1.08143182
2013-08-19,EURUSD,1.33480000
2013-08-19,GBPUSD,1.56650000
2013-08-19,JPYUSD,0.01021033
2013-08-20,AUDUSD,0.90940000
2013-08-20,CHFUSD,1.08956200
2013-08-20,EURUSD,1.34260000
2013-08-20,GBPUSD,1.56780000
2013-08-20,JPYUSD,0.01029654
2013-08-21,AUDUSD,0.90130000
2013-08-21,CHFUSD,1.08565845
2013-08-21,EURUSD,1.33680000
2013-08-21,GBPUSD,1.56780000
2013-08-21,JPYUSD,0.01023961
2013-08-22,AUDUSD,0.90260000
2013-08-22,CHFUSD,1.08271979
2013-08-22,EURUSD,1.33620000
2013-08-22,GBPUSD,1.55800000
2013-08-22,JPYUSD,0.01014919
2013-08-23,AUDUSD,0.90380000
2013-08-23,CHFUSD,1.08613012
2013-08-23,EURUSD,1.33920000
2013-08-23,GBPUSD,1.55780000
2013-08-23,JPYUSD,0.01014507
2013-08-26,AUDUSD,0.90390000
2013-08-26,CHFUSD,1.08354101
2013-08-26,EURUSD,1.33690000
2013-08-26,GBPUSD,1.55680000
2013-08-26,JPYUSD,0.01013788
2013-08-27,AUDUSD,0.89640000
2013-08-27,CHFUSD,1.08861311
2013-08-27,EURUSD,1.33870000
2013-08-27,GBPUSD,1.55280000
2013-08-27,JPYUSD,0.01027749
2013-08-28,AUDUSD,0.89490000
2013-08-28,CHFUSD,1.08448108
2013-08-28,EURUSD,1.33260000
2013-08-28,GBPUSD,1.55200000
2013-08-28,JPYUSD,0.01024066
2013-08-29,AUDUSD,0.89240000
2013-08-29,CHFUSD,1.07342207
2013-08-29,EURUSD,1.32280000
2013-08-29,GBPUSD,1.54880000
2013-08-29,JPYUSD,0.01015641
2013-08-30,AUDUSD,0.89010000
2013-08-30,CHFUSD,1.07376785
2013-08-30,EURUSD,1.31960000
2013-08-30,GBPUSD,1.54680000
2013-08-30,JPYUSD,0.01018123
2013-09-03,AUDUSD,0.90550000
2013-09-03,CHFUSD,1.06803375
2013-09-03,EURUSD,1.31640000
2013-09-03,GBPUSD,1.55440000
2013-09-03,JPYUSD,0.01005733
2013-09-04,AUDUSD,0.91870000
2013-09-04,CHFUSD,1.06883283
2013-09-04,EURUSD,1.32120000
2013-09-04,GBPUSD,1.56430000
2013-09-04,JPYUSD,0.01003915
2013-09-05,AUDUSD,0.91320000
2013-09-05,CHFUSD,1.05965879
2013-09-05,EURUSD,1.31200000
2013-09-05,GBPUSD,1.55930000
2013-09-05,JPYUSD,0.00999201
2013-09-06,AUDUSD,0.92050000
2013-09-06,CHFUSD,1.06553010
2013-09-06,EURUSD,1.31660000
2013-09-06,GBPUSD,1.56330000
2013-09-06,JPYUSD,0.01009693
2013-09-09,AUDUSD,0.92330000
2013-09-09,CHFUSD,1.07365257
2013-09-09,EURUSD,1.32600000
2013-09-09,GBPUSD,1.57240000
2013-09-09,JPYUSD,0.01004520
2013-09-10,AUDUSD,0.92890000
2013-09-10,CHFUSD,1.07020548
2013-09-10,EURUSD,1.32600000
2013-09-10,GBPUSD,1.57310000
2013-09-10,JPYUSD,0.00997805
2013-09-11,AUDUSD,0.93120000
2013-09-11,CHFUSD,1.07365257
2013-09-11,EURUSD,1.33010000
2013-09-11,GBPUSD,1.58070000
2013-09-11,JPYUSD,0.00999201
2013-09-12,AUDUSD,0.92710000
2013-09-12,CHFUSD,1.07688994
2013-09-12,EURUSD,1.33150000
2013-09-12,GBPUSD,1.58190000
2013-09-12,JPYUSD,0.01007658
2013-09-13,AUDUSD,0.92430000
2013-09-13,CHFUSD,1.07307651
2013-09-13,EURUSD,1.32760000
2013-09-13,GBPUSD,1.58610000
2013-09-13,JPYUSD,0.01006239
2013-09-16,AUDUSD,0.93310000
2013-09-16,CHFUSD,1.08014690
2013-09-16,EURUSD,1.33500000
2013-09-16,GBPUSD,1.59270000
2013-09-16,JPYUSD,0.01010305
2013-09-17,AUDUSD,0.93640000
2013-09-17,CHFUSD,1.07921433
2013-09-17,EURUSD,1.33570000
2013-09-17,GBPUSD,1.59010000
2013-09-17,JPYUSD,0.01008471
2013-09-18,AUDUSD,0.93440000
2013-09-18,CHFUSD,1.07991361
2013-09-18,EURUSD,1.33510000
2013-09-18,GBPUSD,1.59650000
2013-09-18,JPYUSD,0.01009693
2013-09-19,AUDUSD,0.94440000
2013-09-19,CHFUSD,1.09745391
2013-09-19,EURUSD,1.35270000
2013-09-19,GBPUSD,1.60430000
2013-09-19,JPYUSD,0.01006745
2013-09-20,AUDUSD,0.93970000
2013-09-20,CHFUSD,1.09841828
2013-09-20,EURUSD,1.35220000
2013-09-20,GBPUSD,1.60210000
2013-09-20,JPYUSD,0.01006239
2013-09-23,AUDUSD,0.94440000
2013-09-23,CHFUSD,1.09890110
2013-09-23,EURUSD,1.35200000
2013-09-23,GBPUSD,1.60660000
2013-09-23,JPYUSD,0.01012556
2013-09-24,AUDUSD,0.94040000
2013-09-24,CHFUSD,1.09721308
2013-09-24,EURUSD,1.34900000
2013-09-24,GBPUSD,1.60060000
2013-09-24,JPYUSD,0.01012556
2013-09-25,AUDUSD,0.93860000
2013-09-25,CHFUSD,1.10107906
2013-09-25,EURUSD,1.35360000
2013-09-25,GBPUSD,1.60800000
2013-09-25,JPYUSD,0.01013993
2013-09-26,AUDUSD,0.93540000
2013-09-26,CHFUSD,1.09829764
2013-09-26,EURUSD,1.34840000
2013-09-26,GBPUSD,1.60120000
2013-09-26,JPYUSD,0.01010611
2013-09-27,AUDUSD,0.93240000
2013-09-27,CHFUSD,1.10497238
2013-09-27,EURUSD,1.35370000
2013-09-27,GBPUSD,1.61350000
2013-09-27,JPYUSD,0.01017294
2013-09-30,AUDUSD,0.93420000
2013-09-30,CHFUSD,1.10607234
2013-09-30,EURUSD,1.35350000
2013-09-30,GBPUSD,1.61790000
2013-09-30,JPYUSD,0.01017397
2013-10-01,AUDUSD,0.93870000
2013-10-01,CHFUSD,1.10326567
2013-10-01,EURUSD,1.35340000
2013-10-01,GBPUSD,1.62080000
2013-10-01,JPYUSD,0.01019888
2013-10-02,AUDUSD,0.93660000
2013-10-02,CHFUSD,1.10901630
2013-10-02,EURUSD,1.35920000
2013-10-02,GBPUSD,1.62240000
2013-10-02,JPYUSD,0.01027116
2013-10-03,AUDUSD,0.93820000
2013-10-03,CHFUSD,1.11457869
2013-10-03,EURUSD,1.36420000
2013-10-03,GBPUSD,1.61690000
2013-10-03,JPYUSD,0.01030078
2013-10-04,AUDUSD,0.94430000
2013-10-04,CHFUSD,1.10472824
2013-10-04,EURUSD,1.35820000
2013-10-04,GBPUSD,1.60690000
2013-10-04,JPYUSD,0.01028807
2013-10-07,AUDUSD,0.94360000
2013-10-07,CHFUSD,1.10497238
2013-10-07,EURUSD,1.35690000
2013-10-07,GBPUSD,1.60820000
2013-10-07,JPYUSD,0.01030715
2013-10-08,AUDUSD,0.94490000
2013-10-08,CHFUSD,1.10619469
2013-10-08,EURUSD,1.35820000
2013-10-08,GBPUSD,1.60890000
2013-10-08,JPYUSD,0.01031566
2013-10-09,AUDUSD,0.94340000
2013-10-09,CHFUSD,1.09841828
2013-10-09,EURUSD,1.35130000
2013-10-09,GBPUSD,1.59430000
2013-10-09,JPYUSD,0.01028489
2013-10-10,AUDUSD,0.94660000
2013-10-10,CHFUSD,1.09841828
2013-10-10,EURUSD,1.35350000
2013-10-10,GBPUSD,1.59750000
2013-10-10,JPYUSD,0.01019472
2013-10-11,AUDUSD,0.94730000
2013-10-11,CHFUSD,1.09853894
2013-10-11,EURUSD,1.35590000
2013-10-11,GBPUSD,1.59450000
2013-10-11,JPYUSD,0.01016054
2013-10-15,AUDUSD,0.95230000
2013-10-15,CHFUSD,1.09265734
2013-10-15,EURUSD,1.34940000
2013-10-15,GBPUSD,1.59740000
2013-10-15,JPYUSD,0.01014405
2013-10-16,AUDUSD,0.95290000
2013-10-16,CHFUSD,1.09134563
2013-10-16,EURUSD,1.34900000
2013-10-16,GBPUSD,1.59040000
2013-10-16,JPYUSD,0.01011122
2013-10-17,AUDUSD,0.96420000
2013-10-17,CHFUSD,1.10766504
2013-10-17,EURUSD,1.36640000
2013-10-17,GBPUSD,1.61660000
2013-10-17,JPYUSD,0.01021972
2013-10-18,AUDUSD,0.96710000
2013-10-18,CHFUSD,1.10950849
2013-10-18,EURUSD,1.36930000
2013-10-18,GBPUSD,1.61840000
2013-10-18,JPYUSD,0.01022809
2013-10-21,AUDUSD,0.96620000
2013-10-21,CHFUSD,1.10877037
2013-10-21,EURUSD,1.36720000
2013-10-21,GBPUSD,1.61490000
2013-10-21,JPYUSD,0.01018953
2013-10-22,AUDUSD,0.97050000
2013-10-22,CHFUSD,1.11769308
2013-10-22,EURUSD,1.37780000
2013-10-22,GBPUSD,1.62210000
2013-10-22,JPYUSD,0.01018537
2013-10-23,AUDUSD,0.96320000
2013-10-23,CHFUSD,1.12132765
2013-10-23,EURUSD,1.37860000
2013-10-23,GBPUSD,1.61710000
2013-10-23,JPYUSD,0.01027961
2013-10-24,AUDUSD,0.96010000
2013-10-24,CHFUSD,1.12157918
2013-10-24,EURUSD,1.38100000
2013-10-24,GBPUSD,1.61860000
2013-10-24,JPYUSD,0.01027116
2013-10-25,AUDUSD,0.95780000
2013-10-25,CHFUSD,1.11869337
2013-10-25,EURUSD,1.37940000
2013-10-25,GBPUSD,1.61580000
2013-10-25,JPYUSD,0.01026062
2013-10-28,AUDUSD,0.95690000
2013-10-28,CHFUSD,1.11681930
2013-10-28,EURUSD,1.37860000
2013-10-28,GBPUSD,1.61310000
2013-10-28,JPYUSD,0.01023541
2013-10-29,AUDUSD,0.94980000
2013-10-29,CHFUSD,1.11333779
2013-10-29,EURUSD,1.37700000
2013-10-29,GBPUSD,1.60590000
2013-10-29,JPYUSD,0.01019472
2013-10-30,AUDUSD,0.94910000
2013-10-30,CHFUSD,1.11557340
2013-10-30,EURUSD,1.37710000
2013-10-30,GBPUSD,1.60780000
2013-10-30,JPYUSD,0.01018953
2013-10-31,AUDUSD,0.94710000
2013-10-31,CHFUSD,1.10424028
2013-10-31,EURUSD,1.35940000
2013-10-31,GBPUSD,1.60680000
2013-10-31,JPYUSD,0.01019368
2013-11-01,AUDUSD,0.94380000
2013-11-01,CHFUSD,1.09601052
2013-11-01,EURUSD,1.34880000
2013-11-01,GBPUSD,1.59220000
2013-11-01,JPYUSD,0.01012351
2013-11-04,AUDUSD,0.95100000
2013-11-04,CHFUSD,1.09817703
2013-11-04,EURUSD,1.35160000
2013-11-04,GBPUSD,1.59500000
2013-11-04,JPYUSD,0.01013993
2013-11-05,AUDUSD,0.94870000
2013-11-05,CHFUSD,1.09577033
2013-11-05,EURUSD,1.34700000
2013-11-05,GBPUSD,1.60440000
2013-11-05,JPYUSD,0.01014199
2013-11-06,AUDUSD,0.95180000
2013-11-06,CHFUSD,1.09781535
2013-11-06,EURUSD,1.35300000
2013-11-06,GBPUSD,1.60800000
2013-11-06,JPYUSD,0.01014199
2013-11-07,AUDUSD,0.94690000
2013-11-07,CHFUSD,1.08885017
2013-11-07,EURUSD,1.33900000
2013-11-07,GBPUSD,1.60690000
2013-11-07,JPYUSD,0.01014610
2013-11-08,AUDUSD,0.93810000
2013-11-08,CHFUSD,1.08459870
2013-11-08,EURUSD,1.33570000
2013-11-08,GBPUSD,1.59950000
2013-11-08,JPYUSD,0.01009795
2013-11-12,AUDUSD,0.92900000
2013-11-12,CHFUSD,1.08979948
2013-11-12,EURUSD,1.34280000
2013-11-12,GBPUSD,1.59160000
2013-11-12,JPYUSD,0.01003512
2013-11-13,AUDUSD,0.93240000
2013-11-13,CHFUSD,1.09229929
2013-11-13,EURUSD,1.34560000
2013-11-13,GBPUSD,1.60330000
2013-11-13,JPYUSD,0.01006948
2013-11-14,AUDUSD,0.93210000
2013-11-14,CHFUSD,1.09265734
2013-11-14,EURUSD,1.34680000
2013-11-14,GBPUSD,1.60770000
2013-11-14,JPYUSD,0.01000700
2013-11-15,AUDUSD,0.93650000
2013-11-15,CHFUSD,1.09265734
2013-11-15,EURUSD,1.34800000
2013-11-15,GBPUSD,1.61070000
2013-11-15,JPYUSD,0.00998303
2013-11-18,AUDUSD,0.94000000
2013-11-18,CHFUSD,1.09637101
2013-11-18,EURUSD,1.35200000
2013-11-18,GBPUSD,1.61100000
2013-11-18,JPYUSD,0.00999600
2013-11-19,AUDUSD,0.94120000
2013-11-19,CHFUSD,1.09721308
2013-11-19,EURUSD,1.35290000
2013-11-19,GBPUSD,1.61100000
2013-11-19,JPYUSD,0.00998602
2013-11-20,AUDUSD,0.93690000
2013-11-20,CHFUSD,1.09194147
2013-11-20,EURUSD,1.34510000
2013-11-20,GBPUSD,1.61500000
2013-11-20,JPYUSD,0.00999800
2013-11-21,AUDUSD,0.92490000
2013-11-21,CHFUSD,1.09337415
2013-11-21,EURUSD,1.34700000
2013-11-21,GBPUSD,1.61550000
2013-11-21,JPYUSD,0.00990589
2013-11-22,AUDUSD,0.91630000
2013-11-22,CHFUSD,1.10229277
2013-11-22,EURUSD,1.35470000
2013-11-22,GBPUSD,1.62110000
2013-11-22,JPYUSD,0.00987264
2013-11-25,AUDUSD,0.91480000
2013-11-25,CHFUSD,1.09589041
2013-11-25,EURUSD,1.35020000
2013-11-25,GBPUSD,1.61460000
2013-11-25,JPYUSD,0.00983284
2013-11-26,AUDUSD,0.91200000
2013-11-26,CHFUSD,1.10132159
2013-11-26,EURUSD,1.35550000
2013-11-26,GBPUSD,1.61870000
2013-11-26,JPYUSD,0.00986388
2013-11-27,AUDUSD,0.90720000
2013-11-27,CHFUSD,1.09998900
2013-11-27,EURUSD,1.35630000
2013-11-27,GBPUSD,1.62670000
2013-11-27,JPYUSD,0.00978665
2013-11-29,AUDUSD,0.91250000
2013-11-29,CHFUSD,1.10533879
2013-11-29,EURUSD,1.36060000
2013-11-29,GBPUSD,1.63730000
2013-11-29,JPYUSD,0.00976086
2013-12-02,AUDUSD,0.90980000
2013-12-02,CHFUSD,1.10180696
2013-12-02,EURUSD,1.35520000
2013-12-02,GBPUSD,1.63650000
2013-12-02,JPYUSD,0.00970497
2013-12-03,AUDUSD,0.91230000
2013-12-03,CHFUSD,1.10741971
2013-12-03,EURUSD,1.36040000
2013-12-03,GBPUSD,1.64160000
2013-12-03,JPYUSD,0.00976944
2013-12-04,AUDUSD,0.90090000
2013-12-04,CHFUSD,1.10472824
2013-12-04,EURUSD,1.35550000
2013-12-04,GBPUSD,1.63520000
2013-12-04,JPYUSD,0.00975800
2013-12-05,AUDUSD,0.90690000
2013-12-05,CHFUSD,1.11408200
2013-12-05,EURUSD,1.36640000
2013-12-05,GBPUSD,1.63280000
2013-12-05,JPYUSD,0.00982125
2013-12-06,AUDUSD,0.90910000
2013-12-06,CHFUSD,1.11869337
2013-12-06,EURUSD,1.36900000
2013-12-06,GBPUSD,1.63270000
2013-12-06,JPYUSD,0.00972006
2013-12-09,AUDUSD,0.90840000
2013-12-09,CHFUSD,1.12183083
2013-12-09,EURUSD,1.37260000
2013-12-09,GBPUSD,1.64030000
2013-12-09,JPYUSD,0.00968804
2013-12-10,AUDUSD,0.91500000
2013-12-10,CHFUSD,1.12663362
2013-12-10,EURUSD,1.37650000
2013-12-10,GBPUSD,1.64240000
2013-12-10,JPYUSD,0.00972763
2013-12-11,AUDUSD,0.90660000
2013-12-11,CHFUSD,1.12917796
2013-12-11,EURUSD,1.37980000
2013-12-11,GBPUSD,1.63890000
2013-12-11,JPYUSD,0.00976753
2013-12-12,AUDUSD,0.89250000
2013-12-12,CHFUSD,1.12334307
2013-12-12,EURUSD,1.37520000
2013-12-12,GBPUSD,1.63260000
2013-12-12,JPYUSD,0.00969838
2013-12-13,AUDUSD,0.89610000
2013-12-13,CHFUSD,1.12309075
2013-12-13,EURUSD,1.37240000
2013-12-13,GBPUSD,1.62940000
2013-12-13,JPYUSD,0.00968242
2013-12-16,AUDUSD,0.89690000
2013-12-16,CHFUSD,1.12663362
2013-12-16,EURUSD,1.37570000
2013-12-16,GBPUSD,1.63110000
2013-12-16,JPYUSD,0.00971723
2013-12-17,AUDUSD,0.89030000
2013-12-17,CHFUSD,1.12739572
2013-12-17,EURUSD,1.37480000
2013-12-17,GBPUSD,1.62540000
2013-12-17,JPYUSD,0.00974374
2013-12-18,AUDUSD,0.88840000
2013-12-18,CHFUSD,1.12714157
2013-12-18,EURUSD,1.37660000
2013-12-18,GBPUSD,1.63880000
2013-12-18,JPYUSD,0.00969180
2013-12-19,AUDUSD,0.88580000
2013-12-19,CHFUSD,1.11557340
2013-12-19,EURUSD,1.36660000
2013-12-19,GBPUSD,1.63820000
2013-12-19,JPYUSD,0.00960061
2013-12-20,AUDUSD,0.89180000
2013-12-20,CHFUSD,1.11706881
2013-12-20,EURUSD,1.36730000
2013-12-20,GBPUSD,1.63550000
2013-12-20,JPYUSD,0.00960892
2013-12-23,AUDUSD,0.89400000
2013-12-23,CHFUSD,1.11831805
2013-12-23,EURUSD,1.37010000
2013-12-23,GBPUSD,1.63560000
2013-12-23,JPYUSD,0.00960984
2013-12-24,AUDUSD,0.89200000
2013-12-24,CHFUSD,1.11594688
2013-12-24,EURUSD,1.36760000
2013-12-24,GBPUSD,1.63710000
2013-12-24,JPYUSD,0.00959141
2013-12-26,AUDUSD,0.88850000
2013-12-26,CHFUSD,1.11569787
2013-12-26,EURUSD,1.36900000
2013-12-26,GBPUSD,1.64250000
2013-12-26,JPYUSD,0.00954927
2013-12-27,AUDUSD,0.88860000
2013-12-27,CHFUSD,1.12447993
2013-12-27,EURUSD,1.37660000
2013-12-27,GBPUSD,1.64910000
2013-12-27,JPYUSD,0.00951928
2013-12-30,AUDUSD,0.89220000
2013-12-30,CHFUSD,1.12790435
2013-12-30,EURUSD,1.38160000
2013-12-30,GBPUSD,1.65220000
2013-12-30,JPYUSD,0.00952381
2013-12-31,AUDUSD,0.89290000
2013-12-31,CHFUSD,1.12309075
2013-12-31,EURUSD,1.37790000
2013-12-31,GBPUSD,1.65740000
2013-12-31,JPYUSD,0.00950119
2014-01-02,AUDUSD,0.89240000
2014-01-02,CHFUSD,1.11135808
2014-01-02,EURUSD,1.36700000
2014-01-02,GBPUSD,1.64410000
2014-01-02,JPYUSD,0.00953834
2014-01-03,AUDUSD,0.89760000
2014-01-03,CHFUSD,1.10570544
2014-01-03,EURUSD,1.36060000
2014-01-03,GBPUSD,1.64240000
2014-01-03,JPYUSD,0.00957304
2014-01-06,AUDUSD,0.89610000
2014-01-06,CHFUSD,1.10668437
2014-01-06,EURUSD,1.36360000
2014-01-06,GBPUSD,1.64120000
2014-01-06,JPYUSD,0.00958038
2014-01-07,AUDUSD,0.89230000
2014-01-07,CHFUSD,1.10059432
2014-01-07,EURUSD,1.36180000
2014-01-07,GBPUSD,1.64210000
2014-01-07,JPYUSD,0.00956572
2014-01-08,AUDUSD,0.89090000
2014-01-08,CHFUSD,1.09865964
2014-01-08,EURUSD,1.35860000
2014-01-08,GBPUSD,1.64610000
2014-01-08,JPYUSD,0.00953562
2014-01-09,AUDUSD,0.88860000
2014-01-09,CHFUSD,1.10071547
2014-01-09,EURUSD,1.35910000
2014-01-09,GBPUSD,1.64590000
2014-01-09,JPYUSD,0.00954745
2014-01-10,AUDUSD,0.89850000
2014-01-10,CHFUSD,1.10717449
2014-01-10,EURUSD,1.36640000
2014-01-10,GBPUSD,1.64700000
2014-01-10,JPYUSD,0.00960984
2014-01-13,AUDUSD,0.90530000
2014-01-13,CHFUSD,1.10791048
2014-01-13,EURUSD,1.36470000
2014-01-13,GBPUSD,1.63790000
2014-01-13,JPYUSD,0.00967961
2014-01-14,AUDUSD,0.89800000
2014-01-14,CHFUSD,1.11000111
2014-01-14,EURUSD,1.36820000
2014-01-14,GBPUSD,1.64500000
2014-01-14,JPYUSD,0.00963391
2014-01-15,AUDUSD,0.89250000
2014-01-15,CHFUSD,1.10083664
2014-01-15,EURUSD,1.36040000
2014-01-15,GBPUSD,1.63750000
2014-01-15,JPYUSD,0.00957671
2014-01-16,AUDUSD,0.88020000
2014-01-16,CHFUSD,1.10326567
2014-01-16,EURUSD,1.36000000
2014-01-16,GBPUSD,1.63350000
2014-01-16,JPYUSD,0.00958589
2014-01-17,AUDUSD,0.87780000
2014-01-17,CHFUSD,1.09890110
2014-01-17,EURUSD,1.35540000
2014-01-17,GBPUSD,1.64290000
2014-01-17,JPYUSD,0.00958589
2014-01-21,AUDUSD,0.88010000
2014-01-21,CHFUSD,1.09986802
2014-01-21,EURUSD,1.35600000
2014-01-21,GBPUSD,1.64690000
2014-01-21,JPYUSD,0.00960246
2014-01-22,AUDUSD,0.88390000
2014-01-22,CHFUSD,1.09697236
2014-01-22,EURUSD,1.35460000
2014-01-22,GBPUSD,1.65710000
2014-01-22,JPYUSD,0.00958222
2014-01-23,AUDUSD,0.87740000
2014-01-23,CHFUSD,1.11086425
2014-01-23,EURUSD,1.36800000
2014-01-23,GBPUSD,1.66120000
2014-01-23,JPYUSD,0.00964785
2014-01-24,AUDUSD,0.87150000
2014-01-24,CHFUSD,1.11744329
2014-01-24,EURUSD,1.36800000
2014-01-24,GBPUSD,1.64910000
2014-01-24,JPYUSD,0.00976467
2014-01-27,AUDUSD,0.87350000
2014-01-27,CHFUSD,1.11656990
2014-01-27,EURUSD,1.36790000
2014-01-27,GBPUSD,1.65880000
2014-01-27,JPYUSD,0.00977899
2014-01-28,AUDUSD,0.87700000
2014-01-28,CHFUSD,1.11308994
2014-01-28,EURUSD,1.36620000
2014-01-28,GBPUSD,1.65810000
2014-01-28,JPYUSD,0.00972763
2014-01-29,AUDUSD,0.87630000
2014-01-29,CHFUSD,1.11756817
2014-01-29,EURUSD,1.36630000
2014-01-29,GBPUSD,1.65610000
2014-01-29,JPYUSD,0.00978474
2014-01-30,AUDUSD,0.87710000
2014-01-30,CHFUSD,1.10595001
2014-01-30,EURUSD,1.35490000
2014-01-30,GBPUSD,1.64870000
2014-01-30,JPYUSD,0.00972479
2014-01-31,AUDUSD,0.87430000
2014-01-31,CHFUSD,1.10472824
2014-01-31,EURUSD,1.35000000
2014-01-31,GBPUSD,1.64500000
2014-01-31,JPYUSD,0.00977708
2014-02-03,AUDUSD,0.87770000
2014-02-03,CHFUSD,1.10938540
2014-02-03,EURUSD,1.35230000
2014-02-03,GBPUSD,1.63070000
2014-02-03,JPYUSD,0.00989022
2014-02-04,AUDUSD,0.89350000
2014-02-04,CHFUSD,1.10497238
2014-02-04,EURUSD,1.35070000
2014-02-04,GBPUSD,1.63000000
2014-02-04,JPYUSD,0.00984058
2014-02-05,AUDUSD,0.89110000
2014-02-05,CHFUSD,1.10595001
2014-02-05,EURUSD,1.35190000
2014-02-05,GBPUSD,1.63080000
2014-02-05,JPYUSD,0.00986388
2014-02-06,AUDUSD,0.89670000
2014-02-06,CHFUSD,1.11209964
2014-02-06,EURUSD,1.36040000
2014-02-06,GBPUSD,1.63450000
2014-02-06,JPYUSD,0.00981932
2014-02-07,AUDUSD,0.89590000
2014-02-07,CHFUSD,1.11209964
2014-02-07,EURUSD,1.36140000
2014-02-07,GBPUSD,1.63950000
2014-02-07,JPYUSD,0.00977326
2014-02-10,AUDUSD,0.89440000
2014-02-10,CHFUSD,1.11520018
2014-02-10,EURUSD,1.36440000
2014-02-10,GBPUSD,1.64190000
2014-02-10,JPYUSD,0.00979048
2014-02-11,AUDUSD,0.90450000
2014-02-11,CHFUSD,1.11495150
2014-02-11,EURUSD,1.36540000
2014-02-11,GBPUSD,1.64680000
2014-02-11,JPYUSD,0.00974374
2014-02-12,AUDUSD,0.90280000
2014-02-12,CHFUSD,1.11037086
2014-02-12,EURUSD,1.35920000
2014-02-12,GBPUSD,1.65780000
2014-02-12,JPYUSD,0.00975800
2014-02-13,AUDUSD,0.89790000
2014-02-13,CHFUSD,1.11806798
2014-02-13,EURUSD,1.36690000
2014-02-13,GBPUSD,1.66430000
2014-02-13,JPYUSD,0.00978474
2014-02-14,AUDUSD,0.90230000
2014-02-14,CHFUSD,1.12007168
2014-02-14,EURUSD,1.36900000
2014-02-14,GBPUSD,1.67360000
2014-02-14,JPYUSD,0.00982125
2014-02-18,AUDUSD,0.90390000
2014-02-18,CHFUSD,1.12637982
2014-02-18,EURUSD,1.37580000
2014-02-18,GBPUSD,1.66960000
2014-02-18,JPYUSD,0.00977422
2014-02-19,AUDUSD,0.90270000
2014-02-19,CHFUSD,1.12764998
2014-02-19,EURUSD,1.37620000
2014-02-19,GBPUSD,1.67180000
2014-02-19,JPYUSD,0.00977517
2014-02-20,AUDUSD,0.89810000
2014-02-20,CHFUSD,1.12208259
2014-02-20,EURUSD,1.36900000
2014-02-20,GBPUSD,1.66400000
2014-02-20,JPYUSD,0.00977326
2014-02-21,AUDUSD,0.89610000
2014-02-21,CHFUSD,1.12511251
2014-02-21,EURUSD,1.37220000
2014-02-21,GBPUSD,1.66300000
2014-02-21,JPYUSD,0.00973615
2014-02-24,AUDUSD,0.90420000
2014-02-24,CHFUSD,1.12549240
2014-02-24,EURUSD,1.37440000
2014-02-24,GBPUSD,1.66410000
2014-02-24,JPYUSD,0.00976181
2014-02-25,AUDUSD,0.90250000
2014-02-25,CHFUSD,1.12739572
2014-02-25,EURUSD,1.37490000
2014-02-25,GBPUSD,1.66960000
2014-02-25,JPYUSD,0.00978474
2014-02-26,AUDUSD,0.89620000
2014-02-26,CHFUSD,1.12082493
2014-02-26,EURUSD,1.36680000
2014-02-26,GBPUSD,1.66480000
2014-02-26,JPYUSD,0.00976944
2014-02-27,AUDUSD,0.89600000
2014-02-27,CHFUSD,1.12714157
2014-02-27,EURUSD,1.37240000
2014-02-27,GBPUSD,1.66930000
2014-02-27,JPYUSD,0.00979240
2014-02-28,AUDUSD,0.89330000
2014-02-28,CHFUSD,1.13507378
2014-02-28,EURUSD,1.38060000
2014-02-28,GBPUSD,1.67500000
2014-02-28,JPYUSD,0.00979624
2014-03-03,AUDUSD,0.89290000
2014-03-03,CHFUSD,1.13507378
2014-03-03,EURUSD,1.37630000
2014-03-03,GBPUSD,1.67120000
2014-03-03,JPYUSD,0.00986582
2014-03-04,AUDUSD,0.89400000
2014-03-04,CHFUSD,1.12752283
2014-03-04,EURUSD,1.37310000
2014-03-04,GBPUSD,1.66650000
2014-03-04,JPYUSD,0.00978665
2014-03-05,AUDUSD,0.89840000
2014-03-05,CHFUSD,1.12714157
2014-03-05,EURUSD,1.37340000
2014-03-05,GBPUSD,1.67290000
2014-03-05,JPYUSD,0.00977326
2014-03-06,AUDUSD,0.91000000
2014-03-06,CHFUSD,1.13507378
2014-03-06,EURUSD,1.38480000
2014-03-06,GBPUSD,1.67430000
2014-03-06,JPYUSD,0.00970591
2014-03-07,AUDUSD,0.90710000
2014-03-07,CHFUSD,1.13830393
2014-03-07,EURUSD,1.38680000
2014-03-07,GBPUSD,1.67250000
2014-03-07,JPYUSD,0.00967305
2014-03-10,AUDUSD,0.90210000
2014-03-10,CHFUSD,1.13882246
2014-03-10,EURUSD,1.38800000
2014-03-10,GBPUSD,1.66330000
2014-03-10,JPYUSD,0.00968711
2014-03-11,AUDUSD,0.90200000
2014-03-11,CHFUSD,1.13856313
2014-03-11,EURUSD,1.38670000
2014-03-11,GBPUSD,1.66280000
2014-03-11,JPYUSD,0.00969180
2014-03-12,AUDUSD,0.89720000
2014-03-12,CHFUSD,1.14377216
2014-03-12,EURUSD,1.39040000
2014-03-12,GBPUSD,1.66050000
2014-03-12,JPYUSD,0.00973331
2014-03-13,AUDUSD,0.90580000
2014-03-13,CHFUSD,1.14600046
2014-03-13,EURUSD,1.39270000
2014-03-13,GBPUSD,1.66770000
2014-03-13,JPYUSD,0.00979240
2014-03-14,AUDUSD,0.90400000
2014-03-14,CHFUSD,1.14784206
2014-03-14,EURUSD,1.39240000
2014-03-14,GBPUSD,1.66300000
2014-03-14,JPYUSD,0.00985610
2014-03-17,AUDUSD,0.90920000
2014-03-17,CHFUSD,1.14600046
2014-03-17,EURUSD,1.39270000
2014-03-17,GBPUSD,1.66450000
2014-03-17,JPYUSD,0.00984058
2014-03-18,AUDUSD,0.91340000
2014-03-18,CHFUSD,1.14377216
2014-03-18,EURUSD,1.39130000
2014-03-18,GBPUSD,1.65740000
2014-03-18,JPYUSD,0.00986485
2014-03-19,AUDUSD,0.91030000
2014-03-19,CHFUSD,1.14324911
2014-03-19,EURUSD,1.39100000
2014-03-19,GBPUSD,1.66290000
2014-03-19,JPYUSD,0.00984834
2014-03-20,AUDUSD,0.90420000
2014-03-20,CHFUSD,1.13211819
2014-03-20,EURUSD,1.37840000
2014-03-20,GBPUSD,1.65110000
2014-03-20,JPYUSD,0.00976658
2014-03-21,AUDUSD,0.90900000
2014-03-21,CHFUSD,1.13173382
2014-03-21,EURUSD,1.37830000
2014-03-21,GBPUSD,1.64980000
2014-03-21,JPYUSD,0.00976753
2014-03-24,AUDUSD,0.91260000
2014-03-24,CHFUSD,1.13122172
2014-03-24,EURUSD,1.37840000
2014-03-24,GBPUSD,1.64910000
2014-03-24,JPYUSD,0.00978378
2014-03-25,AUDUSD,0.91470000
2014-03-25,CHFUSD,1.12841345
2014-03-25,EURUSD,1.37770000
2014-03-25,GBPUSD,1.65070000
2014-03-25,JPYUSD,0.00977326
2014-03-26,AUDUSD,0.92250000
2014-03-26,CHFUSD,1.12943302
2014-03-26,EURUSD,1.37860000
2014-03-26,GBPUSD,1.65660000
2014-03-26,JPYUSD,0.00977517
2014-03-27,AUDUSD,0.92620000
2014-03-27,CHFUSD,1.12879558
2014-03-27,EURUSD,1.37520000
2014-03-27,GBPUSD,1.66270000
2014-03-27,JPYUSD,0.00979432
2014-03-28,AUDUSD,0.92390000
2014-03-28,CHFUSD,1.12752283
2014-03-28,EURUSD,1.37530000
2014-03-28,GBPUSD,1.66370000
2014-03-28,JPYUSD,0.00971628
2014-03-31,AUDUSD,0.92750000
2014-03-31,CHFUSD,1.13122172
2014-03-31,EURUSD,1.37770000
2014-03-31,GBPUSD,1.66750000
2014-03-31,JPYUSD,0.00971062
2014-04-01,AUDUSD,0.92520000
2014-04-01,CHFUSD,1.13314448
2014-04-01,EURUSD,1.38040000
2014-04-01,GBPUSD,1.66390000
2014-04-01,JPYUSD,0.00965997
2014-04-02,AUDUSD,0.92360000
2014-04-02,CHFUSD,1.12739572
2014-04-02,EURUSD,1.37610000
2014-04-02,GBPUSD,1.66340000
2014-04-02,JPYUSD,0.00963206
2014-04-03,AUDUSD,0.92190000
2014-04-03,CHFUSD,1.12095057
2014-04-03,EURUSD,1.37080000
2014-04-03,GBPUSD,1.65830000
2014-04-03,JPYUSD,0.00962094
2014-04-04,AUDUSD,0.92920000
2014-04-04,CHFUSD,1.12132765
2014-04-04,EURUSD,1.37040000
2014-04-04,GBPUSD,1.65940000
2014-04-04,JPYUSD,0.00967212
2014-04-07,AUDUSD,0.92650000
2014-04-07,CHFUSD,1.12663362
2014-04-07,EURUSD,1.37450000
2014-04-07,GBPUSD,1.66160000
2014-04-07,JPYUSD,0.00970497
2014-04-08,AUDUSD,0.93560000
2014-04-08,CHFUSD,1.13173382
2014-04-08,EURUSD,1.38020000
2014-04-08,GBPUSD,1.67430000
2014-04-08,JPYUSD,0.00979240
2014-04-09,AUDUSD,0.93680000
2014-04-09,CHFUSD,1.13430127
2014-04-09,EURUSD,1.38160000
2014-04-09,GBPUSD,1.67510000
2014-04-09,JPYUSD,0.00981836
2014-04-10,AUDUSD,0.94240000
2014-04-10,CHFUSD,1.14181320
2014-04-10,EURUSD,1.38920000
2014-04-10,GBPUSD,1.67810000
2014-04-10,JPYUSD,0.00985902
2014-04-11,AUDUSD,0.94010000
2014-04-11,CHFUSD,1.14311843
2014-04-11,EURUSD,1.38980000
2014-04-11,GBPUSD,1.67360000
2014-04-11,JPYUSD,0.00984640
2014-04-14,AUDUSD,0.94090000
2014-04-14,CHFUSD,1.13843352
2014-04-14,EURUSD,1.38240000
2014-04-14,GBPUSD,1.67410000
2014-04-14,JPYUSD,0.00982222
2014-04-15,AUDUSD,0.93420000
2014-04-15,CHFUSD,1.13571834
2014-04-15,EURUSD,1.38060000
2014-04-15,GBPUSD,1.67250000
2014-04-15,JPYUSD,0.00984252
2014-04-16,AUDUSD,0.93800000
2014-04-16,CHFUSD,1.13468739
2014-04-16,EURUSD,1.38200000
2014-04-16,GBPUSD,1.67940000
2014-04-16,JPYUSD,0.00977517
2014-04-17,AUDUSD,0.93390000
2014-04-17,CHFUSD,1.13481616
2014-04-17,EURUSD,1.38320000
2014-04-17,GBPUSD,1.68090000
2014-04-17,JPYUSD,0.00978282
2014-04-18,AUDUSD,0.93300000
2014-04-18,CHFUSD,1.13224638
2014-04-18,EURUSD,1.38160000
2014-04-18,GBPUSD,1.67920000
2014-04-18,JPYUSD,0.00976276
2014-04-21,AUDUSD,0.93370000
2014-04-21,CHFUSD,1.12981584
2014-04-21,EURUSD,1.37900000
2014-04-21,GBPUSD,1.67920000
2014-04-21,JPYUSD,0.00975039
2014-04-22,AUDUSD,0.93650000
2014-04-22,CHFUSD,1.12981584
2014-04-22,EURUSD,1.38040000
2014-04-22,GBPUSD,1.68330000
2014-04-22,JPYUSD,0.00974659
2014-04-23,AUDUSD,0.92830000
2014-04-23,CHFUSD,1.13275940
2014-04-23,EURUSD,1.38140000
2014-04-23,GBPUSD,1.67680000
2014-04-23,JPYUSD,0.00977899
2014-04-24,AUDUSD,0.92570000
2014-04-24,CHFUSD,1.13417262
2014-04-24,EURUSD,1.38280000
2014-04-24,GBPUSD,1.67970000
2014-04-24,JPYUSD,0.00977135
2014-04-25,AUDUSD,0.92720000
2014-04-25,CHFUSD,1.13520263
2014-04-25,EURUSD,1.38380000
2014-04-25,GBPUSD,1.68100000
2014-04-25,JPYUSD,0.00979240
2014-04-28,AUDUSD,0.92540000
2014-04-28,CHFUSD,1.13546043
2014-04-28,EURUSD,1.38440000
2014-04-28,GBPUSD,1.68120000
2014-04-28,JPYUSD,0.00975991
2014-04-29,AUDUSD,0.92660000
2014-04-29,CHFUSD,1.13058225
2014-04-29,EURUSD,1.38080000
2014-04-29,GBPUSD,1.68290000
2014-04-29,JPYUSD,0.00974944
2014-04-30,AUDUSD,0.92820000
2014-04-30,CHFUSD,1.13636364
2014-04-30,EURUSD,1.38700000
2014-04-30,GBPUSD,1.68830000
2014-04-30,JPYUSD,0.00979048
2014-05-01,AUDUSD,0.92750000
2014-05-01,CHFUSD,1.13675117
2014-05-01,EURUSD,1.38670000
2014-05-01,GBPUSD,1.69000000
2014-05-01,JPYUSD,0.00977517
2014-05-02,AUDUSD,0.92570000
2014-05-02,CHFUSD,1.13778587
2014-05-02,EURUSD,1.38640000
2014-05-02,GBPUSD,1.68650000
2014-05-02,JPYUSD,0.00977135
2014-05-05,AUDUSD,0.92760000
2014-05-05,CHFUSD,1.13973102
2014-05-05,EURUSD,1.38840000
2014-05-05,GBPUSD,1.68700000
2014-05-05,JPYUSD,0.00979816
2014-05-06,AUDUSD,0.93600000
2014-05-06,CHFUSD,1.14364135
2014-05-06,EURUSD,1.39240000
2014-05-06,GBPUSD,1.69760000
2014-05-06,JPYUSD,0.00984543
2014-05-07,AUDUSD,0.93360000
2014-05-07,CHFUSD,1.14181320
2014-05-07,EURUSD,1.39170000
2014-05-07,GBPUSD,1.69640000
2014-05-07,JPYUSD,0.00983091
2014-05-08,AUDUSD,0.93820000
2014-05-08,CHFUSD,1.13843352
2014-05-08,EURUSD,1.38640000
2014-05-08,GBPUSD,1.69440000
2014-05-08,JPYUSD,0.00983671
2014-05-09,AUDUSD,0.93580000
2014-05-09,CHFUSD,1.12866817
2014-05-09,EURUSD,1.37630000
2014-05-09,GBPUSD,1.68490000
2014-05-09,JPYUSD,0.00982898
2014-05-12,AUDUSD,0.93640000
2014-05-12,CHFUSD,1.12663362
2014-05-12,EURUSD,1.37600000
2014-05-12,GBPUSD,1.68710000
2014-05-12,JPYUSD,0.00979432
2014-05-13,AUDUSD,0.93690000
2014-05-13,CHFUSD,1.12435350
2014-05-13,EURUSD,1.37110000
2014-05-13,GBPUSD,1.68380000
2014-05-13,JPYUSD,0.00978474
2014-05-14,AUDUSD,0.93790000
2014-05-14,CHFUSD,1.12435350
2014-05-14,EURUSD,1.37180000
2014-05-14,GBPUSD,1.67840000
2014-05-14,JPYUSD,0.00982801
2014-05-15,AUDUSD,0.93460000
2014-05-15,CHFUSD,1.12384806
2014-05-15,EURUSD,1.37120000
2014-05-15,GBPUSD,1.67910000
2014-05-15,JPYUSD,0.00985804
2014-05-16,AUDUSD,0.93670000
2014-05-16,CHFUSD,1.12233446
2014-05-16,EURUSD,1.37080000
2014-05-16,GBPUSD,1.68270000
2014-05-16,JPYUSD,0.00985222
2014-05-19,AUDUSD,0.93430000
2014-05-19,CHFUSD,1.12157918
2014-05-19,EURUSD,1.37160000
2014-05-19,GBPUSD,1.68220000
2014-05-19,JPYUSD,0.00987557
2014-05-20,AUDUSD,0.92590000
2014-05-20,CHFUSD,1.12157918
2014-05-20,EURUSD,1.37020000
2014-05-20,GBPUSD,1.68470000
2014-05-20,JPYUSD,0.00987557
2014-05-21,AUDUSD,0.92150000
2014-05-21,CHFUSD,1.11719361
2014-05-21,EURUSD,1.36570000
2014-05-21,GBPUSD,1.68690000
2014-05-21,JPYUSD,0.00985804
2014-05-22,AUDUSD,0.92220000
2014-05-22,CHFUSD,1.11756817
2014-05-22,EURUSD,1.36520000
2014-05-22,GBPUSD,1.68590000
2014-05-22,JPYUSD,0.00982704
2014-05-23,AUDUSD,0.92350000
2014-05-23,CHFUSD,1.11632061
2014-05-23,EURUSD,1.36280000
2014-05-23,GBPUSD,1.68220000
2014-05-23,JPYUSD,0.00981547
2014-05-27,AUDUSD,0.92400000
2014-05-27,CHFUSD,1.11395789
2014-05-27,EURUSD,1.36180000
2014-05-27,GBPUSD,1.68000000
2014-05-27,JPYUSD,0.00979048
2014-05-28,AUDUSD,0.92270000
2014-05-28,CHFUSD,1.11333779
2014-05-28,EURUSD,1.35960000
2014-05-28,GBPUSD,1.67090000
2014-05-28,JPYUSD,0.00982511
2014-05-29,AUDUSD,0.92890000
2014-05-29,CHFUSD,1.11482720
2014-05-29,EURUSD,1.36080000
2014-05-29,GBPUSD,1.67190000
2014-05-29,JPYUSD,0.00984446
2014-05-30,AUDUSD,0.92980000
2014-05-30,CHFUSD,1.11806798
2014-05-30,EURUSD,1.36400000
2014-05-30,GBPUSD,1.67640000
2014-05-30,JPYUSD,0.00982608
2014-06-02,AUDUSD,0.92500000
2014-06-02,CHFUSD,1.11358575
2014-06-02,EURUSD,1.36060000
2014-06-02,GBPUSD,1.67560000
2014-06-02,JPYUSD,0.00977517
2014-06-03,AUDUSD,0.92550000
2014-06-03,CHFUSD,1.11557340
2014-06-03,EURUSD,1.36240000
2014-06-03,GBPUSD,1.67530000
2014-06-03,JPYUSD,0.00976372
2014-06-04,AUDUSD,0.92690000
2014-06-04,CHFUSD,1.11656990
2014-06-04,EURUSD,1.36190000
2014-06-04,GBPUSD,1.67470000
2014-06-04,JPYUSD,0.00973805
2014-06-05,AUDUSD,0.93210000
2014-06-05,CHFUSD,1.11806798
2014-06-05,EURUSD,1.36180000
2014-06-05,GBPUSD,1.67960000
2014-06-05,JPYUSD,0.00976181
2014-06-06,AUDUSD,0.93280000
2014-06-06,CHFUSD,1.11881853
2014-06-06,EURUSD,1.36390000
2014-06-06,GBPUSD,1.67940000
2014-06-06,JPYUSD,0.00975610
2014-06-09,AUDUSD,0.93470000
2014-06-09,CHFUSD,1.11433029
2014-06-09,EURUSD,1.35890000
2014-06-09,GBPUSD,1.67980000
2014-06-09,JPYUSD,0.00975419
2014-06-10,AUDUSD,0.93650000
2014-06-10,CHFUSD,1.11160516
2014-06-10,EURUSD,1.35430000
2014-06-10,GBPUSD,1.67530000
2014-06-10,JPYUSD,0.00976849
2014-06-11,AUDUSD,0.93910000
2014-06-11,CHFUSD,1.11135808
2014-06-11,EURUSD,1.35320000
2014-06-11,GBPUSD,1.67950000
2014-06-11,JPYUSD,0.00980969
2014-06-12,AUDUSD,0.94300000
2014-06-12,CHFUSD,1.11333779
2014-06-12,EURUSD,1.35560000
2014-06-12,GBPUSD,1.68530000
2014-06-12,JPYUSD,0.00982029
2014-06-13,AUDUSD,0.93960000
2014-06-13,CHFUSD,1.11012433
2014-06-13,EURUSD,1.35220000
2014-06-13,GBPUSD,1.69530000
2014-06-13,JPYUSD,0.00979816
2014-06-16,AUDUSD,0.94000000
2014-06-16,CHFUSD,1.11495150
2014-06-16,EURUSD,1.35780000
2014-06-16,GBPUSD,1.69880000
2014-06-16,JPYUSD,0.00982125
2014-06-17,AUDUSD,0.93400000
2014-06-17,CHFUSD,1.11135808
2014-06-17,EURUSD,1.35430000
2014-06-17,GBPUSD,1.69650000
2014-06-17,JPYUSD,0.00978665
2014-06-18,AUDUSD,0.93400000
2014-06-18,CHFUSD,1.11408200
2014-06-18,EURUSD,1.35670000
2014-06-18,GBPUSD,1.69510000
2014-06-18,JPYUSD,0.00978857
2014-06-19,AUDUSD,0.94060000
2014-06-19,CHFUSD,1.11957009
2014-06-19,EURUSD,1.36200000
2014-06-19,GBPUSD,1.70460000
2014-06-19,JPYUSD,0.00981932
2014-06-20,AUDUSD,0.93870000
2014-06-20,CHFUSD,1.11607143
2014-06-20,EURUSD,1.35860000
2014-06-20,GBPUSD,1.70140000
2014-06-20,JPYUSD,0.00979048
2014-06-23,AUDUSD,0.94170000
2014-06-23,CHFUSD,1.11756817
2014-06-23,EURUSD,1.35930000
2014-06-23,GBPUSD,1.70100000
2014-06-23,JPYUSD,0.00981354
2014-06-24,AUDUSD,0.93800000
2014-06-24,CHFUSD,1.11669458
2014-06-24,EURUSD,1.35880000
2014-06-24,GBPUSD,1.69710000
2014-06-24,JPYUSD,0.00979144
2014-06-25,AUDUSD,0.93980000
2014-06-25,CHFUSD,1.12132765
2014-06-25,EURUSD,1.36380000
2014-06-25,GBPUSD,1.69860000
2014-06-25,JPYUSD,0.00982801
2014-06-26,AUDUSD,0.94050000
2014-06-26,CHFUSD,1.11944476
2014-06-26,EURUSD,1.36100000
2014-06-26,GBPUSD,1.70180000
2014-06-26,JPYUSD,0.00983671
2014-06-27,AUDUSD,0.94130000
2014-06-27,CHFUSD,1.12120193
2014-06-27,EURUSD,1.36310000
2014-06-27,GBPUSD,1.70160000
2014-06-27,JPYUSD,0.00986291
2014-06-30,AUDUSD,0.94270000
2014-06-30,CHFUSD,1.12764998
2014-06-30,EURUSD,1.36900000
2014-06-30,GBPUSD,1.71050000
2014-06-30,JPYUSD,0.00987362
2014-07-01,AUDUSD,0.94880000
2014-07-01,CHFUSD,1.12726863
2014-07-01,EURUSD,1.36810000
2014-07-01,GBPUSD,1.71470000
2014-07-01,JPYUSD,0.00985125
2014-07-02,AUDUSD,0.94440000
2014-07-02,CHFUSD,1.12536574
2014-07-02,EURUSD,1.36560000
2014-07-02,GBPUSD,1.71650000
2014-07-02,JPYUSD,0.00982704
2014-07-03,AUDUSD,0.93580000
2014-07-03,CHFUSD,1.11931945
2014-07-03,EURUSD,1.36100000
2014-07-03,GBPUSD,1.71520000
2014-07-03,JPYUSD,0.00978569
2014-07-07,AUDUSD,0.93710000
2014-07-07,CHFUSD,1.11931945
2014-07-07,EURUSD,1.36040000
2014-07-07,GBPUSD,1.71280000
2014-07-07,JPYUSD,0.00981932
2014-07-08,AUDUSD,0.94000000
2014-07-08,CHFUSD,1.12057373
2014-07-08,EURUSD,1.36140000
2014-07-08,GBPUSD,1.71270000
2014-07-08,JPYUSD,0.00984931
2014-07-09,AUDUSD,0.93960000
2014-07-09,CHFUSD,1.12132765
2014-07-09,EURUSD,1.36300000
2014-07-09,GBPUSD,1.71300000
2014-07-09,JPYUSD,0.00983284
2014-07-10,AUDUSD,0.93870000
2014-07-10,CHFUSD,1.12032265
2014-07-10,EURUSD,1.36000000
2014-07-10,GBPUSD,1.71220000
2014-07-10,JPYUSD,0.00987557
2014-07-11,AUDUSD,0.93830000
2014-07-11,CHFUSD,1.12032265
2014-07-11,EURUSD,1.35980000
2014-07-11,GBPUSD,1.71080000
2014-07-11,JPYUSD,0.00986875
2014-07-14,AUDUSD,0.93920000
2014-07-14,CHFUSD,1.12132765
2014-07-14,EURUSD,1.36200000
2014-07-14,GBPUSD,1.70790000
2014-07-14,JPYUSD,0.00984446
2014-07-15,AUDUSD,0.93660000
2014-07-15,CHFUSD,1.11694404
2014-07-15,EURUSD,1.35730000
2014-07-15,GBPUSD,1.71490000
2014-07-15,JPYUSD,0.00984058
2014-07-16,AUDUSD,0.93620000
2014-07-16,CHFUSD,1.11308994
2014-07-16,EURUSD,1.35300000
2014-07-16,GBPUSD,1.71310000
2014-07-16,JPYUSD,0.00983381
2014-07-17,AUDUSD,0.93720000
2014-07-17,CHFUSD,1.11445447
2014-07-17,EURUSD,1.35300000
2014-07-17,GBPUSD,1.71040000
2014-07-17,JPYUSD,0.00987167
2014-07-18,AUDUSD,0.93860000
2014-07-18,CHFUSD,1.11247080
2014-07-18,EURUSD,1.35150000
2014-07-18,GBPUSD,1.70690000
2014-07-18,JPYUSD,0.00986485
2014-07-21,AUDUSD,0.93770000
2014-07-21,CHFUSD,1.11358575
2014-07-21,EURUSD,1.35240000
2014-07-21,GBPUSD,1.70670000
2014-07-21,JPYUSD,0.00986777
2014-07-22,AUDUSD,0.93880000
2014-07-22,CHFUSD,1.10840168
2014-07-22,EURUSD,1.34700000
2014-07-22,GBPUSD,1.70580000
2014-07-22,JPYUSD,0.00984834
2014-07-23,AUDUSD,0.94500000
2014-07-23,CHFUSD,1.10815603
2014-07-23,EURUSD,1.34620000
2014-07-23,GBPUSD,1.70360000
2014-07-23,JPYUSD,0.00985222
2014-07-24,AUDUSD,0.94190000
2014-07-24,CHFUSD,1.10815603
2014-07-24,EURUSD,1.34680000
2014-07-24,GBPUSD,1.69810000
2014-07-24,JPYUSD,0.00982125
2014-07-25,AUDUSD,0.94040000
2014-07-25,CHFUSD,1.10558320
2014-07-25,EURUSD,1.34310000
2014-07-25,GBPUSD,1.69720000
2014-07-25,JPYUSD,0.00982222
2014-07-28,AUDUSD,0.94100000
2014-07-28,CHFUSD,1.10656191
2014-07-28,EURUSD,1.34400000
2014-07-28,GBPUSD,1.69910000
2014-07-28,JPYUSD,0.00982125
2014-07-29,AUDUSD,0.93780000
2014-07-29,CHFUSD,1.10277900
2014-07-29,EURUSD,1.34100000
2014-07-29,GBPUSD,1.69390000
2014-07-29,JPYUSD,0.00979240
2014-07-30,AUDUSD,0.93150000
2014-07-30,CHFUSD,1.09938434
2014-07-30,EURUSD,1.33780000
2014-07-30,GBPUSD,1.69030000
2014-07-30,JPYUSD,0.00971817
2014-07-31,AUDUSD,0.93010000
2014-07-31,CHFUSD,1.10059432
2014-07-31,EURUSD,1.33900000
2014-07-31,GBPUSD,1.68890000
2014-07-31,JPYUSD,0.00973236
2014-08-01,AUDUSD,0.93040000
2014-08-01,CHFUSD,1.10521662
2014-08-01,EURUSD,1.34360000
2014-08-01,GBPUSD,1.68320000
2014-08-01,JPYUSD,0.00976086
2014-08-04,AUDUSD,0.93280000
2014-08-04,CHFUSD,1.10277900
2014-08-04,EURUSD,1.34140000
2014-08-04,GBPUSD,1.68410000
2014-08-04,JPYUSD,0.00975895
2014-08-05,AUDUSD,0.93010000
2014-08-05,CHFUSD,1.09865964
2014-08-05,EURUSD,1.33660000
2014-08-05,GBPUSD,1.68740000
2014-08-05,JPYUSD,0.00973047
2014-08-06,AUDUSD,0.93270000
2014-08-06,CHFUSD,1.09950522
2014-08-06,EURUSD,1.33550000
2014-08-06,GBPUSD,1.68330000
2014-08-06,JPYUSD,0.00977135
2014-08-07,AUDUSD,0.92830000
2014-08-07,CHFUSD,1.10059432
2014-08-07,EURUSD,1.33620000
2014-08-07,GBPUSD,1.68490000
2014-08-07,JPYUSD,0.00979816
2014-08-08,AUDUSD,0.92770000
2014-08-08,CHFUSD,1.10497238
2014-08-08,EURUSD,1.34120000
2014-08-08,GBPUSD,1.67780000
2014-08-08,JPYUSD,0.00981258
2014-08-11,AUDUSD,0.92630000
2014-08-11,CHFUSD,1.10338740
2014-08-11,EURUSD,1.33850000
2014-08-11,GBPUSD,1.67870000
2014-08-11,JPYUSD,0.00979048
2014-08-12,AUDUSD,0.92700000
2014-08-12,CHFUSD,1.10107906
2014-08-12,EURUSD,1.33570000
2014-08-12,GBPUSD,1.68060000
2014-08-12,JPYUSD,0.00978282
2014-08-13,AUDUSD,0.93020000
2014-08-13,CHFUSD,1.10144289
2014-08-13,EURUSD,1.33670000
2014-08-13,GBPUSD,1.66960000
2014-08-13,JPYUSD,0.00975800
2014-08-14,AUDUSD,0.93220000
2014-08-14,CHFUSD,1.10424028
2014-08-14,EURUSD,1.33760000
2014-08-14,GBPUSD,1.66940000
2014-08-14,JPYUSD,0.00976181
2014-08-15,AUDUSD,0.93060000
2014-08-15,CHFUSD,1.10791048
2014-08-15,EURUSD,1.33920000
2014-08-15,GBPUSD,1.66860000
2014-08-15,JPYUSD,0.00978569
2014-08-18,AUDUSD,0.93300000
2014-08-18,CHFUSD,1.10302228
2014-08-18,EURUSD,1.33580000
2014-08-18,GBPUSD,1.67200000
2014-08-18,JPYUSD,0.00975229
2014-08-19,AUDUSD,0.93110000
2014-08-19,CHFUSD,1.10023105
2014-08-19,EURUSD,1.33200000
2014-08-19,GBPUSD,1.66200000
2014-08-19,JPYUSD,0.00972195
2014-08-20,AUDUSD,0.93060000
2014-08-20,CHFUSD,1.09697236
2014-08-20,EURUSD,1.32840000
2014-08-20,GBPUSD,1.66330000
2014-08-20,JPYUSD,0.00967492
2014-08-21,AUDUSD,0.93020000
2014-08-21,CHFUSD,1.09745391
2014-08-21,EURUSD,1.32840000
2014-08-21,GBPUSD,1.65890000
2014-08-21,JPYUSD,0.00963577
2014-08-22,AUDUSD,0.93090000
2014-08-22,CHFUSD,1.09385255
2014-08-22,EURUSD,1.32370000
2014-08-22,GBPUSD,1.65740000
2014-08-22,JPYUSD,0.00961816
2014-08-25,AUDUSD,0.92960000
2014-08-25,CHFUSD,1.09361330
2014-08-25,EURUSD,1.32060000
2014-08-25,GBPUSD,1.65850000
2014-08-25,JPYUSD,0.00961908
2014-08-26,AUDUSD,0.93200000
2014-08-26,CHFUSD,1.09086942
2014-08-26,EURUSD,1.31890000
2014-08-26,GBPUSD,1.65700000
2014-08-26,JPYUSD,0.00960430
2014-08-27,AUDUSD,0.93350000
2014-08-27,CHFUSD,1.09313511
2014-08-27,EURUSD,1.31920000
2014-08-27,GBPUSD,1.65730000
2014-08-27,JPYUSD,0.00961723
2014-08-28,AUDUSD,0.93520000
2014-08-28,CHFUSD,1.09289617
2014-08-28,EURUSD,1.31780000
2014-08-28,GBPUSD,1.65790000
2014-08-28,JPYUSD,0.00963577
2014-08-29,AUDUSD,0.93440000
2014-08-29,CHFUSD,1.09003706
2014-08-29,EURUSD,1.31500000
2014-08-29,GBPUSD,1.65850000
2014-08-29,JPYUSD,0.00961538
2014-09-02,AUDUSD,0.92760000
2014-09-02,CHFUSD,1.08742932
2014-09-02,EURUSD,1.31240000
2014-09-02,GBPUSD,1.65020000
2014-09-02,JPYUSD,0.00951475
2014-09-03,AUDUSD,0.93410000
2014-09-03,CHFUSD,1.08861311
2014-09-03,EURUSD,1.31360000
2014-09-03,GBPUSD,1.64510000
2014-09-03,JPYUSD,0.00953471
2014-09-04,AUDUSD,0.93610000
2014-09-04,CHFUSD,1.07215611
2014-09-04,EURUSD,1.29260000
2014-09-04,GBPUSD,1.63490000
2014-09-04,JPYUSD,0.00950390
2014-09-05,AUDUSD,0.93760000
2014-09-05,CHFUSD,1.07457554
2014-09-05,EURUSD,1.29560000
2014-09-05,GBPUSD,1.63120000
2014-09-05,JPYUSD,0.00952925
2014-09-08,AUDUSD,0.93000000
2014-09-08,CHFUSD,1.07330686
2014-09-08,EURUSD,1.29480000
2014-09-08,GBPUSD,1.61410000
2014-09-08,JPYUSD,0.00946522
2014-09-09,AUDUSD,0.92070000
2014-09-09,CHFUSD,1.06974754
2014-09-09,EURUSD,1.29090000
2014-09-09,GBPUSD,1.60880000
2014-09-09,JPYUSD,0.00940557
2014-09-10,AUDUSD,0.91530000
2014-09-10,CHFUSD,1.06587082
2014-09-10,EURUSD,1.29080000
2014-09-10,GBPUSD,1.61340000
2014-09-10,JPYUSD,0.00936680
2014-09-11,AUDUSD,0.91150000
2014-09-11,CHFUSD,1.06963312
2014-09-11,EURUSD,1.29360000
2014-09-11,GBPUSD,1.62250000
2014-09-11,JPYUSD,0.00935716
2014-09-12,AUDUSD,0.90470000
2014-09-12,CHFUSD,1.07100782
2014-09-12,EURUSD,1.29550000
2014-09-12,GBPUSD,1.62430000
2014-09-12,JPYUSD,0.00932488
2014-09-15,AUDUSD,0.90270000
2014-09-15,CHFUSD,1.07020548
2014-09-15,EURUSD,1.29510000
2014-09-15,GBPUSD,1.62430000
2014-09-15,JPYUSD,0.00933010
2014-09-16,AUDUSD,0.90960000
2014-09-16,CHFUSD,1.07365257
2014-09-16,EURUSD,1.29760000
2014-09-16,GBPUSD,1.62900000
2014-09-16,JPYUSD,0.00935366
2014-09-17,AUDUSD,0.90280000
2014-09-17,CHFUSD,1.06997646
2014-09-17,EURUSD,1.29580000
2014-09-17,GBPUSD,1.63290000
2014-09-17,JPYUSD,0.00929541
2014-09-18,AUDUSD,0.89840000
2014-09-18,CHFUSD,1.07020548
2014-09-18,EURUSD,1.29130000
2014-09-18,GBPUSD,1.63720000
2014-09-18,JPYUSD,0.00920048
2014-09-19,AUDUSD,0.89350000
2014-09-19,CHFUSD,1.06337729
2014-09-19,EURUSD,1.28350000
2014-09-19,GBPUSD,1.63140000
2014-09-19,JPYUSD,0.00917768
2014-09-22,AUDUSD,0.88760000
2014-09-22,CHFUSD,1.06269926
2014-09-22,EURUSD,1.28290000
2014-09-22,GBPUSD,1.63400000
2014-09-22,JPYUSD,0.00918442
2014-09-23,AUDUSD,0.88530000
2014-09-23,CHFUSD,1.06541658
2014-09-23,EURUSD,1.28580000
2014-09-23,GBPUSD,1.63700000
2014-09-23,JPYUSD,0.00918949
2014-09-24,AUDUSD,0.88700000
2014-09-24,CHFUSD,1.05864916
2014-09-24,EURUSD,1.27880000
2014-09-24,GBPUSD,1.63440000
2014-09-24,JPYUSD,0.00918105
2014-09-25,AUDUSD,0.87960000
2014-09-25,CHFUSD,1.05630083
2014-09-25,EURUSD,1.27480000
2014-09-25,GBPUSD,1.63130000
2014-09-25,JPYUSD,0.00919963
2014-09-26,AUDUSD,0.87610000
2014-09-26,CHFUSD,1.05119310
2014-09-26,EURUSD,1.26860000
2014-09-26,GBPUSD,1.62540000
2014-09-26,JPYUSD,0.00914746
2014-09-29,AUDUSD,0.87380000
2014-09-29,CHFUSD,1.05285323
2014-09-29,EURUSD,1.27030000
2014-09-29,GBPUSD,1.62620000
2014-09-29,JPYUSD,0.00914578
2014-09-30,AUDUSD,0.87370000
2014-09-30,CHFUSD,1.04668202
2014-09-30,EURUSD,1.26280000
2014-09-30,GBPUSD,1.62200000
2014-09-30,JPYUSD,0.00911910
2014-10-01,AUDUSD,0.87340000
2014-10-01,CHFUSD,1.04536902
2014-10-01,EURUSD,1.26180000
2014-10-01,GBPUSD,1.62160000
2014-10-01,JPYUSD,0.00914913
2014-10-02,AUDUSD,0.87930000
2014-10-02,CHFUSD,1.04909778
2014-10-02,EURUSD,1.26700000
2014-10-02,GBPUSD,1.61400000
2014-10-02,JPYUSD,0.00925069
2014-10-03,AUDUSD,0.86750000
2014-10-03,CHFUSD,1.03412616
2014-10-03,EURUSD,1.25170000
2014-10-03,GBPUSD,1.59620000
2014-10-03,JPYUSD,0.00911577
2014-10-06,AUDUSD,0.87470000
2014-10-06,CHFUSD,1.03885311
2014-10-06,EURUSD,1.25920000
2014-10-06,GBPUSD,1.60290000
2014-10-06,JPYUSD,0.00916758
2014-10-07,AUDUSD,0.88080000
2014-10-07,CHFUSD,1.04101603
2014-10-07,EURUSD,1.26260000
2014-10-07,GBPUSD,1.60720000
2014-10-07,JPYUSD,0.00923361
2014-10-08,AUDUSD,0.87510000
2014-10-08,CHFUSD,1.04558762
2014-10-08,EURUSD,1.26830000
2014-10-08,GBPUSD,1.60680000
2014-10-08,JPYUSD,0.00922424
2014-10-09,AUDUSD,0.87780000
2014-10-09,CHFUSD,1.04766894
2014-10-09,EURUSD,1.26830000
2014-10-09,GBPUSD,1.61230000
2014-10-09,JPYUSD,0.00925926
2014-10-10,AUDUSD,0.87190000
2014-10-10,CHFUSD,1.04515050
2014-10-10,EURUSD,1.26360000
2014-10-10,GBPUSD,1.60490000
2014-10-10,JPYUSD,0.00927386
2014-10-14,AUDUSD,0.87270000
2014-10-14,CHFUSD,1.04865772
2014-10-14,EURUSD,1.26600000
2014-10-14,GBPUSD,1.59300000
2014-10-14,JPYUSD,0.00933271
2014-10-15,AUDUSD,0.87940000
2014-10-15,CHFUSD,1.05887336
2014-10-15,EURUSD,1.27780000
2014-10-15,GBPUSD,1.59590000
2014-10-15,JPYUSD,0.00942863
2014-10-16,AUDUSD,0.87660000
2014-10-16,CHFUSD,1.06100796
2014-10-16,EURUSD,1.28120000
2014-10-16,GBPUSD,1.60650000
2014-10-16,JPYUSD,0.00943574
2014-10-17,AUDUSD,0.87610000
2014-10-17,CHFUSD,1.05618927
2014-10-17,EURUSD,1.27550000
2014-10-17,GBPUSD,1.60860000
2014-10-17,JPYUSD,0.00937031
2014-10-20,AUDUSD,0.87860000
2014-10-20,CHFUSD,1.05954651
2014-10-20,EURUSD,1.27830000
2014-10-20,GBPUSD,1.61370000
2014-10-20,JPYUSD,0.00935716
2014-10-21,AUDUSD,0.87970000
2014-10-21,CHFUSD,1.05462982
2014-10-21,EURUSD,1.27240000
2014-10-21,GBPUSD,1.61340000
2014-10-21,JPYUSD,0.00937207
2014-10-22,AUDUSD,0.87930000
2014-10-22,CHFUSD,1.04931794
2014-10-22,EURUSD,1.26580000
2014-10-22,GBPUSD,1.60700000
2014-10-22,JPYUSD,0.00931793
2014-10-23,AUDUSD,0.87730000
2014-10-23,CHFUSD,1.04876770
2014-10-23,EURUSD,1.26580000
2014-10-23,GBPUSD,1.60370000
2014-10-23,JPYUSD,0.00924556
2014-10-24,AUDUSD,0.88120000
2014-10-24,CHFUSD,1.05108262
2014-10-24,EURUSD,1.26750000
2014-10-24,GBPUSD,1.60980000
2014-10-24,JPYUSD,0.00925412
2014-10-27,AUDUSD,0.87990000
2014-10-27,CHFUSD,1.05440742
2014-10-27,EURUSD,1.27120000
2014-10-27,GBPUSD,1.61330000
2014-10-27,JPYUSD,0.00928419
2014-10-28,AUDUSD,0.88480000
2014-10-28,CHFUSD,1.05674733
2014-10-28,EURUSD,1.27470000
2014-10-28,GBPUSD,1.61570000
2014-10-28,JPYUSD,0.00925926
2014-10-29,AUDUSD,0.89040000
2014-10-29,CHFUSD,1.05797715
2014-10-29,EURUSD,1.27620000
2014-10-29,GBPUSD,1.61490000
2014-10-29,JPYUSD,0.00925069
2014-10-30,AUDUSD,0.88250000
2014-10-30,CHFUSD,1.04690117
2014-10-30,EURUSD,1.26220000
2014-10-30,GBPUSD,1.60230000
2014-10-30,JPYUSD,0.00917936
2014-10-31,AUDUSD,0.87910000
2014-10-31,CHFUSD,1.03917697
2014-10-31,EURUSD,1.25300000
2014-10-31,GBPUSD,1.59990000
2014-10-31,JPYUSD,0.00892140
2014-11-03,AUDUSD,0.87010000
2014-11-03,CHFUSD,1.03573278
2014-11-03,EURUSD,1.24870000
2014-11-03,GBPUSD,1.59860000
2014-11-03,JPYUSD,0.00877809
2014-11-04,AUDUSD,0.87290000
2014-11-04,CHFUSD,1.04210088
2014-11-04,EURUSD,1.25540000
2014-11-04,GBPUSD,1.59910000
2014-11-04,JPYUSD,0.00881523
2014-11-05,AUDUSD,0.85920000
2014-11-05,CHFUSD,1.03734440
2014-11-05,EURUSD,1.24880000
2014-11-05,GBPUSD,1.59840000
2014-11-05,JPYUSD,0.00872448
2014-11-06,AUDUSD,0.85800000
2014-11-06,CHFUSD,1.03071532
2014-11-06,EURUSD,1.24140000
2014-11-06,GBPUSD,1.58620000
2014-11-06,JPYUSD,0.00870549
2014-11-07,AUDUSD,0.86200000
2014-11-07,CHFUSD,1.03263114
2014-11-07,EURUSD,1.24220000
2014-11-07,GBPUSD,1.58440000
2014-11-07,JPYUSD,0.00871612
2014-11-10,AUDUSD,0.86250000
2014-11-10,CHFUSD,1.03327134
2014-11-10,EURUSD,1.24250000
2014-11-10,GBPUSD,1.58570000
2014-11-10,JPYUSD,0.00871232
2014-11-12,AUDUSD,0.87350000
2014-11-12,CHFUSD,1.03626943
2014-11-12,EURUSD,1.24560000
2014-11-12,GBPUSD,1.58150000
2014-11-12,JPYUSD,0.00866401
2014-11-13,AUDUSD,0.87300000
2014-11-13,CHFUSD,1.03799045
2014-11-13,EURUSD,1.24760000
2014-11-13,GBPUSD,1.57170000
2014-11-13,JPYUSD,0.00864827
2014-11-14,AUDUSD,0.87370000
2014-11-14,CHFUSD,1.03993344
2014-11-14,EURUSD,1.24940000
2014-11-14,GBPUSD,1.56570000
2014-11-14,JPYUSD,0.00858222
2014-11-17,AUDUSD,0.87180000
2014-11-17,CHFUSD,1.03594737
2014-11-17,EURUSD,1.24470000
2014-11-17,GBPUSD,1.56450000
2014-11-17,JPYUSD,0.00858811
2014-11-18,AUDUSD,0.87260000
2014-11-18,CHFUSD,1.04351456
2014-11-18,EURUSD,1.25340000
2014-11-18,GBPUSD,1.56480000
2014-11-18,JPYUSD,0.00856458
2014-11-19,AUDUSD,0.86230000
2014-11-19,CHFUSD,1.04471375
2014-11-19,EURUSD,1.25480000
2014-11-19,GBPUSD,1.56700000
2014-11-19,JPYUSD,0.00849618
2014-11-20,AUDUSD,0.86100000
2014-11-20,CHFUSD,1.04210088
2014-11-20,EURUSD,1.25260000
2014-11-20,GBPUSD,1.56830000
2014-11-20,JPYUSD,0.00846453
2014-11-21,AUDUSD,0.86740000
2014-11-21,CHFUSD,1.03135314
2014-11-21,EURUSD,1.23940000
2014-11-21,GBPUSD,1.56720000
2014-11-21,JPYUSD,0.00849329
2014-11-24,AUDUSD,0.86150000
2014-11-24,CHFUSD,1.03348491
2014-11-24,EURUSD,1.24270000
2014-11-24,GBPUSD,1.57010000
2014-11-24,JPYUSD,0.00844666
2014-11-25,AUDUSD,0.85200000
2014-11-25,CHFUSD,1.03680664
2014-11-25,EURUSD,1.24720000
2014-11-25,GBPUSD,1.57140000
2014-11-25,JPYUSD,0.00847529
2014-11-26,AUDUSD,0.85340000
2014-11-26,CHFUSD,1.04014978
2014-11-26,EURUSD,1.25030000
2014-11-26,GBPUSD,1.57870000
2014-11-26,JPYUSD,0.00850340
2014-11-28,AUDUSD,0.85240000
2014-11-28,CHFUSD,1.03541106
2014-11-28,EURUSD,1.24380000
2014-11-28,GBPUSD,1.56380000
2014-11-28,JPYUSD,0.00842460
2014-12-01,AUDUSD,0.85210000
2014-12-01,CHFUSD,1.03831378
2014-12-01,EURUSD,1.24900000
2014-12-01,GBPUSD,1.57430000
2014-12-01,JPYUSD,0.00846453
2014-12-02,AUDUSD,0.84570000
2014-12-02,CHFUSD,1.02880658
2014-12-02,EURUSD,1.23900000
2014-12-02,GBPUSD,1.56510000
2014-12-02,JPYUSD,0.00839631
2014-12-03,AUDUSD,0.84170000
2014-12-03,CHFUSD,1.02259945
2014-12-03,EURUSD,1.23040000
2014-12-03,GBPUSD,1.57000000
2014-12-03,JPYUSD,0.00834585
2014-12-04,AUDUSD,0.84050000
2014-12-04,CHFUSD,1.03369857
2014-12-04,EURUSD,1.24320000
2014-12-04,GBPUSD,1.57070000
2014-12-04,JPYUSD,0.00835631
2014-12-05,AUDUSD,0.83300000
2014-12-05,CHFUSD,1.02333197
2014-12-05,EURUSD,1.23040000
2014-12-05,GBPUSD,1.56000000
2014-12-05,JPYUSD,0.00823859
2014-12-08,AUDUSD,0.82960000
2014-12-08,CHFUSD,1.02270403
2014-12-08,EURUSD,1.22920000
2014-12-08,GBPUSD,1.56250000
2014-12-08,JPYUSD,0.00827198
2014-12-09,AUDUSD,0.83410000
2014-12-09,CHFUSD,1.03305785
2014-12-09,EURUSD,1.24150000
2014-12-09,GBPUSD,1.56940000
2014-12-09,JPYUSD,0.00841255
2014-12-10,AUDUSD,0.83050000
2014-12-10,CHFUSD,1.03305785
2014-12-10,EURUSD,1.24250000
2014-12-10,GBPUSD,1.56890000
2014-12-10,JPYUSD,0.00843882
2014-12-11,AUDUSD,0.82650000
2014-12-11,CHFUSD,1.03220479
2014-12-11,EURUSD,1.23970000
2014-12-11,GBPUSD,1.57120000
2014-12-11,JPYUSD,0.00837521
2014-12-12,AUDUSD,0.82680000
2014-12-12,CHFUSD,1.03950104
2014-12-12,EURUSD,1.24840000
2014-12-12,GBPUSD,1.57280000
2014-12-12,JPYUSD,0.00845881
2014-12-15,AUDUSD,0.82320000
2014-12-15,CHFUSD,1.03820598
2014-12-15,EURUSD,1.24700000
2014-12-15,GBPUSD,1.56630000
2014-12-15,JPYUSD,0.00849257
2014-12-16,AUDUSD,0.82200000
2014-12-16,CHFUSD,1.04123282
2014-12-16,EURUSD,1.25040000
2014-12-16,GBPUSD,1.57360000
2014-12-16,JPYUSD,0.00852660
2014-12-17,AUDUSD,0.81730000
2014-12-17,CHFUSD,1.03316458
2014-12-17,EURUSD,1.24060000
2014-12-17,GBPUSD,1.56520000
2014-12-17,JPYUSD,0.00850051
2014-12-18,AUDUSD,0.81680000
2014-12-18,CHFUSD,1.02103329
2014-12-18,EURUSD,1.22910000
2014-12-18,GBPUSD,1.56620000
2014-12-18,JPYUSD,0.00841468
2014-12-19,AUDUSD,0.81280000
2014-12-19,CHFUSD,1.01708706
2014-12-19,EURUSD,1.22350000
2014-12-19,GBPUSD,1.56090000
2014-12-19,JPYUSD,0.00836400
2014-12-22,AUDUSD,0.81410000
2014-12-22,CHFUSD,1.01832994
2014-12-22,EURUSD,1.22520000
2014-12-22,GBPUSD,1.56180000
2014-12-22,JPYUSD,0.00834446
2014-12-23,AUDUSD,0.80970000
2014-12-23,CHFUSD,1.01296596
2014-12-23,EURUSD,1.21800000
2014-12-23,GBPUSD,1.55170000
2014-12-23,JPYUSD,0.00828638
2014-12-24,AUDUSD,0.81090000
2014-12-24,CHFUSD,1.01368474
2014-12-24,EURUSD,1.21880000
2014-12-24,GBPUSD,1.55490000
2014-12-24,JPYUSD,0.00830220
2014-12-29,AUDUSD,0.81460000
2014-12-29,CHFUSD,1.01235068
2014-12-29,EURUSD,1.21790000
2014-12-29,GBPUSD,1.55240000
2014-12-29,JPYUSD,0.00829394
2014-12-30,AUDUSD,0.81990000
2014-12-30,CHFUSD,1.01214575
2014-12-30,EURUSD,1.21740000
2014-12-30,GBPUSD,1.55730000
2014-12-30,JPYUSD,0.00837942
2014-12-31,AUDUSD,0.81730000
2014-12-31,CHFUSD,1.00664385
2014-12-31,EURUSD,1.21010000
2014-12-31,GBPUSD,1.55780000
2014-12-31,JPYUSD,0.00834376
2015-01-02,AUDUSD,0.81180000
2015-01-02,CHFUSD,0.99960016
2015-01-02,EURUSD,1.20150000
2015-01-02,GBPUSD,1.53610000
2015-01-02,JPYUSD,0.00831947
2015-01-05,AUDUSD,0.80950000
2015-01-05,CHFUSD,0.99216192
2015-01-05,EURUSD,1.19180000
2015-01-05,GBPUSD,1.52340000
2015-01-05,JPYUSD,0.00835841
2015-01-06,AUDUSD,0.81180000
2015-01-06,CHFUSD,0.99383820
2015-01-06,EURUSD,1.19360000
2015-01-06,GBPUSD,1.51740000
2015-01-06,JPYUSD,0.00845594
2015-01-07,AUDUSD,0.80490000
2015-01-07,CHFUSD,0.98425197
2015-01-07,EURUSD,1.18200000
2015-01-07,GBPUSD,1.50730000
2015-01-07,JPYUSD,0.00836680
2015-01-08,AUDUSD,0.81260000
2015-01-08,CHFUSD,0.98338086
2015-01-08,EURUSD,1.18110000
2015-01-08,GBPUSD,1.51180000
2015-01-08,JPYUSD,0.00836750
2015-01-09,AUDUSD,0.81910000
2015-01-09,CHFUSD,0.98512462
2015-01-09,EURUSD,1.18300000
2015-01-09,GBPUSD,1.51510000
2015-01-09,JPYUSD,0.00842744
2015-01-12,AUDUSD,0.81650000
2015-01-12,CHFUSD,0.98522167
2015-01-12,EURUSD,1.18320000
2015-01-12,GBPUSD,1.51680000
2015-01-12,JPYUSD,0.00845166
2015-01-13,AUDUSD,0.81640000
2015-01-13,CHFUSD,0.98087298
2015-01-13,EURUSD,1.17790000
2015-01-13,GBPUSD,1.51660000
2015-01-13,JPYUSD,0.00846310
2015-01-14,AUDUSD,0.81630000
2015-01-14,CHFUSD,0.98309084
2015-01-14,EURUSD,1.18060000
2015-01-14,GBPUSD,1.52340000
2015-01-14,JPYUSD,0.00856311
2015-01-15,AUDUSD,0.82120000
2015-01-15,CHFUSD,1.11982083
2015-01-15,EURUSD,1.15980000
2015-01-15,GBPUSD,1.51610000
2015-01-15,JPYUSD,0.00855066
2015-01-16,AUDUSD,0.81940000
2015-01-16,CHFUSD,1.17813384
2015-01-16,EURUSD,1.15170000
2015-01-16,GBPUSD,1.51320000
2015-01-16,JPYUSD,0.00851426
2015-01-20,AUDUSD,0.81770000
2015-01-20,CHFUSD,1.14272655
2015-01-20,EURUSD,1.15590000
2015-01-20,GBPUSD,1.51620000
2015-01-20,JPYUSD,0.00844024
2015-01-21,AUDUSD,0.81010000
2015-01-21,CHFUSD,1.16333178
2015-01-21,EURUSD,1.15840000
2015-01-21,GBPUSD,1.51180000
2015-01-21,JPYUSD,0.00848464
2015-01-22,AUDUSD,0.80990000
2015-01-22,CHFUSD,1.15233925
2015-01-22,EURUSD,1.14140000
2015-01-22,GBPUSD,1.50520000
2015-01-22,JPYUSD,0.00848033
2015-01-23,AUDUSD,0.79350000
2015-01-23,CHFUSD,1.14155251
2015-01-23,EURUSD,1.12790000
2015-01-23,GBPUSD,1.50220000
2015-01-23,JPYUSD,0.00848896
2015-01-26,AUDUSD,0.79340000
2015-01-26,CHFUSD,1.11259457
2015-01-26,EURUSD,1.12900000
2015-01-26,GBPUSD,1.50880000
2015-01-26,JPYUSD,0.00844737
2015-01-27,AUDUSD,0.79390000
2015-01-27,CHFUSD,1.10595001
2015-01-27,EURUSD,1.13700000
2015-01-27,GBPUSD,1.51960000
2015-01-27,JPYUSD,0.00850196
2015-01-28,AUDUSD,0.79730000
2015-01-28,CHFUSD,1.10436223
2015-01-28,EURUSD,1.13420000
2015-01-28,GBPUSD,1.51650000
2015-01-28,JPYUSD,0.00849329
2015-01-29,AUDUSD,0.77580000
2015-01-29,CHFUSD,1.08389334
2015-01-29,EURUSD,1.13080000
2015-01-29,GBPUSD,1.50430000
2015-01-29,JPYUSD,0.00845237
2015-01-30,AUDUSD,0.77620000
2015-01-30,CHFUSD,1.08577633
2015-01-30,EURUSD,1.12900000
2015-01-30,GBPUSD,1.50260000
2015-01-30,JPYUSD,0.00851499
2015-02-02,AUDUSD,0.78180000
2015-02-02,CHFUSD,1.07968041
2015-02-02,EURUSD,1.13370000
2015-02-02,GBPUSD,1.50270000
2015-02-02,JPYUSD,0.00852297
2015-02-03,AUDUSD,0.77370000
2015-02-03,CHFUSD,1.08295430
2015-02-03,EURUSD,1.14620000
2015-02-03,GBPUSD,1.51290000
2015-02-03,JPYUSD,0.00851209
2015-02-04,AUDUSD,0.77610000
2015-02-04,CHFUSD,1.08248539
2015-02-04,EURUSD,1.14180000
2015-02-04,GBPUSD,1.52090000
2015-02-04,JPYUSD,0.00850485
2015-02-05,AUDUSD,0.78030000
2015-02-05,CHFUSD,1.08131488
2015-02-05,EURUSD,1.14320000
2015-02-05,GBPUSD,1.52930000
2015-02-05,JPYUSD,0.00851789
2015-02-06,AUDUSD,0.78070000
2015-02-06,CHFUSD,1.08365843
2015-02-06,EURUSD,1.13300000
2015-02-06,GBPUSD,1.52470000
2015-02-06,JPYUSD,0.00839208
2015-02-09,AUDUSD,0.78130000
2015-02-09,CHFUSD,1.08014690
2015-02-09,EURUSD,1.13160000
2015-02-09,GBPUSD,1.52170000
2015-02-09,JPYUSD,0.00842460
2015-02-10,AUDUSD,0.77810000
2015-02-10,CHFUSD,1.07956386
2015-02-10,EURUSD,1.13160000
2015-02-10,GBPUSD,1.52520000
2015-02-10,JPYUSD,0.00838082
2015-02-11,AUDUSD,0.77130000
2015-02-11,CHFUSD,1.07665805
2015-02-11,EURUSD,1.13000000
2015-02-11,GBPUSD,1.52320000
2015-02-11,JPYUSD,0.00830703
2015-02-12,AUDUSD,0.77630000
2015-02-12,CHFUSD,1.07723796
2015-02-12,EURUSD,1.14100000
2015-02-12,GBPUSD,1.53800000
2015-02-12,JPYUSD,0.00842318
2015-02-13,AUDUSD,0.77720000
2015-02-13,CHFUSD,1.07434465
2015-02-13,EURUSD,1.14080000
2015-02-13,GBPUSD,1.53940000
2015-02-13,JPYUSD,0.00842460
2015-02-17,AUDUSD,0.78160000
2015-02-17,CHFUSD,1.06997646
2015-02-17,EURUSD,1.13950000
2015-02-17,GBPUSD,1.53490000
2015-02-17,JPYUSD,0.00840407
2015-02-18,AUDUSD,0.77780000
2015-02-18,CHFUSD,1.05864916
2015-02-18,EURUSD,1.13420000
2015-02-18,GBPUSD,1.54300000
2015-02-18,JPYUSD,0.00838997
2015-02-19,AUDUSD,0.78100000
2015-02-19,CHFUSD,1.05574324
2015-02-19,EURUSD,1.13920000
2015-02-19,GBPUSD,1.54510000
2015-02-19,JPYUSD,0.00841468
2015-02-20,AUDUSD,0.78330000
2015-02-20,CHFUSD,1.06168383
2015-02-20,EURUSD,1.13720000
2015-02-20,GBPUSD,1.53850000
2015-02-20,JPYUSD,0.00842602
2015-02-23,AUDUSD,0.78070000
2015-02-23,CHFUSD,1.05329682
2015-02-23,EURUSD,1.13460000
2015-02-23,GBPUSD,1.54650000
2015-02-23,JPYUSD,0.00841184
2015-02-24,AUDUSD,0.78080000
2015-02-24,CHFUSD,1.05086171
2015-02-24,EURUSD,1.13070000
2015-02-24,GBPUSD,1.54340000
2015-02-24,JPYUSD,0.00839419
2015-02-25,AUDUSD,0.78980000
2015-02-25,CHFUSD,1.05307498
2015-02-25,EURUSD,1.13630000
2015-02-25,GBPUSD,1.54990000
2015-02-25,JPYUSD,0.00841184
2015-02-26,AUDUSD,0.78160000
2015-02-26,CHFUSD,1.04821803
2015-02-26,EURUSD,1.12120000
2015-02-26,GBPUSD,1.54240000
2015-02-26,JPYUSD,0.00837802
2015-02-27,AUDUSD,0.78100000
2015-02-27,CHFUSD,1.05119310
2015-02-27,EURUSD,1.11970000
2015-02-27,GBPUSD,1.54390000
2015-02-27,JPYUSD,0.00835282
2015-03-02,AUDUSD,0.77800000
2015-03-02,CHFUSD,1.04679158
2015-03-02,EURUSD,1.11900000
2015-03-02,GBPUSD,1.53710000
2015-03-02,JPYUSD,0.00832917
2015-03-03,AUDUSD,0.78400000
2015-03-03,CHFUSD,1.04275287
2015-03-03,EURUSD,1.12120000
2015-03-03,GBPUSD,1.53910000
2015-03-03,JPYUSD,0.00837030
2015-03-04,AUDUSD,0.78210000
2015-03-04,CHFUSD,1.03734440
2015-03-04,EURUSD,1.10700000
2015-03-04,GBPUSD,1.52660000
2015-03-04,JPYUSD,0.00835003
2015-03-05,AUDUSD,0.77630000
2015-03-05,CHFUSD,1.02711586
2015-03-05,EURUSD,1.10060000
2015-03-05,GBPUSD,1.52290000
2015-03-05,JPYUSD,0.00831808
2015-03-06,AUDUSD,0.77120000
2015-03-06,CHFUSD,1.01564087
2015-03-06,EURUSD,1.08550000
2015-03-06,GBPUSD,1.50630000
2015-03-06,JPYUSD,0.00826925
2015-03-09,AUDUSD,0.77160000
2015-03-09,CHFUSD,1.01286336
2015-03-09,EURUSD,1.08460000
2015-03-09,GBPUSD,1.50970000
2015-03-09,JPYUSD,0.00825287
2015-03-10,AUDUSD,0.76370000
2015-03-10,CHFUSD,1.00040016
2015-03-10,EURUSD,1.07070000
2015-03-10,GBPUSD,1.50860000
2015-03-10,JPYUSD,0.00825083
2015-03-11,AUDUSD,0.75820000
2015-03-11,CHFUSD,0.99265436
2015-03-11,EURUSD,1.05760000
2015-03-11,GBPUSD,1.49450000
2015-03-11,JPYUSD,0.00823045
2015-03-12,AUDUSD,0.77050000
2015-03-12,CHFUSD,0.99661152
2015-03-12,EURUSD,1.06150000
2015-03-12,GBPUSD,1.49070000
2015-03-12,JPYUSD,0.00824538
2015-03-13,AUDUSD,0.76310000
2015-03-13,CHFUSD,0.99532199
2015-03-13,EURUSD,1.05240000
2015-03-13,GBPUSD,1.47550000
2015-03-13,JPYUSD,0.00825287
2015-03-16,AUDUSD,0.76560000
2015-03-16,CHFUSD,0.99265436
2015-03-16,EURUSD,1.05750000
2015-03-16,GBPUSD,1.48000000
2015-03-16,JPYUSD,0.00824402
2015-03-17,AUDUSD,0.76150000
2015-03-17,CHFUSD,0.99601594
2015-03-17,EURUSD,1.06050000
2015-03-17,GBPUSD,1.47440000
2015-03-17,JPYUSD,0.00824538
2015-03-18,AUDUSD,0.76530000
2015-03-18,CHFUSD,1.00482315
2015-03-18,EURUSD,1.06430000
2015-03-18,GBPUSD,1.46860000
2015-03-18,JPYUSD,0.00826993
2015-03-19,AUDUSD,0.76180000
2015-03-19,CHFUSD,1.00796291
2015-03-19,EURUSD,1.06210000
2015-03-19,GBPUSD,1.47290000
2015-03-19,JPYUSD,0.00827130
2015-03-20,AUDUSD,0.77590000
2015-03-20,CHFUSD,1.02396068
2015-03-20,EURUSD,1.07920000
2015-03-20,GBPUSD,1.49230000
2015-03-20,JPYUSD,0.00831393
2015-03-23,AUDUSD,0.78480000
2015-03-23,CHFUSD,1.03434009
2015-03-23,EURUSD,1.09280000
2015-03-23,GBPUSD,1.49360000
2015-03-23,JPYUSD,0.00835143
2015-03-24,AUDUSD,0.78690000
2015-03-24,CHFUSD,1.04318798
2015-03-24,EURUSD,1.09080000
2015-03-24,GBPUSD,1.48700000
2015-03-24,JPYUSD,0.00834028
2015-03-25,AUDUSD,0.78560000
2015-03-25,CHFUSD,1.04449551
2015-03-25,EURUSD,1.09860000
2015-03-25,GBPUSD,1.49150000
2015-03-25,JPYUSD,0.00837731
2015-03-26,AUDUSD,0.78360000
2015-03-26,CHFUSD,1.04014978
2015-03-26,EURUSD,1.09190000
2015-03-26,GBPUSD,1.48440000
2015-03-26,JPYUSD,0.00840266
2015-03-27,AUDUSD,0.77540000
2015-03-27,CHFUSD,1.04318798
2015-03-27,EURUSD,1.08910000
2015-03-27,GBPUSD,1.48780000
2015-03-27,JPYUSD,0.00839278
2015-03-30,AUDUSD,0.76450000
2015-03-30,CHFUSD,1.03327134
2015-03-30,EURUSD,1.08180000
2015-03-30,GBPUSD,1.47920000
2015-03-30,JPYUSD,0.00832570
2015-03-31,AUDUSD,0.76250000
2015-03-31,CHFUSD,1.02965404
2015-03-31,EURUSD,1.07410000
2015-03-31,GBPUSD,1.48500000
2015-03-31,JPYUSD,0.00833611
2015-04-01,AUDUSD,0.76150000
2015-04-01,CHFUSD,1.03401923
2015-04-01,EURUSD,1.07680000
2015-04-01,GBPUSD,1.48230000
2015-04-01,JPYUSD,0.00835981
2015-04-02,AUDUSD,0.75660000
2015-04-02,CHFUSD,1.04405930
2015-04-02,EURUSD,1.08740000
2015-04-02,GBPUSD,1.48420000
2015-04-02,JPYUSD,0.00835143
2015-04-03,AUDUSD,0.76450000
2015-04-03,CHFUSD,1.05218855
2015-04-03,EURUSD,1.09900000
2015-04-03,GBPUSD,1.49160000
2015-04-03,JPYUSD,0.00840619
2015-04-06,AUDUSD,0.76570000
2015-04-06,CHFUSD,1.04997900
2015-04-06,EURUSD,1.10080000
2015-04-06,GBPUSD,1.49590000
2015-04-06,JPYUSD,0.00839983
2015-04-07,AUDUSD,0.76460000
2015-04-07,CHFUSD,1.03734440
2015-04-07,EURUSD,1.08500000
2015-04-07,GBPUSD,1.48570000
2015-04-07,JPYUSD,0.00830841
2015-04-08,AUDUSD,0.77150000
2015-04-08,CHFUSD,1.03799045
2015-04-08,EURUSD,1.08180000
2015-04-08,GBPUSD,1.49240000
2015-04-08,JPYUSD,0.00833611
2015-04-09,AUDUSD,0.77060000
2015-04-09,CHFUSD,1.02522042
2015-04-09,EURUSD,1.06710000
2015-04-09,GBPUSD,1.47390000
2015-04-09,JPYUSD,0.00831117
2015-04-10,AUDUSD,0.76740000
2015-04-10,CHFUSD,1.01967982
2015-04-10,EURUSD,1.05980000
2015-04-10,GBPUSD,1.46480000
2015-04-10,JPYUSD,0.00831324
2015-04-13,AUDUSD,0.75790000
2015-04-13,CHFUSD,1.02249489
2015-04-13,EURUSD,1.05820000
2015-04-13,GBPUSD,1.46580000
2015-04-13,JPYUSD,0.00831117
2015-04-14,AUDUSD,0.76380000
2015-04-14,CHFUSD,1.02965404
2015-04-14,EURUSD,1.06720000
2015-04-14,GBPUSD,1.47900000
2015-04-14,JPYUSD,0.00838504
2015-04-15,AUDUSD,0.76100000
2015-04-15,CHFUSD,1.02870075
2015-04-15,EURUSD,1.05960000
2015-04-15,GBPUSD,1.47820000
2015-04-15,JPYUSD,0.00838715
2015-04-16,AUDUSD,0.77960000
2015-04-16,CHFUSD,1.04340568
2015-04-16,EURUSD,1.07420000
2015-04-16,GBPUSD,1.49230000
2015-04-16,JPYUSD,0.00839067
2015-04-17,AUDUSD,0.77760000
2015-04-17,CHFUSD,1.04953820
2015-04-17,EURUSD,1.07800000
2015-04-17,GBPUSD,1.49420000
2015-04-17,JPYUSD,0.00840195
2015-04-20,AUDUSD,0.77270000
2015-04-20,CHFUSD,1.04788850
2015-04-20,EURUSD,1.07630000
2015-04-20,GBPUSD,1.49130000
2015-04-20,JPYUSD,0.00838434
2015-04-21,AUDUSD,0.77410000
2015-04-21,CHFUSD,1.04953820
2015-04-21,EURUSD,1.07580000
2015-04-21,GBPUSD,1.49440000
2015-04-21,JPYUSD,0.00837170
2015-04-22,AUDUSD,0.77710000
2015-04-22,CHFUSD,1.03498241
2015-04-22,EURUSD,1.07290000
2015-04-22,GBPUSD,1.50270000
2015-04-22,JPYUSD,0.00834028
2015-04-23,AUDUSD,0.77820000
2015-04-23,CHFUSD,1.04712042
2015-04-23,EURUSD,1.08030000
2015-04-23,GBPUSD,1.50470000
2015-04-23,JPYUSD,0.00835492
2015-04-24,AUDUSD,0.78250000
2015-04-24,CHFUSD,1.04898773
2015-04-24,EURUSD,1.08760000
2015-04-24,GBPUSD,1.51760000
2015-04-24,JPYUSD,0.00840477
2015-04-27,AUDUSD,0.78590000
2015-04-27,CHFUSD,1.04887770
2015-04-27,EURUSD,1.08920000
2015-04-27,GBPUSD,1.52350000
2015-04-27,JPYUSD,0.00839490
2015-04-28,AUDUSD,0.80170000
2015-04-28,CHFUSD,1.04843783
2015-04-28,EURUSD,1.09790000
2015-04-28,GBPUSD,1.53280000
2015-04-28,JPYUSD,0.00841751
2015-04-29,AUDUSD,0.80650000
2015-04-29,CHFUSD,1.06860440
2015-04-29,EURUSD,1.11740000
2015-04-29,GBPUSD,1.54850000
2015-04-29,JPYUSD,0.00841538
2015-04-30,AUDUSD,0.78670000
2015-04-30,CHFUSD,1.06269926
2015-04-30,EURUSD,1.11620000
2015-04-30,GBPUSD,1.53280000
2015-04-30,JPYUSD,0.00834307
2015-05-01,AUDUSD,0.78130000
2015-05-01,CHFUSD,1.07066381
2015-05-01,EURUSD,1.11940000
2015-05-01,GBPUSD,1.51370000
2015-05-01,JPYUSD,0.00831878
2015-05-04,AUDUSD,0.78390000
2015-05-04,CHFUSD,1.06871861
2015-05-04,EURUSD,1.11450000
2015-05-04,GBPUSD,1.51180000
2015-05-04,JPYUSD,0.00831601
2015-05-05,AUDUSD,0.79410000
2015-05-05,CHFUSD,1.07968041
2015-05-05,EURUSD,1.11740000
2015-05-05,GBPUSD,1.51780000
2015-05-05,JPYUSD,0.00834237
2015-05-06,AUDUSD,0.80050000
2015-05-06,CHFUSD,1.09289617
2015-05-06,EURUSD,1.13450000
2015-05-06,GBPUSD,1.52440000
2015-05-06,JPYUSD,0.00837381
2015-05-07,AUDUSD,0.79140000
2015-05-07,CHFUSD,1.08742932
2015-05-07,EURUSD,1.12830000
2015-05-07,GBPUSD,1.52230000
2015-05-07,JPYUSD,0.00835143
2015-05-08,AUDUSD,0.79140000
2015-05-08,CHFUSD,1.07828337
2015-05-08,EURUSD,1.12410000
2015-05-08,GBPUSD,1.54550000
2015-05-08,JPYUSD,0.00834864
2015-05-11,AUDUSD,0.78990000
2015-05-11,CHFUSD,1.07020548
2015-05-11,EURUSD,1.11420000
2015-05-11,GBPUSD,1.55930000
2015-05-11,JPYUSD,0.00832986
2015-05-12,AUDUSD,0.79890000
2015-05-12,CHFUSD,1.07921433
2015-05-12,EURUSD,1.12400000
2015-05-12,GBPUSD,1.56850000
2015-05-12,JPYUSD,0.00834725
2015-05-13,AUDUSD,0.81180000
2015-05-13,CHFUSD,1.09146475
2015-05-13,EURUSD,1.13720000
2015-05-13,GBPUSD,1.57480000
2015-05-13,JPYUSD,0.00839701
2015-05-14,AUDUSD,0.80820000
2015-05-14,CHFUSD,1.09337415
2015-05-14,EURUSD,1.13680000
2015-05-14,GBPUSD,1.57660000
2015-05-14,JPYUSD,0.00838926
2015-05-15,AUDUSD,0.80530000
2015-05-15,CHFUSD,1.09003706
2015-05-15,EURUSD,1.14280000
2015-05-15,GBPUSD,1.57720000
2015-05-15,JPYUSD,0.00837802
2015-05-18,AUDUSD,0.80010000
2015-05-18,CHFUSD,1.08342362
2015-05-18,EURUSD,1.13540000
2015-05-18,GBPUSD,1.56790000
2015-05-18,JPYUSD,0.00834585
2015-05-19,AUDUSD,0.79180000
2015-05-19,CHFUSD,1.06757767
2015-05-19,EURUSD,1.11510000
2015-05-19,GBPUSD,1.55230000
2015-05-19,JPYUSD,0.00829325
2015-05-20,AUDUSD,0.78770000
2015-05-20,CHFUSD,1.06439596
2015-05-20,EURUSD,1.10790000
2015-05-20,GBPUSD,1.55440000
2015-05-20,JPYUSD,0.00824538
2015-05-21,AUDUSD,0.78880000
2015-05-21,CHFUSD,1.06997646
2015-05-21,EURUSD,1.11260000
2015-05-21,GBPUSD,1.56720000
2015-05-21,JPYUSD,0.00826037
2015-05-22,AUDUSD,0.78280000
2015-05-22,CHFUSD,1.06067034
2015-05-22,EURUSD,1.10330000
2015-05-22,GBPUSD,1.54840000
2015-05-22,JPYUSD,0.00823384
2015-05-26,AUDUSD,0.77380000
2015-05-26,CHFUSD,1.05229927
2015-05-26,EURUSD,1.08760000
2015-05-26,GBPUSD,1.53980000
2015-05-26,JPYUSD,0.00812480
2015-05-27,AUDUSD,0.77120000
2015-05-27,CHFUSD,1.05174590
2015-05-27,EURUSD,1.08880000
2015-05-27,GBPUSD,1.53240000
2015-05-27,JPYUSD,0.00808016
2015-05-28,AUDUSD,0.76310000
2015-05-28,CHFUSD,1.05730598
2015-05-28,EURUSD,1.09140000
2015-05-28,GBPUSD,1.52910000
2015-05-28,JPYUSD,0.00805283
2015-05-29,AUDUSD,0.76590000
2015-05-29,CHFUSD,1.06337729
2015-05-29,EURUSD,1.09940000
2015-05-29,GBPUSD,1.52860000
2015-05-29,JPYUSD,0.00806582
2015-06-01,AUDUSD,0.76130000
2015-06-01,CHFUSD,1.05630083
2015-06-01,EURUSD,1.09130000
2015-06-01,GBPUSD,1.51870000
2015-06-01,JPYUSD,0.00802311
2015-06-02,AUDUSD,0.77480000
2015-06-02,CHFUSD,1.07032003
2015-06-02,EURUSD,1.11300000
2015-06-02,GBPUSD,1.53310000
2015-06-02,JPYUSD,0.00805218
2015-06-03,AUDUSD,0.78030000
2015-06-03,CHFUSD,1.07112254
2015-06-03,EURUSD,1.12850000
2015-06-03,GBPUSD,1.53510000
2015-06-03,JPYUSD,0.00806062
2015-06-04,AUDUSD,0.76730000
2015-06-04,CHFUSD,1.07043460
2015-06-04,EURUSD,1.12710000
2015-06-04,GBPUSD,1.53670000
2015-06-04,JPYUSD,0.00802826
2015-06-05,AUDUSD,0.76220000
2015-06-05,CHFUSD,1.05977109
2015-06-05,EURUSD,1.11080000
2015-06-05,GBPUSD,1.52670000
2015-06-05,JPYUSD,0.00796305
2015-06-08,AUDUSD,0.76500000
2015-06-08,CHFUSD,1.07158165
2015-06-08,EURUSD,1.12320000
2015-06-08,GBPUSD,1.52800000
2015-06-08,JPYUSD,0.00799488
2015-06-09,AUDUSD,0.76850000
2015-06-09,CHFUSD,1.07584723
2015-06-09,EURUSD,1.12840000
2015-06-09,GBPUSD,1.53830000
2015-06-09,JPYUSD,0.00805412
2015-06-10,AUDUSD,0.77490000
2015-06-10,CHFUSD,1.07619458
2015-06-10,EURUSD,1.13070000
2015-06-10,GBPUSD,1.55300000
2015-06-10,JPYUSD,0.00814863
2015-06-11,AUDUSD,0.77260000
2015-06-11,CHFUSD,1.06791969
2015-06-11,EURUSD,1.12360000
2015-06-11,GBPUSD,1.54930000
2015-06-11,JPYUSD,0.00808931
2015-06-12,AUDUSD,0.77420000
2015-06-12,CHFUSD,1.07991361
2015-06-12,EURUSD,1.12780000
2015-06-12,GBPUSD,1.55870000
2015-06-12,JPYUSD,0.00811491
2015-06-15,AUDUSD,0.77670000
2015-06-15,CHFUSD,1.06940434
2015-06-15,EURUSD,1.12660000
2015-06-15,GBPUSD,1.55720000
2015-06-15,JPYUSD,0.00810504
2015-06-16,AUDUSD,0.77530000
2015-06-16,CHFUSD,1.07238606
2015-06-16,EURUSD,1.12380000
2015-06-16,GBPUSD,1.56370000
2015-06-16,JPYUSD,0.00810438
2015-06-17,AUDUSD,0.76670000
2015-06-17,CHFUSD,1.07851596
2015-06-17,EURUSD,1.12440000
2015-06-17,GBPUSD,1.57080000
2015-06-17,JPYUSD,0.00804829
2015-06-18,AUDUSD,0.78310000
2015-06-18,CHFUSD,1.08742932
2015-06-18,EURUSD,1.14040000
2015-06-18,GBPUSD,1.58820000
2015-06-18,JPYUSD,0.00813868
2015-06-19,AUDUSD,0.77580000
2015-06-19,CHFUSD,1.08624810
2015-06-19,EURUSD,1.13350000
2015-06-19,GBPUSD,1.58810000
2015-06-19,JPYUSD,0.00814996
2015-06-22,AUDUSD,0.77450000
2015-06-22,CHFUSD,1.08837614
2015-06-22,EURUSD,1.13780000
2015-06-22,GBPUSD,1.58230000
2015-06-22,JPYUSD,0.00811162
2015-06-23,AUDUSD,0.77390000
2015-06-23,CHFUSD,1.07112254
2015-06-23,EURUSD,1.11900000
2015-06-23,GBPUSD,1.57510000
2015-06-23,JPYUSD,0.00808342
2015-06-24,AUDUSD,0.76890000
2015-06-24,CHFUSD,1.06837607
2015-06-24,EURUSD,1.11780000
2015-06-24,GBPUSD,1.56810000
2015-06-24,JPYUSD,0.00804894
2015-06-25,AUDUSD,0.77410000
2015-06-25,CHFUSD,1.06666667
2015-06-25,EURUSD,1.11960000
2015-06-25,GBPUSD,1.57280000
2015-06-25,JPYUSD,0.00808865
2015-06-26,AUDUSD,0.76500000
2015-06-26,CHFUSD,1.06940434
2015-06-26,EURUSD,1.11560000
2015-06-26,GBPUSD,1.57390000
2015-06-26,JPYUSD,0.00806972
2015-06-29,AUDUSD,0.76770000
2015-06-29,CHFUSD,1.07758621
2015-06-29,EURUSD,1.11800000
2015-06-29,GBPUSD,1.57640000
2015-06-29,JPYUSD,0.00816327
2015-06-30,AUDUSD,0.77040000
2015-06-30,CHFUSD,1.06997646
2015-06-30,EURUSD,1.11540000
2015-06-30,GBPUSD,1.57270000
2015-06-30,JPYUSD,0.00819001
2015-07-01,AUDUSD,0.76640000
2015-07-01,CHFUSD,1.05752961
2015-07-01,EURUSD,1.10840000
2015-07-01,GBPUSD,1.56170000
2015-07-01,JPYUSD,0.00812876
2015-07-02,AUDUSD,0.76300000
2015-07-02,CHFUSD,1.05977109
2015-07-02,EURUSD,1.10900000
2015-07-02,GBPUSD,1.56140000
2015-07-02,JPYUSD,0.00812084
2015-07-06,AUDUSD,0.75210000
2015-07-06,CHFUSD,1.06022053
2015-07-06,EURUSD,1.10760000
2015-07-06,GBPUSD,1.56190000
2015-07-06,JPYUSD,0.00816127
2015-07-07,AUDUSD,0.74350000
2015-07-07,CHFUSD,1.05462982
2015-07-07,EURUSD,1.09520000
2015-07-07,GBPUSD,1.54430000
2015-07-07,JPYUSD,0.00818599
2015-07-08,AUDUSD,0.74450000
2015-07-08,CHFUSD,1.05730598
2015-07-08,EURUSD,1.10720000
2015-07-08,GBPUSD,1.53530000
2015-07-08,JPYUSD,0.00829600
2015-07-09,AUDUSD,0.74380000
2015-07-09,CHFUSD,1.05318589
2015-07-09,EURUSD,1.10250000
2015-07-09,GBPUSD,1.53750000
2015-07-09,JPYUSD,0.00824946
2015-07-10,AUDUSD,0.74270000
2015-07-10,CHFUSD,1.06258634
2015-07-10,EURUSD,1.11500000
2015-07-10,GBPUSD,1.55030000
2015-07-10,JPYUSD,0.00814664
2015-07-13,AUDUSD,0.74070000
2015-07-13,CHFUSD,1.05351875
2015-07-13,EURUSD,1.10200000
2015-07-13,GBPUSD,1.55180000
2015-07-13,JPYUSD,0.00810701
2015-07-14,AUDUSD,0.74500000
2015-07-14,CHFUSD,1.05719421
2015-07-14,EURUSD,1.10150000
2015-07-14,GBPUSD,1.55840000
2015-07-14,JPYUSD,0.00810438
2015-07-15,AUDUSD,0.73660000
2015-07-15,CHFUSD,1.05030984
2015-07-15,EURUSD,1.09650000
2015-07-15,GBPUSD,1.56210000
2015-07-15,JPYUSD,0.00807168
2015-07-16,AUDUSD,0.74300000
2015-07-16,CHFUSD,1.04580632
2015-07-16,EURUSD,1.08980000
2015-07-16,GBPUSD,1.56010000
2015-07-16,JPYUSD,0.00806192
2015-07-17,AUDUSD,0.73710000
2015-07-17,CHFUSD,1.04079933
2015-07-17,EURUSD,1.08480000
2015-07-17,GBPUSD,1.56240000
2015-07-17,JPYUSD,0.00806452
2015-07-20,AUDUSD,0.73800000
2015-07-20,CHFUSD,1.03842160
2015-07-20,EURUSD,1.08500000
2015-07-20,GBPUSD,1.55870000
2015-07-20,JPYUSD,0.00804894
2015-07-21,AUDUSD,0.74290000
2015-07-21,CHFUSD,1.04275287
2015-07-21,EURUSD,1.09270000
2015-07-21,GBPUSD,1.55500000
2015-07-21,JPYUSD,0.00806907
2015-07-22,AUDUSD,0.73680000
2015-07-22,CHFUSD,1.04025798
2015-07-22,EURUSD,1.08840000
2015-07-22,GBPUSD,1.56170000
2015-07-22,JPYUSD,0.00805932
2015-07-23,AUDUSD,0.73750000
2015-07-23,CHFUSD,1.04373239
2015-07-23,EURUSD,1.09760000
2015-07-23,GBPUSD,1.55330000
2015-07-23,JPYUSD,0.00807233
2015-07-24,AUDUSD,0.72790000
2015-07-24,CHFUSD,1.03950104
2015-07-24,EURUSD,1.09760000
2015-07-24,GBPUSD,1.55140000
2015-07-24,JPYUSD,0.00808146
2015-07-27,AUDUSD,0.73040000
2015-07-27,CHFUSD,1.04199229
2015-07-27,EURUSD,1.11120000
2015-07-27,GBPUSD,1.55950000
2015-07-27,JPYUSD,0.00811425
2015-07-28,AUDUSD,0.73250000
2015-07-28,CHFUSD,1.03755966
2015-07-28,EURUSD,1.10550000
2015-07-28,GBPUSD,1.56170000
2015-07-28,JPYUSD,0.00809585
2015-07-29,AUDUSD,0.73070000
2015-07-29,CHFUSD,1.03842160
2015-07-29,EURUSD,1.10260000
2015-07-29,GBPUSD,1.56240000
2015-07-29,JPYUSD,0.00807363
2015-07-30,AUDUSD,0.72780000
2015-07-30,CHFUSD,1.03135314
2015-07-30,EURUSD,1.09140000
2015-07-30,GBPUSD,1.55810000
2015-07-30,JPYUSD,0.00803988
2015-07-31,AUDUSD,0.73320000
2015-07-31,CHFUSD,1.03777501
2015-07-31,EURUSD,1.10280000
2015-07-31,GBPUSD,1.56340000
2015-07-31,JPYUSD,0.00806842
2015-08-03,AUDUSD,0.72770000
2015-08-03,CHFUSD,1.03284445
2015-08-03,EURUSD,1.09620000
2015-08-03,GBPUSD,1.56030000
2015-08-03,JPYUSD,0.00806582
2015-08-04,AUDUSD,0.74190000
2015-08-04,CHFUSD,1.02753802
2015-08-04,EURUSD,1.09530000
2015-08-04,GBPUSD,1.56120000
2015-08-04,JPYUSD,0.00806452
2015-08-05,AUDUSD,0.73460000
2015-08-05,CHFUSD,1.01936799
2015-08-05,EURUSD,1.08680000
2015-08-05,GBPUSD,1.56040000
2015-08-05,JPYUSD,0.00801025
2015-08-06,AUDUSD,0.73430000
2015-08-06,CHFUSD,1.01957586
2015-08-06,EURUSD,1.09220000
2015-08-06,GBPUSD,1.55210000
2015-08-06,JPYUSD,0.00802568
2015-08-07,AUDUSD,0.73930000
2015-08-07,CHFUSD,1.01791531
2015-08-07,EURUSD,1.09580000
2015-08-07,GBPUSD,1.54670000
2015-08-07,JPYUSD,0.00804699
2015-08-10,AUDUSD,0.74040000
2015-08-10,CHFUSD,1.01543461
2015-08-10,EURUSD,1.09940000
2015-08-10,GBPUSD,1.55460000
2015-08-10,JPYUSD,0.00802890
2015-08-11,AUDUSD,0.72880000
2015-08-11,CHFUSD,1.01327389
2015-08-11,EURUSD,1.10420000
2015-08-11,GBPUSD,1.55720000
2015-08-11,JPYUSD,0.00800641
2015-08-12,AUDUSD,0.73750000
2015-08-12,CHFUSD,1.03188525
2015-08-12,EURUSD,1.11980000
2015-08-12,GBPUSD,1.56390000
2015-08-12,JPYUSD,0.00807298
2015-08-13,AUDUSD,0.73610000
2015-08-13,CHFUSD,1.02459016
2015-08-13,EURUSD,1.11440000
2015-08-13,GBPUSD,1.55950000
2015-08-13,JPYUSD,0.00804376
2015-08-14,AUDUSD,0.73760000
2015-08-14,CHFUSD,1.02249489
2015-08-14,EURUSD,1.11100000
2015-08-14,GBPUSD,1.56250000
2015-08-14,JPYUSD,0.00804699
2015-08-17,AUDUSD,0.73860000
2015-08-17,CHFUSD,1.02354145
2015-08-17,EURUSD,1.10780000
2015-08-17,GBPUSD,1.55980000
2015-08-17,JPYUSD,0.00804311
2015-08-18,AUDUSD,0.73340000
2015-08-18,CHFUSD,1.02417042
2015-08-18,EURUSD,1.10280000
2015-08-18,GBPUSD,1.56580000
2015-08-18,JPYUSD,0.00803923
2015-08-19,AUDUSD,0.73160000
2015-08-19,CHFUSD,1.03071532
2015-08-19,EURUSD,1.10610000
2015-08-19,GBPUSD,1.56450000
2015-08-19,JPYUSD,0.00805802
2015-08-20,AUDUSD,0.73570000
2015-08-20,CHFUSD,1.03939299
2015-08-20,EURUSD,1.12000000
2015-08-20,GBPUSD,1.56880000
2015-08-20,JPYUSD,0.00809454
2015-08-21,AUDUSD,0.73430000
2015-08-21,CHFUSD,1.05396290
2015-08-21,EURUSD,1.13560000
2015-08-21,GBPUSD,1.56980000
2015-08-21,JPYUSD,0.00818934
2015-08-24,AUDUSD,0.72020000
2015-08-24,CHFUSD,1.06986199
2015-08-24,EURUSD,1.15800000
2015-08-24,GBPUSD,1.57310000
2015-08-24,JPYUSD,0.00843455
2015-08-25,AUDUSD,0.71830000
2015-08-25,CHFUSD,1.05396290
2015-08-25,EURUSD,1.14100000
2015-08-25,GBPUSD,1.56980000
2015-08-25,JPYUSD,0.00833959
2015-08-26,AUDUSD,0.70870000
2015-08-26,CHFUSD,1.05574324
2015-08-26,EURUSD,1.13900000
2015-08-26,GBPUSD,1.54930000
2015-08-26,JPYUSD,0.00839842
2015-08-27,AUDUSD,0.71790000
2015-08-27,CHFUSD,1.03831378
2015-08-27,EURUSD,1.12390000
2015-08-27,GBPUSD,1.54110000
2015-08-27,JPYUSD,0.00827198
2015-08-28,AUDUSD,0.71290000
2015-08-28,CHFUSD,1.03928497
2015-08-28,EURUSD,1.11720000
2015-08-28,GBPUSD,1.53620000
2015-08-28,JPYUSD,0.00824266
2015-08-31,AUDUSD,0.71000000
2015-08-31,CHFUSD,1.03295114
2015-08-31,EURUSD,1.11940000
2015-08-31,GBPUSD,1.53630000
2015-08-31,JPYUSD,0.00824674
2015-09-01,AUDUSD,0.70360000
2015-09-01,CHFUSD,1.03928497
2015-09-01,EURUSD,1.12630000
2015-09-01,GBPUSD,1.53410000
2015-09-01,JPYUSD,0.00833750
2015-09-02,AUDUSD,0.70110000
2015-09-02,CHFUSD,1.03199174
2015-09-02,EURUSD,1.12420000
2015-09-02,GBPUSD,1.53100000
2015-09-02,JPYUSD,0.00833333
2015-09-03,AUDUSD,0.70250000
2015-09-03,CHFUSD,1.02417042
2015-09-03,EURUSD,1.11040000
2015-09-03,GBPUSD,1.52540000
2015-09-03,JPYUSD,0.00831947
2015-09-04,AUDUSD,0.69170000
2015-09-04,CHFUSD,1.02522042
2015-09-04,EURUSD,1.11170000
2015-09-04,GBPUSD,1.51950000
2015-09-04,JPYUSD,0.00839983
2015-09-08,AUDUSD,0.70230000
2015-09-08,CHFUSD,1.02249489
2015-09-08,EURUSD,1.11820000
2015-09-08,GBPUSD,1.53810000
2015-09-08,JPYUSD,0.00835282
2015-09-09,AUDUSD,0.70240000
2015-09-09,CHFUSD,1.02385584
2015-09-09,EURUSD,1.11650000
2015-09-09,GBPUSD,1.53630000
2015-09-09,JPYUSD,0.00826856
2015-09-10,AUDUSD,0.70860000
2015-09-10,CHFUSD,1.02722137
2015-09-10,EURUSD,1.12620000
2015-09-10,GBPUSD,1.54570000
2015-09-10,JPYUSD,0.00828432
2015-09-11,AUDUSD,0.70740000
2015-09-11,CHFUSD,1.02722137
2015-09-11,EURUSD,1.13380000
2015-09-11,GBPUSD,1.54260000
2015-09-11,JPYUSD,0.00828775
2015-09-14,AUDUSD,0.71370000
2015-09-14,CHFUSD,1.03231135
2015-09-14,EURUSD,1.13070000
2015-09-14,GBPUSD,1.54230000
2015-09-14,JPYUSD,0.00833889
2015-09-15,AUDUSD,0.70920000
2015-09-15,CHFUSD,1.02511533
2015-09-15,EURUSD,1.12600000
2015-09-15,GBPUSD,1.53520000
2015-09-15,JPYUSD,0.00831255
2015-09-16,AUDUSD,0.71860000
2015-09-16,CHFUSD,1.03220479
2015-09-16,EURUSD,1.13040000
2015-09-16,GBPUSD,1.54990000
2015-09-16,JPYUSD,0.00829050
2015-09-17,AUDUSD,0.71470000
2015-09-17,CHFUSD,1.02986612
2015-09-17,EURUSD,1.13120000
2015-09-17,GBPUSD,1.55090000
2015-09-17,JPYUSD,0.00827130
2015-09-18,AUDUSD,0.72220000
2015-09-18,CHFUSD,1.04014978
2015-09-18,EURUSD,1.13580000
2015-09-18,GBPUSD,1.55730000
2015-09-18,JPYUSD,0.00834376
2015-09-21,AUDUSD,0.71250000
2015-09-21,CHFUSD,1.03071532
2015-09-21,EURUSD,1.12040000
2015-09-21,GBPUSD,1.55060000
2015-09-21,JPYUSD,0.00830151
2015-09-22,AUDUSD,0.70780000
2015-09-22,CHFUSD,1.02743245
2015-09-22,EURUSD,1.11330000
2015-09-22,GBPUSD,1.53560000
2015-09-22,JPYUSD,0.00833056
2015-09-23,AUDUSD,0.70040000
2015-09-23,CHFUSD,1.02249489
2015-09-23,EURUSD,1.11600000
2015-09-23,GBPUSD,1.52430000
2015-09-23,JPYUSD,0.00832501
2015-09-24,AUDUSD,0.69980000
2015-09-24,CHFUSD,1.02774923
2015-09-24,EURUSD,1.12520000
2015-09-24,GBPUSD,1.52540000
2015-09-24,JPYUSD,0.00836540
2015-09-25,AUDUSD,0.70140000
2015-09-25,CHFUSD,1.02459016
2015-09-25,EURUSD,1.11920000
2015-09-25,GBPUSD,1.51720000
2015-09-25,JPYUSD,0.00828226
2015-09-28,AUDUSD,0.70050000
2015-09-28,CHFUSD,1.02722137
2015-09-28,EURUSD,1.12360000
2015-09-28,GBPUSD,1.52080000
2015-09-28,JPYUSD,0.00834585
2015-09-29,AUDUSD,0.70070000
2015-09-29,CHFUSD,1.02986612
2015-09-29,EURUSD,1.12460000
2015-09-29,GBPUSD,1.51680000
2015-09-29,JPYUSD,0.00835003
2015-09-30,AUDUSD,0.70200000
2015-09-30,CHFUSD,1.02322726
2015-09-30,EURUSD,1.11620000
2015-09-30,GBPUSD,1.51160000
2015-09-30,JPYUSD,0.00834655
2015-10-01,AUDUSD,0.70440000
2015-10-01,CHFUSD,1.02627258
2015-10-01,EURUSD,1.12000000
2015-10-01,GBPUSD,1.51620000
2015-10-01,JPYUSD,0.00836260
2015-10-02,AUDUSD,0.70250000
2015-10-02,CHFUSD,1.03263114
2015-10-02,EURUSD,1.12760000
2015-10-02,GBPUSD,1.52160000
2015-10-02,JPYUSD,0.00837381
2015-10-05,AUDUSD,0.70880000
2015-10-05,CHFUSD,1.02606197
2015-10-05,EURUSD,1.12000000
2015-10-05,GBPUSD,1.51650000
2015-10-05,JPYUSD,0.00830841
2015-10-06,AUDUSD,0.71430000
2015-10-06,CHFUSD,1.03327134
2015-10-06,EURUSD,1.12660000
2015-10-06,GBPUSD,1.52270000
2015-10-06,JPYUSD,0.00832085
2015-10-07,AUDUSD,0.72130000
2015-10-07,CHFUSD,1.02923014
2015-10-07,EURUSD,1.12490000
2015-10-07,GBPUSD,1.53150000
2015-10-07,JPYUSD,0.00834028
2015-10-08,AUDUSD,0.72250000
2015-10-08,CHFUSD,1.03369857
2015-10-08,EURUSD,1.12820000
2015-10-08,GBPUSD,1.53160000
2015-10-08,JPYUSD,0.00833750
2015-10-09,AUDUSD,0.73280000
2015-10-09,CHFUSD,1.04004160
2015-10-09,EURUSD,1.13630000
2015-10-09,GBPUSD,1.53150000
2015-10-09,JPYUSD,0.00831255
2015-10-13,AUDUSD,0.72830000
2015-10-13,CHFUSD,1.04231812
2015-10-13,EURUSD,1.13820000
2015-10-13,GBPUSD,1.52420000
2015-10-13,JPYUSD,0.00834725
2015-10-14,AUDUSD,0.72560000
2015-10-14,CHFUSD,1.05075129
2015-10-14,EURUSD,1.14370000
2015-10-14,GBPUSD,1.54450000
2015-10-14,JPYUSD,0.00838856
2015-10-15,AUDUSD,0.73160000
2015-10-15,CHFUSD,1.05385183
2015-10-15,EURUSD,1.14180000
2015-10-15,GBPUSD,1.54750000
2015-10-15,JPYUSD,0.00845594
2015-10-16,AUDUSD,0.72610000
2015-10-16,CHFUSD,1.04865772
2015-10-16,EURUSD,1.13600000
2015-10-16,GBPUSD,1.54410000
2015-10-16,JPYUSD,0.00836120
2015-10-19,AUDUSD,0.72540000
2015-10-19,CHFUSD,1.04602510
2015-10-19,EURUSD,1.13200000
2015-10-19,GBPUSD,1.54710000
2015-10-19,JPYUSD,0.00836820
2015-10-20,AUDUSD,0.72560000
2015-10-20,CHFUSD,1.04821803
2015-10-20,EURUSD,1.13590000
2015-10-20,GBPUSD,1.54700000
2015-10-20,JPYUSD,0.00834794
2015-10-21,AUDUSD,0.72260000
2015-10-21,CHFUSD,1.04493208
2015-10-21,EURUSD,1.13450000
2015-10-21,GBPUSD,1.54630000
2015-10-21,JPYUSD,0.00833959
2015-10-22,AUDUSD,0.72200000
2015-10-22,CHFUSD,1.02986612
2015-10-22,EURUSD,1.11400000
2015-10-22,GBPUSD,1.53990000
2015-10-22,JPYUSD,0.00829876
2015-10-23,AUDUSD,0.72150000
2015-10-23,CHFUSD,1.02364623
2015-10-23,EURUSD,1.10160000
2015-10-23,GBPUSD,1.53400000
2015-10-23,JPYUSD,0.00825083
2015-10-26,AUDUSD,0.72620000
2015-10-26,CHFUSD,1.01884870
2015-10-26,EURUSD,1.10510000
2015-10-26,GBPUSD,1.53610000
2015-10-26,JPYUSD,0.00827335
2015-10-27,AUDUSD,0.72330000
2015-10-27,CHFUSD,1.01543461
2015-10-27,EURUSD,1.10520000
2015-10-27,GBPUSD,1.53120000
2015-10-27,JPYUSD,0.00831324
2015-10-28,AUDUSD,0.71430000
2015-10-28,CHFUSD,1.01543461
2015-10-28,EURUSD,1.10660000
2015-10-28,GBPUSD,1.53190000
2015-10-28,JPYUSD,0.00829463
2015-10-29,AUDUSD,0.70810000
2015-10-29,CHFUSD,1.00857287
2015-10-29,EURUSD,1.09630000
2015-10-29,GBPUSD,1.52960000
2015-10-29,JPYUSD,0.00825491
2015-10-30,AUDUSD,0.71330000
2015-10-30,CHFUSD,1.01440454
2015-10-30,EURUSD,1.10420000
2015-10-30,GBPUSD,1.54450000
2015-10-30,JPYUSD,0.00828500
2015-11-02,AUDUSD,0.71410000
2015-11-02,CHFUSD,1.01491931
2015-11-02,EURUSD,1.10260000
2015-11-02,GBPUSD,1.54280000
2015-11-02,JPYUSD,0.00828500
2015-11-03,AUDUSD,0.71730000
2015-11-03,CHFUSD,1.00786132
2015-11-03,EURUSD,1.09460000
2015-11-03,GBPUSD,1.54040000
2015-11-03,JPYUSD,0.00825083
2015-11-04,AUDUSD,0.71480000
2015-11-04,CHFUSD,1.00674519
2015-11-04,EURUSD,1.08610000
2015-11-04,GBPUSD,1.53770000
2015-11-04,JPYUSD,0.00822910
2015-11-05,AUDUSD,0.71480000
2015-11-05,CHFUSD,1.00361301
2015-11-05,EURUSD,1.08690000
2015-11-05,GBPUSD,1.52360000
2015-11-05,JPYUSD,0.00821625
2015-11-06,AUDUSD,0.70340000
2015-11-06,CHFUSD,0.99522293
2015-11-06,EURUSD,1.07460000
2015-11-06,GBPUSD,1.50710000
2015-11-06,JPYUSD,0.00811688
2015-11-09,AUDUSD,0.70460000
2015-11-09,CHFUSD,0.99830289
2015-11-09,EURUSD,1.07670000
2015-11-09,GBPUSD,1.51240000
2015-11-09,JPYUSD,0.00812744
2015-11-10,AUDUSD,0.70300000
2015-11-10,CHFUSD,0.99245732
2015-11-10,EURUSD,1.06860000
2015-11-10,GBPUSD,1.51100000
2015-11-10,JPYUSD,0.00811557
2015-11-12,AUDUSD,0.71160000
2015-11-12,CHFUSD,0.99860196
2015-11-12,EURUSD,1.07680000
2015-11-12,GBPUSD,1.52060000
2015-11-12,JPYUSD,0.00814067
2015-11-13,AUDUSD,0.71180000
2015-11-13,CHFUSD,0.99127676
2015-11-13,EURUSD,1.07220000
2015-11-13,GBPUSD,1.52080000
2015-11-13,JPYUSD,0.00813471
2015-11-16,AUDUSD,0.70850000
2015-11-16,CHFUSD,0.99216192
2015-11-16,EURUSD,1.07080000
2015-11-16,GBPUSD,1.52040000
2015-11-16,JPYUSD,0.00812282
2015-11-17,AUDUSD,0.71150000
2015-11-17,CHFUSD,0.98338086
2015-11-17,EURUSD,1.06340000
2015-11-17,GBPUSD,1.52140000
2015-11-17,JPYUSD,0.00809848
2015-11-18,AUDUSD,0.70780000
2015-11-18,CHFUSD,0.98058443
2015-11-18,EURUSD,1.06380000
2015-11-18,GBPUSD,1.52100000
2015-11-18,JPYUSD,0.00809651
2015-11-19,AUDUSD,0.72080000
2015-11-19,CHFUSD,0.98619329
2015-11-19,EURUSD,1.07460000
2015-11-19,GBPUSD,1.53270000
2015-11-19,JPYUSD,0.00814930
2015-11-20,AUDUSD,0.72330000
2015-11-20,CHFUSD,0.98202887
2015-11-20,EURUSD,1.06600000
2015-11-20,GBPUSD,1.51990000
2015-11-20,JPYUSD,0.00814332
2015-11-23,AUDUSD,0.71880000
2015-11-23,CHFUSD,0.97991181
2015-11-23,EURUSD,1.06020000
2015-11-23,GBPUSD,1.51250000
2015-11-23,JPYUSD,0.00812876
2015-11-24,AUDUSD,0.72410000
2015-11-24,CHFUSD,0.98415510
2015-11-24,EURUSD,1.06520000
2015-11-24,GBPUSD,1.50570000
2015-11-24,JPYUSD,0.00816526
2015-11-25,AUDUSD,0.72460000
2015-11-25,CHFUSD,0.97847358
2015-11-25,EURUSD,1.06160000
2015-11-25,GBPUSD,1.51090000
2015-11-25,JPYUSD,0.00814996
2015-11-27,AUDUSD,0.71920000
2015-11-27,CHFUSD,0.97040272
2015-11-27,EURUSD,1.05960000
2015-11-27,GBPUSD,1.50400000
2015-11-27,JPYUSD,0.00814067
2015-11-30,AUDUSD,0.72350000
2015-11-30,CHFUSD,0.97257343
2015-11-30,EURUSD,1.05620000
2015-11-30,GBPUSD,1.50440000
2015-11-30,JPYUSD,0.00811557
2015-12-01,AUDUSD,0.73200000
2015-12-01,CHFUSD,0.97125097
2015-12-01,EURUSD,1.06200000
2015-12-01,GBPUSD,1.50740000
2015-12-01,JPYUSD,0.00813802
2015-12-02,AUDUSD,0.73090000
2015-12-02,CHFUSD,0.97333074
2015-12-02,EURUSD,1.05730000
2015-12-02,GBPUSD,1.49270000
2015-12-02,JPYUSD,0.00809585
2015-12-03,AUDUSD,0.73100000
2015-12-03,CHFUSD,1.00040016
2015-12-03,EURUSD,1.09020000
2015-12-03,GBPUSD,1.50880000
2015-12-03,JPYUSD,0.00812612
2015-12-04,AUDUSD,0.73460000
2015-12-04,CHFUSD,1.00140196
2015-12-04,EURUSD,1.08840000
2015-12-04,GBPUSD,1.51000000
2015-12-04,JPYUSD,0.00812348
2015-12-07,AUDUSD,0.72680000
2015-12-07,CHFUSD,0.99740674
2015-12-07,EURUSD,1.08400000
2015-12-07,GBPUSD,1.50760000
2015-12-07,JPYUSD,0.00810964
2015-12-08,AUDUSD,0.72110000
2015-12-08,CHFUSD,1.00603622
2015-12-08,EURUSD,1.08760000
2015-12-08,GBPUSD,1.50000000
2015-12-08,JPYUSD,0.00813008
2015-12-09,AUDUSD,0.72040000
2015-12-09,CHFUSD,1.01358200
2015-12-09,EURUSD,1.09840000
2015-12-09,GBPUSD,1.51680000
2015-12-09,JPYUSD,0.00820614
2015-12-10,AUDUSD,0.72990000
2015-12-10,CHFUSD,1.01132686
2015-12-10,EURUSD,1.09480000
2015-12-10,GBPUSD,1.51760000
2015-12-10,JPYUSD,0.00823452
2015-12-11,AUDUSD,0.72140000
2015-12-11,CHFUSD,1.01750102
2015-12-11,EURUSD,1.10020000
2015-12-11,GBPUSD,1.52130000
2015-12-11,JPYUSD,0.00826856
2015-12-14,AUDUSD,0.72580000
2015-12-14,CHFUSD,1.01801894
2015-12-14,EURUSD,1.10250000
2015-12-14,GBPUSD,1.51300000
2015-12-14,JPYUSD,0.00829394
2015-12-15,AUDUSD,0.71760000
2015-12-15,CHFUSD,1.00796291
2015-12-15,EURUSD,1.09110000
2015-12-15,GBPUSD,1.50440000
2015-12-15,JPYUSD,0.00821963
2015-12-16,AUDUSD,0.72070000
2015-12-16,CHFUSD,1.01502233
2015-12-16,EURUSD,1.09370000
2015-12-16,GBPUSD,1.50130000
2015-12-16,JPYUSD,0.00820479
2015-12-17,AUDUSD,0.71000000
2015-12-17,CHFUSD,1.00130169
2015-12-17,EURUSD,1.08040000
2015-12-17,GBPUSD,1.48760000
2015-12-17,JPYUSD,0.00814664
2015-12-18,AUDUSD,0.71970000
2015-12-18,CHFUSD,1.00603622
2015-12-18,EURUSD,1.08470000
2015-12-18,GBPUSD,1.49140000
2015-12-18,JPYUSD,0.00825083
2015-12-21,AUDUSD,0.71720000
2015-12-21,CHFUSD,1.00887813
2015-12-21,EURUSD,1.09200000
2015-12-21,GBPUSD,1.49060000
2015-12-21,JPYUSD,0.00826515
2015-12-22,AUDUSD,0.72310000
2015-12-22,CHFUSD,1.01358200
2015-12-22,EURUSD,1.09780000
2015-12-22,GBPUSD,1.48110000
2015-12-22,JPYUSD,0.00826856
2015-12-23,AUDUSD,0.72210000
2015-12-23,CHFUSD,1.00623868
2015-12-23,EURUSD,1.08750000
2015-12-23,GBPUSD,1.48630000
2015-12-23,JPYUSD,0.00826856
2015-12-24,AUDUSD,0.72690000
2015-12-24,CHFUSD,1.01296596
2015-12-24,EURUSD,1.09550000
2015-12-24,GBPUSD,1.49430000
2015-12-24,JPYUSD,0.00831117
2015-12-28,AUDUSD,0.72620000
2015-12-28,CHFUSD,1.01235068
2015-12-28,EURUSD,1.09830000
2015-12-28,GBPUSD,1.48830000
2015-12-28,JPYUSD,0.00831255
2015-12-29,AUDUSD,0.72930000
2015-12-29,CHFUSD,1.00765820
2015-12-29,EURUSD,1.09160000
2015-12-29,GBPUSD,1.47940000
2015-12-29,JPYUSD,0.00830289
2015-12-30,AUDUSD,0.72840000
2015-12-30,CHFUSD,1.01112235
2015-12-30,EURUSD,1.09120000
2015-12-30,GBPUSD,1.48320000
2015-12-30,JPYUSD,0.00829187
2015-12-31,AUDUSD,0.72860000
2015-12-31,CHFUSD,0.99830289
2015-12-31,EURUSD,1.08590000
2015-12-31,GBPUSD,1.47460000
2015-12-31,JPYUSD,0.00831463
2016-01-04,AUDUSD,0.71660000
2016-01-04,CHFUSD,0.99581757
2016-01-04,EURUSD,1.08030000
2016-01-04,GBPUSD,1.46860000
2016-01-04,JPYUSD,0.00838223
2016-01-05,AUDUSD,0.71510000
2016-01-05,CHFUSD,0.99049128
2016-01-05,EURUSD,1.07430000
2016-01-05,GBPUSD,1.46640000
2016-01-05,JPYUSD,0.00840689
2016-01-06,AUDUSD,0.70700000
2016-01-06,CHFUSD,0.99166997
2016-01-06,EURUSD,1.07620000
2016-01-06,GBPUSD,1.46260000
2016-01-06,JPYUSD,0.00843597
2016-01-07,AUDUSD,0.70250000
2016-01-07,CHFUSD,0.99820323
2016-01-07,EURUSD,1.08600000
2016-01-07,GBPUSD,1.45790000
2016-01-07,JPYUSD,0.00847458
2016-01-08,AUDUSD,0.69760000
2016-01-08,CHFUSD,1.00280786
2016-01-08,EURUSD,1.08850000
2016-01-08,GBPUSD,1.45230000
2016-01-08,JPYUSD,0.00849329
2016-01-11,AUDUSD,0.69920000
2016-01-11,CHFUSD,1.00000000
2016-01-11,EURUSD,1.08780000
2016-01-11,GBPUSD,1.45640000
2016-01-11,JPYUSD,0.00851209
2016-01-12,AUDUSD,0.69750000
2016-01-12,CHFUSD,0.99700897
2016-01-12,EURUSD,1.08370000
2016-01-12,GBPUSD,1.44030000
2016-01-12,JPYUSD,0.00849041
2016-01-13,AUDUSD,0.69960000
2016-01-13,CHFUSD,0.99364070
2016-01-13,EURUSD,1.08620000
2016-01-13,GBPUSD,1.44700000
2016-01-13,JPYUSD,0.00847027
2016-01-14,AUDUSD,0.69800000
2016-01-14,CHFUSD,0.99285147
2016-01-14,EURUSD,1.08620000
2016-01-14,GBPUSD,1.44090000
2016-01-14,JPYUSD,0.00847242
2016-01-15,AUDUSD,0.68640000
2016-01-15,CHFUSD,1.00160256
2016-01-15,EURUSD,1.09640000
2016-01-15,GBPUSD,1.42890000
2016-01-15,JPYUSD,0.00856311
2016-01-19,AUDUSD,0.69290000
2016-01-19,CHFUSD,0.99681021
2016-01-19,EURUSD,1.09060000
2016-01-19,GBPUSD,1.41710000
2016-01-19,JPYUSD,0.00849907
2016-01-20,AUDUSD,0.68550000
2016-01-20,CHFUSD,0.99681021
2016-01-20,EURUSD,1.09080000
2016-01-20,GBPUSD,1.41670000
2016-01-20,JPYUSD,0.00859254
2016-01-21,AUDUSD,0.70030000
2016-01-21,CHFUSD,0.98892405
2016-01-21,EURUSD,1.08330000
2016-01-21,GBPUSD,1.41980000
2016-01-21,JPYUSD,0.00850268
2016-01-22,AUDUSD,0.70140000
2016-01-22,CHFUSD,0.98541585
2016-01-22,EURUSD,1.08140000
2016-01-22,GBPUSD,1.43080000
2016-01-22,JPYUSD,0.00844809
2016-01-25,AUDUSD,0.69700000
2016-01-25,CHFUSD,0.98541585
2016-01-25,EURUSD,1.08320000
2016-01-25,GBPUSD,1.42450000
2016-01-25,JPYUSD,0.00843526
2016-01-26,AUDUSD,0.70050000
2016-01-26,CHFUSD,0.98145058
2016-01-26,EURUSD,1.08460000
2016-01-26,GBPUSD,1.43420000
2016-01-26,JPYUSD,0.00843882
2016-01-27,AUDUSD,0.70740000
2016-01-27,CHFUSD,0.98270440
2016-01-27,EURUSD,1.08670000
2016-01-27,GBPUSD,1.42610000
2016-01-27,JPYUSD,0.00841043
2016-01-28,AUDUSD,0.70850000
2016-01-28,CHFUSD,0.98677719
2016-01-28,EURUSD,1.09520000
2016-01-28,GBPUSD,1.43510000
2016-01-28,JPYUSD,0.00843099
2016-01-29,AUDUSD,0.70710000
2016-01-29,CHFUSD,0.97789947
2016-01-29,EURUSD,1.08320000
2016-01-29,GBPUSD,1.41840000
2016-01-29,JPYUSD,0.00826105
2016-02-01,AUDUSD,0.70840000
2016-02-01,CHFUSD,0.98019996
2016-02-01,EURUSD,1.08880000
2016-02-01,GBPUSD,1.43670000
2016-02-01,JPYUSD,0.00826037
2016-02-02,AUDUSD,0.70580000
2016-02-02,CHFUSD,0.98222179
2016-02-02,EURUSD,1.09080000
2016-02-02,GBPUSD,1.43990000
2016-02-02,JPYUSD,0.00831463
2016-02-03,AUDUSD,0.71340000
2016-02-03,CHFUSD,0.99304866
2016-02-03,EURUSD,1.10510000
2016-02-03,GBPUSD,1.45760000
2016-02-03,JPYUSD,0.00848033
2016-02-04,AUDUSD,0.72160000
2016-02-04,CHFUSD,1.00745517
2016-02-04,EURUSD,1.11990000
2016-02-04,GBPUSD,1.45800000
2016-02-04,JPYUSD,0.00856531
2016-02-05,AUDUSD,0.70840000
2016-02-05,CHFUSD,1.00623868
2016-02-05,EURUSD,1.11310000
2016-02-05,GBPUSD,1.44680000
2016-02-05,JPYUSD,0.00854774
2016-02-08,AUDUSD,0.71030000
2016-02-08,CHFUSD,1.01163379
2016-02-08,EURUSD,1.11700000
2016-02-08,GBPUSD,1.44150000
2016-02-08,JPYUSD,0.00864304
2016-02-09,AUDUSD,0.70650000
2016-02-09,CHFUSD,1.02880658
2016-02-09,EURUSD,1.13000000
2016-02-09,GBPUSD,1.44730000
2016-02-09,JPYUSD,0.00871080
2016-02-10,AUDUSD,0.70890000
2016-02-10,CHFUSD,1.02259945
2016-02-10,EURUSD,1.12220000
2016-02-10,GBPUSD,1.44730000
2016-02-10,JPYUSD,0.00876962
2016-02-11,AUDUSD,0.70960000
2016-02-11,CHFUSD,1.03029054
2016-02-11,EURUSD,1.13620000
2016-02-11,GBPUSD,1.44480000
2016-02-11,JPYUSD,0.00895095
2016-02-12,AUDUSD,0.70980000
2016-02-12,CHFUSD,1.02375102
2016-02-12,EURUSD,1.12350000
2016-02-12,GBPUSD,1.44600000
2016-02-12,JPYUSD,0.00885269
2016-02-16,AUDUSD,0.71030000
2016-02-16,CHFUSD,1.01173614
2016-02-16,EURUSD,1.11400000
2016-02-16,GBPUSD,1.42900000
2016-02-16,JPYUSD,0.00877963
2016-02-17,AUDUSD,0.71680000
2016-02-17,CHFUSD,1.00745517
2016-02-17,EURUSD,1.11400000
2016-02-17,GBPUSD,1.43170000
2016-02-17,JPYUSD,0.00876117
2016-02-18,AUDUSD,0.71500000
2016-02-18,CHFUSD,1.00603622
2016-02-18,EURUSD,1.10920000
2016-02-18,GBPUSD,1.43330000
2016-02-18,JPYUSD,0.00880127
2016-02-19,AUDUSD,0.71250000
2016-02-19,CHFUSD,1.01081573
2016-02-19,EURUSD,1.11270000
2016-02-19,GBPUSD,1.43430000
2016-02-19,JPYUSD,0.00889521
2016-02-22,AUDUSD,0.72380000
2016-02-22,CHFUSD,1.00140196
2016-02-22,EURUSD,1.10180000
2016-02-22,GBPUSD,1.41570000
2016-02-22,JPYUSD,0.00884017
2016-02-23,AUDUSD,0.72090000
2016-02-23,CHFUSD,1.00806452
2016-02-23,EURUSD,1.10160000
2016-02-23,GBPUSD,1.40400000
2016-02-23,JPYUSD,0.00891504
2016-02-24,AUDUSD,0.71770000
2016-02-24,CHFUSD,1.01419878
2016-02-24,EURUSD,1.10210000
2016-02-24,GBPUSD,1.39320000
2016-02-24,JPYUSD,0.00897989
2016-02-25,AUDUSD,0.72080000
2016-02-25,CHFUSD,1.01071356
2016-02-25,EURUSD,1.10260000
2016-02-25,GBPUSD,1.39370000
2016-02-25,JPYUSD,0.00887311
2016-02-26,AUDUSD,0.71300000
2016-02-26,CHFUSD,1.00331093
2016-02-26,EURUSD,1.09320000
2016-02-26,GBPUSD,1.38670000
2016-02-26,JPYUSD,0.00878889
2016-02-29,AUDUSD,0.71520000
2016-02-29,CHFUSD,1.00401606
2016-02-29,EURUSD,1.08680000
2016-02-29,GBPUSD,1.39260000
2016-02-29,JPYUSD,0.00885740
2016-03-01,AUDUSD,0.71720000
2016-03-01,CHFUSD,1.00060036
2016-03-01,EURUSD,1.08470000
2016-03-01,GBPUSD,1.39480000
2016-03-01,JPYUSD,0.00877655
2016-03-02,AUDUSD,0.72680000
2016-03-02,CHFUSD,1.00190362
2016-03-02,EURUSD,1.08450000
2016-03-02,GBPUSD,1.40590000
2016-03-02,JPYUSD,0.00878657
2016-03-03,AUDUSD,0.73600000
2016-03-03,CHFUSD,1.00806452
2016-03-03,EURUSD,1.09480000
2016-03-03,GBPUSD,1.41520000
2016-03-03,JPYUSD,0.00880824
2016-03-04,AUDUSD,0.74250000
2016-03-04,CHFUSD,1.00745517
2016-03-04,EURUSD,1.10100000
2016-03-04,GBPUSD,1.42260000
2016-03-04,JPYUSD,0.00877886
2016-03-07,AUDUSD,0.74670000
2016-03-07,CHFUSD,1.00310964
2016-03-07,EURUSD,1.10040000
2016-03-07,GBPUSD,1.42560000
2016-03-07,JPYUSD,0.00880282
2016-03-08,AUDUSD,0.74510000
2016-03-08,CHFUSD,1.00613744
2016-03-08,EURUSD,1.10280000
2016-03-08,GBPUSD,1.42250000
2016-03-08,JPYUSD,0.00888257
2016-03-09,AUDUSD,0.75280000
2016-03-09,CHFUSD,1.00431857
2016-03-09,EURUSD,1.10220000
2016-03-09,GBPUSD,1.42360000
2016-03-09,JPYUSD,0.00884486
2016-03-10,AUDUSD,0.74440000
2016-03-10,CHFUSD,1.01450746
2016-03-10,EURUSD,1.11620000
2016-03-10,GBPUSD,1.43060000
2016-03-10,JPYUSD,0.00884173
2016-03-11,AUDUSD,0.75720000
2016-03-11,CHFUSD,1.01905635
2016-03-11,EURUSD,1.11800000
2016-03-11,GBPUSD,1.44260000
2016-03-11,JPYUSD,0.00879817
2016-03-14,AUDUSD,0.75150000
2016-03-14,CHFUSD,1.01419878
2016-03-14,EURUSD,1.11070000
2016-03-14,GBPUSD,1.43240000
2016-03-14,JPYUSD,0.00880359
2016-03-15,AUDUSD,0.74650000
2016-03-15,CHFUSD,1.01502233
2016-03-15,EURUSD,1.11120000
2016-03-15,GBPUSD,1.41660000
2016-03-15,JPYUSD,0.00885897
2016-03-16,AUDUSD,0.74350000
2016-03-16,CHFUSD,1.01224820
2016-03-16,EURUSD,1.10750000
2016-03-16,GBPUSD,1.41000000
2016-03-16,JPYUSD,0.00879585
2016-03-17,AUDUSD,0.76370000
2016-03-17,CHFUSD,1.03305785
2016-03-17,EURUSD,1.13160000
2016-03-17,GBPUSD,1.44900000
2016-03-17,JPYUSD,0.00898473
2016-03-18,AUDUSD,0.76180000
2016-03-18,CHFUSD,1.03284445
2016-03-18,EURUSD,1.12920000
2016-03-18,GBPUSD,1.45140000
2016-03-18,JPYUSD,0.00897827
2016-03-21,AUDUSD,0.75940000
2016-03-21,CHFUSD,1.03327134
2016-03-21,EURUSD,1.12600000
2016-03-21,GBPUSD,1.44020000
2016-03-21,JPYUSD,0.00895897
2016-03-22,AUDUSD,0.76250000
2016-03-22,CHFUSD,1.03039670
2016-03-22,EURUSD,1.12280000
2016-03-22,GBPUSD,1.42170000
2016-03-22,JPYUSD,0.00894294
2016-03-23,AUDUSD,0.75330000
2016-03-23,CHFUSD,1.02764361
2016-03-23,EURUSD,1.11740000
2016-03-23,GBPUSD,1.41110000
2016-03-23,JPYUSD,0.00887863
2016-03-24,AUDUSD,0.75160000
2016-03-24,CHFUSD,1.02396068
2016-03-24,EURUSD,1.11630000
2016-03-24,GBPUSD,1.41430000
2016-03-24,JPYUSD,0.00887784
2016-03-25,AUDUSD,0.75180000
2016-03-25,CHFUSD,1.02249489
2016-03-25,EURUSD,1.11640000
2016-03-25,GBPUSD,1.41310000
2016-03-25,JPYUSD,0.00884564
2016-03-28,AUDUSD,0.75490000
2016-03-28,CHFUSD,1.02753802
2016-03-28,EURUSD,1.12100000
2016-03-28,GBPUSD,1.42500000
2016-03-28,JPYUSD,0.00882690
2016-03-29,AUDUSD,0.75670000
2016-03-29,CHFUSD,1.02627258
2016-03-29,EURUSD,1.12040000
2016-03-29,GBPUSD,1.42810000
2016-03-29,JPYUSD,0.00882379
2016-03-30,AUDUSD,0.76670000
2016-03-30,CHFUSD,1.03777501
2016-03-30,EURUSD,1.13300000
2016-03-30,GBPUSD,1.43900000
2016-03-30,JPYUSD,0.00888099
2016-03-31,AUDUSD,0.76770000
2016-03-31,CHFUSD,1.04351456
2016-03-31,EURUSD,1.13900000
2016-03-31,GBPUSD,1.43810000
2016-03-31,JPYUSD,0.00889521
2016-04-01,AUDUSD,0.76720000
2016-04-01,CHFUSD,1.04297038
2016-04-01,EURUSD,1.13850000
2016-04-01,GBPUSD,1.42040000
2016-04-01,JPYUSD,0.00892379
2016-04-04,AUDUSD,0.76140000
2016-04-04,CHFUSD,1.04199229
2016-04-04,EURUSD,1.13860000
2016-04-04,GBPUSD,1.42790000
2016-04-04,JPYUSD,0.00899442
2016-04-05,AUDUSD,0.75190000
2016-04-05,CHFUSD,1.04471375
2016-04-05,EURUSD,1.13740000
2016-04-05,GBPUSD,1.41490000
2016-04-05,JPYUSD,0.00906947
2016-04-06,AUDUSD,0.76130000
2016-04-06,CHFUSD,1.04854776
2016-04-06,EURUSD,1.14300000
2016-04-06,GBPUSD,1.41620000
2016-04-06,JPYUSD,0.00912159
2016-04-07,AUDUSD,0.75040000
2016-04-07,CHFUSD,1.04690117
2016-04-07,EURUSD,1.13860000
2016-04-07,GBPUSD,1.40820000
2016-04-07,JPYUSD,0.00926097
2016-04-08,AUDUSD,0.75540000
2016-04-08,CHFUSD,1.04865772
2016-04-08,EURUSD,1.14060000
2016-04-08,GBPUSD,1.41050000
2016-04-08,JPYUSD,0.00922850
2016-04-11,AUDUSD,0.75990000
2016-04-11,CHFUSD,1.04843783
2016-04-11,EURUSD,1.14120000
2016-04-11,GBPUSD,1.42400000
2016-04-11,JPYUSD,0.00926269
2016-04-12,AUDUSD,0.76590000
2016-04-12,CHFUSD,1.04755919
2016-04-12,EURUSD,1.13950000
2016-04-12,GBPUSD,1.42440000
2016-04-12,JPYUSD,0.00921319
2016-04-13,AUDUSD,0.76490000
2016-04-13,CHFUSD,1.03616206
2016-04-13,EURUSD,1.12810000
2016-04-13,GBPUSD,1.42230000
2016-04-13,JPYUSD,0.00915667
2016-04-14,AUDUSD,0.77050000
2016-04-14,CHFUSD,1.03444709
2016-04-14,EURUSD,1.12620000
2016-04-14,GBPUSD,1.41480000
2016-04-14,JPYUSD,0.00915751
2016-04-15,AUDUSD,0.77170000
2016-04-15,CHFUSD,1.03412616
2016-04-15,EURUSD,1.12950000
2016-04-15,GBPUSD,1.42170000
2016-04-15,JPYUSD,0.00919456
2016-04-18,AUDUSD,0.77460000
2016-04-18,CHFUSD,1.03777501
2016-04-18,EURUSD,1.13220000
2016-04-18,GBPUSD,1.42760000
2016-04-18,JPYUSD,0.00918695
2016-04-19,AUDUSD,0.78060000
2016-04-19,CHFUSD,1.04177518
2016-04-19,EURUSD,1.13750000
2016-04-19,GBPUSD,1.43960000
2016-04-19,JPYUSD,0.00916086
2016-04-20,AUDUSD,0.78170000
2016-04-20,CHFUSD,1.03401923
2016-04-20,EURUSD,1.13300000
2016-04-20,GBPUSD,1.43750000
2016-04-20,JPYUSD,0.00913159
2016-04-21,AUDUSD,0.77580000
2016-04-21,CHFUSD,1.02859494
2016-04-21,EURUSD,1.13010000
2016-04-21,GBPUSD,1.43380000
2016-04-21,JPYUSD,0.00913993
2016-04-22,AUDUSD,0.77130000
2016-04-22,CHFUSD,1.02312257
2016-04-22,EURUSD,1.12390000
2016-04-22,GBPUSD,1.43900000
2016-04-22,JPYUSD,0.00896861
2016-04-25,AUDUSD,0.77170000
2016-04-25,CHFUSD,1.02648327
2016-04-25,EURUSD,1.12740000
2016-04-25,GBPUSD,1.44920000
2016-04-25,JPYUSD,0.00900252
2016-04-26,AUDUSD,0.77410000
2016-04-26,CHFUSD,1.02954803
2016-04-26,EURUSD,1.13180000
2016-04-26,GBPUSD,1.46110000
2016-04-26,JPYUSD,0.00899038
2016-04-27,AUDUSD,0.75940000
2016-04-27,CHFUSD,1.02986612
2016-04-27,EURUSD,1.13220000
2016-04-27,GBPUSD,1.45540000
2016-04-27,JPYUSD,0.00898796
2016-04-28,AUDUSD,0.76350000
2016-04-28,CHFUSD,1.03231135
2016-04-28,EURUSD,1.13250000
2016-04-28,GBPUSD,1.45810000
2016-04-28,JPYUSD,0.00921234
2016-04-29,AUDUSD,0.76120000
2016-04-29,CHFUSD,1.04188373
2016-04-29,EURUSD,1.14410000
2016-04-29,GBPUSD,1.46250000
2016-04-29,JPYUSD,0.00935454
2016-05-02,AUDUSD,0.76410000
2016-05-02,CHFUSD,1.04646296
2016-05-02,EURUSD,1.15160000
2016-05-02,GBPUSD,1.46660000
2016-05-02,JPYUSD,0.00939144
2016-05-03,AUDUSD,0.74920000
2016-05-03,CHFUSD,1.04810816
2016-05-03,EURUSD,1.15080000
2016-05-03,GBPUSD,1.45430000
2016-05-03,JPYUSD,0.00940380
2016-05-04,AUDUSD,0.74540000
2016-05-04,CHFUSD,1.04449551
2016-05-04,EURUSD,1.14860000
2016-05-04,GBPUSD,1.44750000
2016-05-04,JPYUSD,0.00933532
2016-05-05,AUDUSD,0.74650000
2016-05-05,CHFUSD,1.03241792
2016-05-05,EURUSD,1.14040000
2016-05-05,GBPUSD,1.44860000
2016-05-05,JPYUSD,0.00931793
2016-05-06,AUDUSD,0.73580000
2016-05-06,CHFUSD,1.03124678
2016-05-06,EURUSD,1.14210000
2016-05-06,GBPUSD,1.44390000
2016-05-06,JPYUSD,0.00937559
2016-05-09,AUDUSD,0.73230000
2016-05-09,CHFUSD,1.03114044
2016-05-09,EURUSD,1.14020000
2016-05-09,GBPUSD,1.44090000
2016-05-09,JPYUSD,0.00922594
2016-05-10,AUDUSD,0.73510000
2016-05-10,CHFUSD,1.02606197
2016-05-10,EURUSD,1.13860000
2016-05-10,GBPUSD,1.44540000
2016-05-10,JPYUSD,0.00915583
2016-05-11,AUDUSD,0.73980000
2016-05-11,CHFUSD,1.03103413
2016-05-11,EURUSD,1.14440000
2016-05-11,GBPUSD,1.44800000
2016-05-11,JPYUSD,0.00921829
2016-05-12,AUDUSD,0.73140000
2016-05-12,CHFUSD,1.03167234
2016-05-12,EURUSD,1.13800000
2016-05-12,GBPUSD,1.44520000
2016-05-12,JPYUSD,0.00919709
2016-05-13,AUDUSD,0.72730000
2016-05-13,CHFUSD,1.02501025
2016-05-13,EURUSD,1.12940000
2016-05-13,GBPUSD,1.43690000
2016-05-13,JPYUSD,0.00916254
2016-05-16,AUDUSD,0.73000000
2016-05-16,CHFUSD,1.02333197
2016-05-16,EURUSD,1.13280000
2016-05-16,GBPUSD,1.44110000
2016-05-16,JPYUSD,0.00918358
2016-05-17,AUDUSD,0.73520000
2016-05-17,CHFUSD,1.02448520
2016-05-17,EURUSD,1.13370000
2016-05-17,GBPUSD,1.44850000
2016-05-17,JPYUSD,0.00917263
2016-05-18,AUDUSD,0.72850000
2016-05-18,CHFUSD,1.01812258
2016-05-18,EURUSD,1.12760000
2016-05-18,GBPUSD,1.46150000
2016-05-18,JPYUSD,0.00911993
2016-05-19,AUDUSD,0.72130000
2016-05-19,CHFUSD,1.01071356
2016-05-19,EURUSD,1.12140000
2016-05-19,GBPUSD,1.46080000
2016-05-19,JPYUSD,0.00910664
2016-05-20,AUDUSD,0.72150000
2016-05-20,CHFUSD,1.00806452
2016-05-20,EURUSD,1.12070000
2016-05-20,GBPUSD,1.45130000
2016-05-20,JPYUSD,0.00904814
2016-05-23,AUDUSD,0.72030000
2016-05-23,CHFUSD,1.00816615
2016-05-23,EURUSD,1.11920000
2016-05-23,GBPUSD,1.44440000
2016-05-23,JPYUSD,0.00913492
2016-05-24,AUDUSD,0.71840000
2016-05-24,CHFUSD,1.00704935
2016-05-24,EURUSD,1.11450000
2016-05-24,GBPUSD,1.46230000
2016-05-24,JPYUSD,0.00909091
2016-05-25,AUDUSD,0.71860000
2016-05-25,CHFUSD,1.00928543
2016-05-25,EURUSD,1.11540000
2016-05-25,GBPUSD,1.46940000
2016-05-25,JPYUSD,0.00907276
2016-05-26,AUDUSD,0.72270000
2016-05-26,CHFUSD,1.01030511
2016-05-26,EURUSD,1.11840000
2016-05-26,GBPUSD,1.46730000
2016-05-26,JPYUSD,0.00911245
2016-05-27,AUDUSD,0.72050000
2016-05-27,CHFUSD,1.00847116
2016-05-27,EURUSD,1.11400000
2016-05-27,GBPUSD,1.46440000
2016-05-27,JPYUSD,0.00910249
2016-05-31,AUDUSD,0.72420000
2016-05-31,CHFUSD,1.00664385
2016-05-31,EURUSD,1.11350000
2016-05-31,GBPUSD,1.45300000
2016-05-31,JPYUSD,0.00902935
2016-06-01,AUDUSD,0.72420000
2016-06-01,CHFUSD,1.01091791
2016-06-01,EURUSD,1.11650000
2016-06-01,GBPUSD,1.43950000
2016-06-01,JPYUSD,0.00912825
2016-06-02,AUDUSD,0.72250000
2016-06-02,CHFUSD,1.00989699
2016-06-02,EURUSD,1.11570000
2016-06-02,GBPUSD,1.44190000
2016-06-02,JPYUSD,0.00919540
2016-06-03,AUDUSD,0.73390000
2016-06-03,CHFUSD,1.02239035
2016-06-03,EURUSD,1.13300000
2016-06-03,GBPUSD,1.45210000
2016-06-03,JPYUSD,0.00935629
2016-06-06,AUDUSD,0.73620000
2016-06-06,CHFUSD,1.02880658
2016-06-06,EURUSD,1.13540000
2016-06-06,GBPUSD,1.44500000
2016-06-06,JPYUSD,0.00931706
2016-06-07,AUDUSD,0.74520000
2016-06-07,CHFUSD,1.03487530
2016-06-07,EURUSD,1.13500000
2016-06-07,GBPUSD,1.45640000
2016-06-07,JPYUSD,0.00931966
2016-06-08,AUDUSD,0.74790000
2016-06-08,CHFUSD,1.04231812
2016-06-08,EURUSD,1.14000000
2016-06-08,GBPUSD,1.45460000
2016-06-08,JPYUSD,0.00937383
2016-06-09,AUDUSD,0.74310000
2016-06-09,CHFUSD,1.03745202
2016-06-09,EURUSD,1.13290000
2016-06-09,GBPUSD,1.44670000
2016-06-09,JPYUSD,0.00938615
2016-06-10,AUDUSD,0.73950000
2016-06-10,CHFUSD,1.03820598
2016-06-10,EURUSD,1.12810000
2016-06-10,GBPUSD,1.43420000
2016-06-10,JPYUSD,0.00934056
2016-06-13,AUDUSD,0.73940000
2016-06-13,CHFUSD,1.03498241
2016-06-13,EURUSD,1.12820000
2016-06-13,GBPUSD,1.42230000
2016-06-13,JPYUSD,0.00942774
2016-06-14,AUDUSD,0.73600000
2016-06-14,CHFUSD,1.03734440
2016-06-14,EURUSD,1.12060000
2016-06-14,GBPUSD,1.41300000
2016-06-14,JPYUSD,0.00943218
2016-06-15,AUDUSD,0.74040000
2016-06-15,CHFUSD,1.03659169
2016-06-15,EURUSD,1.12390000
2016-06-15,GBPUSD,1.41850000
2016-06-15,JPYUSD,0.00944555
2016-06-16,AUDUSD,0.73120000
2016-06-16,CHFUSD,1.03498241
2016-06-16,EURUSD,1.11580000
2016-06-16,GBPUSD,1.40750000
2016-06-16,JPYUSD,0.00961076
2016-06-17,AUDUSD,0.73850000
2016-06-17,CHFUSD,1.04058273
2016-06-17,EURUSD,1.12560000
2016-06-17,GBPUSD,1.42850000
2016-06-17,JPYUSD,0.00959693
2016-06-20,AUDUSD,0.74580000
2016-06-20,CHFUSD,1.03993344
2016-06-20,EURUSD,1.13180000
2016-06-20,GBPUSD,1.46880000
2016-06-20,JPYUSD,0.00958589
2016-06-21,AUDUSD,0.74610000
2016-06-21,CHFUSD,1.04210088
2016-06-21,EURUSD,1.12620000
2016-06-21,GBPUSD,1.46680000
2016-06-21,JPYUSD,0.00956389
2016-06-22,AUDUSD,0.74910000
2016-06-22,CHFUSD,1.04340568
2016-06-22,EURUSD,1.12860000
2016-06-22,GBPUSD,1.46820000
2016-06-22,JPYUSD,0.00956389
2016-06-23,AUDUSD,0.75980000
2016-06-23,CHFUSD,1.04536902
2016-06-23,EURUSD,1.13730000
2016-06-23,GBPUSD,1.48000000
2016-06-23,JPYUSD,0.00944287
2016-06-24,AUDUSD,0.74510000
2016-06-24,CHFUSD,1.03071532
2016-06-24,EURUSD,1.11260000
2016-06-24,GBPUSD,1.36390000
2016-06-24,JPYUSD,0.00977899
2016-06-27,AUDUSD,0.73570000
2016-06-27,CHFUSD,1.02176356
2016-06-27,EURUSD,1.10240000
2016-06-27,GBPUSD,1.32170000
2016-06-27,JPYUSD,0.00983671
2016-06-28,AUDUSD,0.73530000
2016-06-28,CHFUSD,1.01916021
2016-06-28,EURUSD,1.10540000
2016-06-28,GBPUSD,1.32940000
2016-06-28,JPYUSD,0.00973615
2016-06-29,AUDUSD,0.74440000
2016-06-29,CHFUSD,1.02103329
2016-06-29,EURUSD,1.11170000
2016-06-29,GBPUSD,1.35100000
2016-06-29,JPYUSD,0.00973899
2016-06-30,AUDUSD,0.74320000
2016-06-30,CHFUSD,1.02124183
2016-06-30,EURUSD,1.10320000
2016-06-30,GBPUSD,1.32420000
2016-06-30,JPYUSD,0.00973047
2016-07-01,AUDUSD,0.74850000
2016-07-01,CHFUSD,1.02774923
2016-07-01,EURUSD,1.11450000
2016-07-01,GBPUSD,1.32810000
2016-07-01,JPYUSD,0.00975134
2016-07-05,AUDUSD,0.74560000
2016-07-05,CHFUSD,1.02375102
2016-07-05,EURUSD,1.10800000
2016-07-05,GBPUSD,1.30210000
2016-07-05,JPYUSD,0.00984446
2016-07-06,AUDUSD,0.75110000
2016-07-06,CHFUSD,1.02270403
2016-07-06,EURUSD,1.10770000
2016-07-06,GBPUSD,1.29210000
2016-07-06,JPYUSD,0.00988924
2016-07-07,AUDUSD,0.74880000
2016-07-07,CHFUSD,1.02239035
2016-07-07,EURUSD,1.10650000
2016-07-07,GBPUSD,1.29260000
2016-07-07,JPYUSD,0.00992654
2016-07-08,AUDUSD,0.75590000
2016-07-08,CHFUSD,1.01595042
2016-07-08,EURUSD,1.10380000
2016-07-08,GBPUSD,1.29380000
2016-07-08,JPYUSD,0.00993542
2016-07-11,AUDUSD,0.75340000
2016-07-11,CHFUSD,1.01729400
2016-07-11,EURUSD,1.10450000
2016-07-11,GBPUSD,1.29860000
2016-07-11,JPYUSD,0.00974089
2016-07-12,AUDUSD,0.76310000
2016-07-12,CHFUSD,1.01327389
2016-07-12,EURUSD,1.10740000
2016-07-12,GBPUSD,1.32370000
2016-07-12,JPYUSD,0.00954927
2016-07-13,AUDUSD,0.76240000
2016-07-13,CHFUSD,1.01688021
2016-07-13,EURUSD,1.11120000
2016-07-13,GBPUSD,1.31800000
2016-07-13,JPYUSD,0.00960615
2016-07-14,AUDUSD,0.76320000
2016-07-14,CHFUSD,1.01978381
2016-07-14,EURUSD,1.11090000
2016-07-14,GBPUSD,1.33320000
2016-07-14,JPYUSD,0.00948767
2016-07-15,AUDUSD,0.75870000
2016-07-15,CHFUSD,1.01688021
2016-07-15,EURUSD,1.10590000
2016-07-15,GBPUSD,1.31940000
2016-07-15,JPYUSD,0.00946611
2016-07-18,AUDUSD,0.75970000
2016-07-18,CHFUSD,1.01812258
2016-07-18,EURUSD,1.10760000
2016-07-18,GBPUSD,1.32790000
2016-07-18,JPYUSD,0.00943396
2016-07-19,AUDUSD,0.74960000
2016-07-19,CHFUSD,1.01522843
2016-07-19,EURUSD,1.10140000
2016-07-19,GBPUSD,1.31230000
2016-07-19,JPYUSD,0.00942241
2016-07-20,AUDUSD,0.74860000
2016-07-20,CHFUSD,1.01296596
2016-07-20,EURUSD,1.10070000
2016-07-20,GBPUSD,1.31790000
2016-07-20,JPYUSD,0.00937647
2016-07-21,AUDUSD,0.74970000
2016-07-21,CHFUSD,1.01327389
2016-07-21,EURUSD,1.10160000
2016-07-21,GBPUSD,1.32160000
2016-07-21,JPYUSD,0.00943574
2016-07-22,AUDUSD,0.74530000
2016-07-22,CHFUSD,1.01132686
2016-07-22,EURUSD,1.09680000
2016-07-22,GBPUSD,1.30910000
2016-07-22,JPYUSD,0.00941442
2016-07-25,AUDUSD,0.74580000
2016-07-25,CHFUSD,1.01327389
2016-07-25,EURUSD,1.09800000
2016-07-25,GBPUSD,1.31300000
2016-07-25,JPYUSD,0.00943218
2016-07-26,AUDUSD,0.75160000
2016-07-26,CHFUSD,1.00765820
2016-07-26,EURUSD,1.09840000
2016-07-26,GBPUSD,1.31330000
2016-07-26,JPYUSD,0.00953925
2016-07-27,AUDUSD,0.74600000
2016-07-27,CHFUSD,1.00644122
2016-07-27,EURUSD,1.09880000
2016-07-27,GBPUSD,1.30940000
2016-07-27,JPYUSD,0.00946522
2016-07-28,AUDUSD,0.75110000
2016-07-28,CHFUSD,1.01978381
2016-07-28,EURUSD,1.10940000
2016-07-28,GBPUSD,1.31510000
2016-07-28,JPYUSD,0.00953652
2016-07-29,AUDUSD,0.75990000
2016-07-29,CHFUSD,1.03199174
2016-07-29,EURUSD,1.11680000
2016-07-29,GBPUSD,1.32700000
2016-07-29,JPYUSD,0.00977326
2016-08-01,AUDUSD,0.75670000
2016-08-01,CHFUSD,1.03401923
2016-08-01,EURUSD,1.11760000
2016-08-01,GBPUSD,1.32090000
2016-08-01,JPYUSD,0.00977899
2016-08-02,AUDUSD,0.76110000
2016-08-02,CHFUSD,1.03702167
2016-08-02,EURUSD,1.12250000
2016-08-02,GBPUSD,1.33260000
2016-08-02,JPYUSD,0.00991867
2016-08-03,AUDUSD,0.75920000
2016-08-03,CHFUSD,1.02923014
2016-08-03,EURUSD,1.11700000
2016-08-03,GBPUSD,1.33350000
2016-08-03,JPYUSD,0.00986777
2016-08-04,AUDUSD,0.76370000
2016-08-04,CHFUSD,1.02690491
2016-08-04,EURUSD,1.11340000
2016-08-04,GBPUSD,1.31430000
2016-08-04,JPYUSD,0.00989315
2016-08-05,AUDUSD,0.76150000
2016-08-05,CHFUSD,1.02082483
2016-08-05,EURUSD,1.10800000
2016-08-05,GBPUSD,1.30690000
2016-08-05,JPYUSD,0.00982898
2016-08-08,AUDUSD,0.76560000
2016-08-08,CHFUSD,1.01646676
2016-08-08,EURUSD,1.10780000
2016-08-08,GBPUSD,1.30420000
2016-08-08,JPYUSD,0.00975324
2016-08-09,AUDUSD,0.76770000
2016-08-09,CHFUSD,1.01770812
2016-08-09,EURUSD,1.11100000
2016-08-09,GBPUSD,1.30100000
2016-08-09,JPYUSD,0.00980777
2016-08-10,AUDUSD,0.77170000
2016-08-10,CHFUSD,1.02469515
2016-08-10,EURUSD,1.11710000
2016-08-10,GBPUSD,1.29980000
2016-08-10,JPYUSD,0.00987459
2016-08-11,AUDUSD,0.77100000
2016-08-11,CHFUSD,1.02859494
2016-08-11,EURUSD,1.11680000
2016-08-11,GBPUSD,1.29600000
2016-08-11,JPYUSD,0.00985610
2016-08-12,AUDUSD,0.76690000
2016-08-12,CHFUSD,1.02690491
2016-08-12,EURUSD,1.11720000
2016-08-12,GBPUSD,1.29340000
2016-08-12,JPYUSD,0.00990001
2016-08-15,AUDUSD,0.76870000
2016-08-15,CHFUSD,1.02944204
2016-08-15,EURUSD,1.11990000
2016-08-15,GBPUSD,1.28740000
2016-08-15,JPYUSD,0.00989903
2016-08-16,AUDUSD,0.76970000
2016-08-16,CHFUSD,1.03928497
2016-08-16,EURUSD,1.12770000
2016-08-16,GBPUSD,1.30190000
2016-08-16,JPYUSD,0.00997208
2016-08-17,AUDUSD,0.76190000
2016-08-17,CHFUSD,1.03734440
2016-08-17,EURUSD,1.12630000
2016-08-17,GBPUSD,1.30120000
2016-08-17,JPYUSD,0.00997606
2016-08-18,AUDUSD,0.76840000
2016-08-18,CHFUSD,1.04427736
2016-08-18,EURUSD,1.13340000
2016-08-18,GBPUSD,1.31470000
2016-08-18,JPYUSD,0.00999300
2016-08-19,AUDUSD,0.76200000
2016-08-19,CHFUSD,1.04231812
2016-08-19,EURUSD,1.13260000
2016-08-19,GBPUSD,1.30610000
2016-08-19,JPYUSD,0.00997606
2016-08-22,AUDUSD,0.76290000
2016-08-22,CHFUSD,1.03896104
2016-08-22,EURUSD,1.13140000
2016-08-22,GBPUSD,1.31330000
2016-08-22,JPYUSD,0.00997506
2016-08-23,AUDUSD,0.76320000
2016-08-23,CHFUSD,1.03928497
2016-08-23,EURUSD,1.13080000
2016-08-23,GBPUSD,1.31790000
2016-08-23,JPYUSD,0.00998004
2016-08-24,AUDUSD,0.76050000
2016-08-24,CHFUSD,1.03380544
2016-08-24,EURUSD,1.12560000
2016-08-24,GBPUSD,1.32360000
2016-08-24,JPYUSD,0.00995025
2016-08-25,AUDUSD,0.76110000
2016-08-25,CHFUSD,1.03263114
2016-08-25,EURUSD,1.12740000
2016-08-25,GBPUSD,1.31770000
2016-08-25,JPYUSD,0.00994233
2016-08-26,AUDUSD,0.76140000
2016-08-26,CHFUSD,1.02901832
2016-08-26,EURUSD,1.12370000
2016-08-26,GBPUSD,1.31680000
2016-08-26,JPYUSD,0.00988142
2016-08-29,AUDUSD,0.75760000
2016-08-29,CHFUSD,1.02249489
2016-08-29,EURUSD,1.11820000
2016-08-29,GBPUSD,1.30890000
2016-08-29,JPYUSD,0.00979144
2016-08-30,AUDUSD,0.75160000
2016-08-30,CHFUSD,1.01812258
2016-08-30,EURUSD,1.11500000
2016-08-30,GBPUSD,1.30840000
2016-08-30,JPYUSD,0.00971628
2016-08-31,AUDUSD,0.75190000
2016-08-31,CHFUSD,1.01729400
2016-08-31,EURUSD,1.11460000
2016-08-31,GBPUSD,1.31290000
2016-08-31,JPYUSD,0.00967305
2016-09-01,AUDUSD,0.75420000
2016-09-01,CHFUSD,1.02124183
2016-09-01,EURUSD,1.11940000
2016-09-01,GBPUSD,1.32730000
2016-09-01,JPYUSD,0.00968804
2016-09-02,AUDUSD,0.75570000
2016-09-02,CHFUSD,1.01999184
2016-09-02,EURUSD,1.11580000
2016-09-02,GBPUSD,1.32990000
2016-09-02,JPYUSD,0.00959877
2016-09-06,AUDUSD,0.76740000
2016-09-06,CHFUSD,1.02901832
2016-09-06,EURUSD,1.12370000
2016-09-06,GBPUSD,1.34290000
2016-09-06,JPYUSD,0.00977708
2016-09-07,AUDUSD,0.76750000
2016-09-07,CHFUSD,1.03071532
2016-09-07,EURUSD,1.12380000
2016-09-07,GBPUSD,1.33390000
2016-09-07,JPYUSD,0.00983091
2016-09-08,AUDUSD,0.76660000
2016-09-08,CHFUSD,1.02817191
2016-09-08,EURUSD,1.12560000
2016-09-08,GBPUSD,1.33010000
2016-09-08,JPYUSD,0.00977708
2016-09-09,AUDUSD,0.75490000
2016-09-09,CHFUSD,1.02354145
2016-09-09,EURUSD,1.12140000
2016-09-09,GBPUSD,1.32570000
2016-09-09,JPYUSD,0.00972195
2016-09-12,AUDUSD,0.75260000
2016-09-12,CHFUSD,1.02711586
2016-09-12,EURUSD,1.12300000
2016-09-12,GBPUSD,1.33130000
2016-09-12,JPYUSD,0.00980777
2016-09-13,AUDUSD,0.74700000
2016-09-13,CHFUSD,1.02669405
2016-09-13,EURUSD,1.12420000
2016-09-13,GBPUSD,1.31840000
2016-09-13,JPYUSD,0.00979048
2016-09-14,AUDUSD,0.74850000
2016-09-14,CHFUSD,1.03007829
2016-09-14,EURUSD,1.12710000
2016-09-14,GBPUSD,1.32040000
2016-09-14,JPYUSD,0.00977231
2016-09-15,AUDUSD,0.75120000
2016-09-15,CHFUSD,1.02944204
2016-09-15,EURUSD,1.12460000
2016-09-15,GBPUSD,1.32150000
2016-09-15,JPYUSD,0.00978091
2016-09-16,AUDUSD,0.74890000
2016-09-16,CHFUSD,1.02103329
2016-09-16,EURUSD,1.11600000
2016-09-16,GBPUSD,1.30900000
2016-09-16,JPYUSD,0.00976944
2016-09-19,AUDUSD,0.75600000
2016-09-19,CHFUSD,1.02061645
2016-09-19,EURUSD,1.11790000
2016-09-19,GBPUSD,1.30510000
2016-09-19,JPYUSD,0.00982125
2016-09-20,AUDUSD,0.75520000
2016-09-20,CHFUSD,1.02239035
2016-09-20,EURUSD,1.11720000
2016-09-20,GBPUSD,1.29740000
2016-09-20,JPYUSD,0.00983671
2016-09-21,AUDUSD,0.75890000
2016-09-21,CHFUSD,1.02480016
2016-09-21,EURUSD,1.11650000
2016-09-21,GBPUSD,1.29780000
2016-09-21,JPYUSD,0.00993838
2016-09-22,AUDUSD,0.76440000
2016-09-22,CHFUSD,1.03327134
2016-09-22,EURUSD,1.12290000
2016-09-22,GBPUSD,1.30920000
2016-09-22,JPYUSD,0.00992063
2016-09-23,AUDUSD,0.76210000
2016-09-23,CHFUSD,1.03071532
2016-09-23,EURUSD,1.12230000
2016-09-23,GBPUSD,1.29590000
2016-09-23,JPYUSD,0.00989707
2016-09-26,AUDUSD,0.76420000
2016-09-26,CHFUSD,1.03434009
2016-09-26,EURUSD,1.12700000
2016-09-26,GBPUSD,1.29780000
2016-09-26,JPYUSD,0.00996612
2016-09-27,AUDUSD,0.76580000
2016-09-27,CHFUSD,1.02901832
2016-09-27,EURUSD,1.12080000
2016-09-27,GBPUSD,1.30050000
2016-09-27,JPYUSD,0.00996413
2016-09-28,AUDUSD,0.76590000
2016-09-28,CHFUSD,1.02838338
2016-09-28,EURUSD,1.12000000
2016-09-28,GBPUSD,1.29960000
2016-09-28,JPYUSD,0.00994332
2016-09-29,AUDUSD,0.76760000
2016-09-29,CHFUSD,1.03573278
2016-09-29,EURUSD,1.12440000
2016-09-29,GBPUSD,1.29910000
2016-09-29,JPYUSD,0.00985416
2016-09-30,AUDUSD,0.76670000
2016-09-30,CHFUSD,1.03156592
2016-09-30,EURUSD,1.12380000
2016-09-30,GBPUSD,1.30150000
2016-09-30,JPYUSD,0.00988045
2016-10-03,AUDUSD,0.76640000
2016-10-03,CHFUSD,1.02669405
2016-10-03,EURUSD,1.12100000
2016-10-03,GBPUSD,1.28400000
2016-10-03,JPYUSD,0.00984834
2016-10-04,AUDUSD,0.76440000
2016-10-04,CHFUSD,1.02249489
2016-10-04,EURUSD,1.12120000
2016-10-04,GBPUSD,1.27460000
2016-10-04,JPYUSD,0.00974089
2016-10-05,AUDUSD,0.76180000
2016-10-05,CHFUSD,1.02354145
2016-10-05,EURUSD,1.11960000
2016-10-05,GBPUSD,1.27450000
2016-10-05,JPYUSD,0.00965904
2016-10-06,AUDUSD,0.75800000
2016-10-06,CHFUSD,1.02061645
2016-10-06,EURUSD,1.11580000
2016-10-06,GBPUSD,1.26470000
2016-10-06,JPYUSD,0.00961354
2016-10-07,AUDUSD,0.75560000
2016-10-07,CHFUSD,1.01978381
2016-10-07,EURUSD,1.11560000
2016-10-07,GBPUSD,1.24340000
2016-10-07,JPYUSD,0.00966931
2016-10-11,AUDUSD,0.75450000
2016-10-11,CHFUSD,1.01235068
2016-10-11,EURUSD,1.10620000
2016-10-11,GBPUSD,1.22180000
2016-10-11,JPYUSD,0.00967492
2016-10-12,AUDUSD,0.75530000
2016-10-12,CHFUSD,1.00989699
2016-10-12,EURUSD,1.10140000
2016-10-12,GBPUSD,1.21950000
2016-10-12,JPYUSD,0.00957121
2016-10-13,AUDUSD,0.75580000
2016-10-13,CHFUSD,1.01317123
2016-10-13,EURUSD,1.10380000
2016-10-13,GBPUSD,1.22010000
2016-10-13,JPYUSD,0.00965065
2016-10-14,AUDUSD,0.76100000
2016-10-14,CHFUSD,1.00989699
2016-10-14,EURUSD,1.09850000
2016-10-14,GBPUSD,1.21890000
2016-10-14,JPYUSD,0.00960615
2016-10-17,AUDUSD,0.76260000
2016-10-17,CHFUSD,1.01214575
2016-10-17,EURUSD,1.10000000
2016-10-17,GBPUSD,1.21860000
2016-10-17,JPYUSD,0.00961908
2016-10-18,AUDUSD,0.76790000
2016-10-18,CHFUSD,1.01153146
2016-10-18,EURUSD,1.09970000
2016-10-18,GBPUSD,1.23100000
2016-10-18,JPYUSD,0.00963391
2016-10-19,AUDUSD,0.77150000
2016-10-19,CHFUSD,1.01071356
2016-10-19,EURUSD,1.09660000
2016-10-19,GBPUSD,1.22790000
2016-10-19,JPYUSD,0.00968054
2016-10-20,AUDUSD,0.76400000
2016-10-20,CHFUSD,1.00847116
2016-10-20,EURUSD,1.09340000
2016-10-20,GBPUSD,1.22560000
2016-10-20,JPYUSD,0.00962279
2016-10-21,AUDUSD,0.75970000
2016-10-21,CHFUSD,1.00492413
2016-10-21,EURUSD,1.08660000
2016-10-21,GBPUSD,1.22100000
2016-10-21,JPYUSD,0.00961908
2016-10-24,AUDUSD,0.76030000
2016-10-24,CHFUSD,1.00806452
2016-10-24,EURUSD,1.08880000
2016-10-24,GBPUSD,1.22040000
2016-10-24,JPYUSD,0.00959693
2016-10-25,AUDUSD,0.76520000
2016-10-25,CHFUSD,1.00603622
2016-10-25,EURUSD,1.08900000
2016-10-25,GBPUSD,1.21640000
2016-10-25,JPYUSD,0.00959233
2016-10-26,AUDUSD,0.76570000
2016-10-26,CHFUSD,1.00735368
2016-10-26,EURUSD,1.09160000
2016-10-26,GBPUSD,1.22340000
2016-10-26,JPYUSD,0.00957671
2016-10-27,AUDUSD,0.76060000
2016-10-27,CHFUSD,1.00603622
2016-10-27,EURUSD,1.09040000
2016-10-27,GBPUSD,1.21730000
2016-10-27,JPYUSD,0.00951113
2016-10-28,AUDUSD,0.75780000
2016-10-28,CHFUSD,1.00684656
2016-10-28,EURUSD,1.09340000
2016-10-28,GBPUSD,1.21550000
2016-10-28,JPYUSD,0.00948767
2016-10-31,AUDUSD,0.76110000
2016-10-31,CHFUSD,1.01112235
2016-10-31,EURUSD,1.09620000
2016-10-31,GBPUSD,1.22120000
2016-10-31,JPYUSD,0.00951746
2016-11-01,AUDUSD,0.76590000
2016-11-01,CHFUSD,1.02145046
2016-11-01,EURUSD,1.10420000
2016-11-01,GBPUSD,1.22180000
2016-11-01,JPYUSD,0.00956114
2016-11-02,AUDUSD,0.76670000
2016-11-02,CHFUSD,1.03082156
2016-11-02,EURUSD,1.11190000
2016-11-02,GBPUSD,1.23150000
2016-11-02,JPYUSD,0.00968804
2016-11-03,AUDUSD,0.76810000
2016-11-03,CHFUSD,1.02606197
2016-11-03,EURUSD,1.10940000
2016-11-03,GBPUSD,1.24540000
2016-11-03,JPYUSD,0.00969274
2016-11-04,AUDUSD,0.76690000
2016-11-04,CHFUSD,1.03284445
2016-11-04,EURUSD,1.11210000
2016-11-04,GBPUSD,1.25460000
2016-11-04,JPYUSD,0.00970685
2016-11-07,AUDUSD,0.77000000
2016-11-07,CHFUSD,1.02480016
2016-11-07,EURUSD,1.10380000
2016-11-07,GBPUSD,1.24030000
2016-11-07,JPYUSD,0.00956023
2016-11-08,AUDUSD,0.77330000
2016-11-08,CHFUSD,1.02490520
2016-11-08,EURUSD,1.10340000
2016-11-08,GBPUSD,1.23720000
2016-11-08,JPYUSD,0.00952562
2016-11-09,AUDUSD,0.76740000
2016-11-09,CHFUSD,1.01916021
2016-11-09,EURUSD,1.09520000
2016-11-09,GBPUSD,1.24740000
2016-11-09,JPYUSD,0.00953834
2016-11-10,AUDUSD,0.75900000
2016-11-10,CHFUSD,1.01235068
2016-11-10,EURUSD,1.08820000
2016-11-10,GBPUSD,1.25230000
2016-11-10,JPYUSD,0.00938438
2016-11-14,AUDUSD,0.75320000
2016-11-14,CHFUSD,1.00220485
2016-11-14,EURUSD,1.07230000
2016-11-14,GBPUSD,1.24690000
2016-11-14,JPYUSD,0.00923361
2016-11-15,AUDUSD,0.75400000
2016-11-15,CHFUSD,0.99850225
2016-11-15,EURUSD,1.07260000
2016-11-15,GBPUSD,1.24220000
2016-11-15,JPYUSD,0.00917936
2016-11-16,AUDUSD,0.74920000
2016-11-16,CHFUSD,0.99810360
2016-11-16,EURUSD,1.06990000
2016-11-16,GBPUSD,1.24500000
2016-11-16,JPYUSD,0.00916086
2016-11-17,AUDUSD,0.74550000
2016-11-17,CHFUSD,0.99522293
2016-11-17,EURUSD,1.06560000
2016-11-17,GBPUSD,1.24500000
2016-11-17,JPYUSD,0.00912076
2016-11-18,AUDUSD,0.73450000
2016-11-18,CHFUSD,0.99068754
2016-11-18,EURUSD,1.06000000
2016-11-18,GBPUSD,1.23270000
2016-11-18,JPYUSD,0.00904895
2016-11-21,AUDUSD,0.73570000
2016-11-21,CHFUSD,0.98892405
2016-11-21,EURUSD,1.05970000
2016-11-21,GBPUSD,1.24740000
2016-11-21,JPYUSD,0.00899928
2016-11-22,AUDUSD,0.73880000
2016-11-22,CHFUSD,0.99009901
2016-11-22,EURUSD,1.06180000
2016-11-22,GBPUSD,1.24240000
2016-11-22,JPYUSD,0.00901063
2016-11-23,AUDUSD,0.73910000
2016-11-23,CHFUSD,0.98463962
2016-11-23,EURUSD,1.05600000
2016-11-23,GBPUSD,1.24580000
2016-11-23,JPYUSD,0.00888257
2016-11-25,AUDUSD,0.74250000
2016-11-25,CHFUSD,0.98658248
2016-11-25,EURUSD,1.05950000
2016-11-25,GBPUSD,1.24620000
2016-11-25,JPYUSD,0.00883626
2016-11-28,AUDUSD,0.74780000
2016-11-28,CHFUSD,0.98444576
2016-11-28,EURUSD,1.05760000
2016-11-28,GBPUSD,1.24110000
2016-11-28,JPYUSD,0.00889996
2016-11-29,AUDUSD,0.74690000
2016-11-29,CHFUSD,0.98697197
2016-11-29,EURUSD,1.06260000
2016-11-29,GBPUSD,1.25050000
2016-11-29,JPYUSD,0.00886682
2016-11-30,AUDUSD,0.73870000
2016-11-30,CHFUSD,0.98164327
2016-11-30,EURUSD,1.05780000
2016-11-30,GBPUSD,1.24810000
2016-11-30,JPYUSD,0.00874585
2016-12-01,AUDUSD,0.74110000
2016-12-01,CHFUSD,0.98755678
2016-12-01,EURUSD,1.06340000
2016-12-01,GBPUSD,1.25960000
2016-12-01,JPYUSD,0.00874585
2016-12-02,AUDUSD,0.74450000
2016-12-02,CHFUSD,0.98911968
2016-12-02,EURUSD,1.06660000
2016-12-02,GBPUSD,1.26850000
2016-12-02,JPYUSD,0.00879044
2016-12-05,AUDUSD,0.74760000
2016-12-05,CHFUSD,0.98980501
2016-12-05,EURUSD,1.07230000
2016-12-05,GBPUSD,1.27080000
2016-12-05,JPYUSD,0.00876424
2016-12-06,AUDUSD,0.74540000
2016-12-06,CHFUSD,0.99078569
2016-12-06,EURUSD,1.07170000
2016-12-06,GBPUSD,1.27060000
2016-12-06,JPYUSD,0.00877347
2016-12-07,AUDUSD,0.74790000
2016-12-07,CHFUSD,0.99354198
2016-12-07,EURUSD,1.07580000
2016-12-07,GBPUSD,1.26040000
2016-12-07,JPYUSD,0.00881057
2016-12-08,AUDUSD,0.74480000
2016-12-08,CHFUSD,0.98483356
2016-12-08,EURUSD,1.06250000
2016-12-08,GBPUSD,1.25740000
2016-12-08,JPYUSD,0.00875964
2016-12-09,AUDUSD,0.74420000
2016-12-09,CHFUSD,0.98193244
2016-12-09,EURUSD,1.05410000
2016-12-09,GBPUSD,1.25900000
2016-12-09,JPYUSD,0.00868282
2016-12-12,AUDUSD,0.74860000
2016-12-12,CHFUSD,0.98454268
2016-12-12,EURUSD,1.06060000
2016-12-12,GBPUSD,1.26770000
2016-12-12,JPYUSD,0.00867002
2016-12-13,AUDUSD,0.74940000
2016-12-13,CHFUSD,0.98833762
2016-12-13,EURUSD,1.06350000
2016-12-13,GBPUSD,1.26850000
2016-12-13,JPYUSD,0.00867604
2016-12-14,AUDUSD,0.75120000
2016-12-14,CHFUSD,0.99019705
2016-12-14,EURUSD,1.06560000
2016-12-14,GBPUSD,1.27060000
2016-12-14,JPYUSD,0.00869112
2016-12-15,AUDUSD,0.73430000
2016-12-15,CHFUSD,0.96767950
2016-12-15,EURUSD,1.03750000
2016-12-15,GBPUSD,1.23890000
2016-12-15,JPYUSD,0.00845166
2016-12-16,AUDUSD,0.72980000
2016-12-16,CHFUSD,0.97484890
2016-12-16,EURUSD,1.04560000
2016-12-16,GBPUSD,1.24780000
2016-12-16,JPYUSD,0.00849329
2016-12-19,AUDUSD,0.72640000
2016-12-19,CHFUSD,0.97789947
2016-12-19,EURUSD,1.04440000
2016-12-19,GBPUSD,1.24190000
2016-12-19,JPYUSD,0.00857633
2016-12-20,AUDUSD,0.72520000
2016-12-20,CHFUSD,0.97257343
2016-12-20,EURUSD,1.03900000
2016-12-20,GBPUSD,1.23580000
2016-12-20,JPYUSD,0.00848464
2016-12-21,AUDUSD,0.72440000
2016-12-21,CHFUSD,0.97446891
2016-12-21,EURUSD,1.04250000
2016-12-21,GBPUSD,1.23480000
2016-12-21,JPYUSD,0.00848969
2016-12-22,AUDUSD,0.72160000
2016-12-22,CHFUSD,0.97599063
2016-12-22,EURUSD,1.04520000
2016-12-22,GBPUSD,1.23010000
2016-12-22,JPYUSD,0.00851209
2016-12-23,AUDUSD,0.71740000
2016-12-23,CHFUSD,0.97389949
2016-12-23,EURUSD,1.04490000
2016-12-23,GBPUSD,1.22520000
2016-12-23,JPYUSD,0.00853097
2016-12-27,AUDUSD,0.71890000
2016-12-27,CHFUSD,0.97238429
2016-12-27,EURUSD,1.04580000
2016-12-27,GBPUSD,1.22610000
2016-12-27,JPYUSD,0.00850919
2016-12-28,AUDUSD,0.71850000
2016-12-28,CHFUSD,0.96964996
2016-12-28,EURUSD,1.03890000
2016-12-28,GBPUSD,1.22220000
2016-12-28,JPYUSD,0.00849907
2016-12-29,AUDUSD,0.72200000
2016-12-29,CHFUSD,0.97751711
2016-12-29,EURUSD,1.04860000
2016-12-29,GBPUSD,1.22370000
2016-12-29,JPYUSD,0.00859697
2016-12-30,AUDUSD,0.72300000
2016-12-30,CHFUSD,0.98425197
2016-12-30,EURUSD,1.05520000
2016-12-30,GBPUSD,1.23370000
2016-12-30,JPYUSD,0.00856311
2017-01-03,AUDUSD,0.72310000
2017-01-03,CHFUSD,0.97408923
2017-01-03,EURUSD,1.04160000
2017-01-03,GBPUSD,1.22560000
2017-01-03,JPYUSD,0.00849762
2017-01-04,AUDUSD,0.72700000
2017-01-04,CHFUSD,0.97770825
2017-01-04,EURUSD,1.04760000
2017-01-04,GBPUSD,1.22990000
2017-01-04,JPYUSD,0.00851934
2017-01-05,AUDUSD,0.73340000
2017-01-05,CHFUSD,0.98941328
2017-01-05,EURUSD,1.05980000
2017-01-05,GBPUSD,1.24150000
2017-01-05,JPYUSD,0.00866101
2017-01-06,AUDUSD,0.73050000
2017-01-06,CHFUSD,0.98522167
2017-01-06,EURUSD,1.05600000
2017-01-06,GBPUSD,1.23140000
2017-01-06,JPYUSD,0.00855798
2017-01-09,AUDUSD,0.73640000
2017-01-09,CHFUSD,0.98541585
2017-01-09,EURUSD,1.05760000
2017-01-09,GBPUSD,1.21670000
2017-01-09,JPYUSD,0.00861549
2017-01-10,AUDUSD,0.73700000
2017-01-10,CHFUSD,0.98444576
2017-01-10,EURUSD,1.05720000
2017-01-10,GBPUSD,1.21650000
2017-01-10,JPYUSD,0.00864006
2017-01-11,AUDUSD,0.74000000
2017-01-11,CHFUSD,0.98010389
2017-01-11,EURUSD,1.05010000
2017-01-11,GBPUSD,1.21180000
2017-01-11,JPYUSD,0.00860141
2017-01-12,AUDUSD,0.75080000
2017-01-12,CHFUSD,0.99344327
2017-01-12,EURUSD,1.06660000
2017-01-12,GBPUSD,1.22110000
2017-01-12,JPYUSD,0.00878194
2017-01-13,AUDUSD,0.74810000
2017-01-13,CHFUSD,0.99029511
2017-01-13,EURUSD,1.06250000
2017-01-13,GBPUSD,1.21980000
2017-01-13,JPYUSD,0.00869338
2017-01-17,AUDUSD,0.75400000
2017-01-17,CHFUSD,0.99720782
2017-01-17,EURUSD,1.06950000
2017-01-17,GBPUSD,1.23880000
2017-01-17,JPYUSD,0.00885269
2017-01-18,AUDUSD,0.75530000
2017-01-18,CHFUSD,0.99720782
2017-01-18,EURUSD,1.06820000
2017-01-18,GBPUSD,1.23090000
2017-01-18,JPYUSD,0.00881834
2017-01-19,AUDUSD,0.75450000
2017-01-19,CHFUSD,0.99068754
2017-01-19,EURUSD,1.06300000
2017-01-19,GBPUSD,1.23190000
2017-01-19,JPYUSD,0.00867303
2017-01-23,AUDUSD,0.75640000
2017-01-23,CHFUSD,1.00100100
2017-01-23,EURUSD,1.07400000
2017-01-23,GBPUSD,1.24850000
2017-01-23,JPYUSD,0.00885740
2017-01-24,AUDUSD,0.75840000
2017-01-24,CHFUSD,1.00020004
2017-01-24,EURUSD,1.07490000
2017-01-24,GBPUSD,1.25310000
2017-01-24,JPYUSD,0.00880049
2017-01-25,AUDUSD,0.75650000
2017-01-25,CHFUSD,1.00040016
2017-01-25,EURUSD,1.07430000
2017-01-25,GBPUSD,1.26200000
2017-01-25,JPYUSD,0.00880282
2017-01-26,AUDUSD,0.75310000
2017-01-26,CHFUSD,0.99890121
2017-01-26,EURUSD,1.06700000
2017-01-26,GBPUSD,1.25790000
2017-01-26,JPYUSD,0.00871840
2017-01-27,AUDUSD,0.75490000
2017-01-27,CHFUSD,1.00080064
2017-01-27,EURUSD,1.06900000
2017-01-27,GBPUSD,1.25310000
2017-01-27,JPYUSD,0.00868357
2017-01-30,AUDUSD,0.75560000
2017-01-30,CHFUSD,1.00240577
2017-01-30,EURUSD,1.06810000
2017-01-30,GBPUSD,1.24780000
2017-01-30,JPYUSD,0.00878272
2017-01-31,AUDUSD,0.75820000
2017-01-31,CHFUSD,1.01132686
2017-01-31,EURUSD,1.07940000
2017-01-31,GBPUSD,1.25850000
2017-01-31,JPYUSD,0.00887154
2017-02-01,AUDUSD,0.75640000
2017-02-01,CHFUSD,1.00704935
2017-02-01,EURUSD,1.07580000
2017-02-01,GBPUSD,1.26430000
2017-02-01,JPYUSD,0.00882690
2017-02-02,AUDUSD,0.76730000
2017-02-02,CHFUSD,1.01071356
2017-02-02,EURUSD,1.08020000
2017-02-02,GBPUSD,1.25410000
2017-02-02,JPYUSD,0.00889047
2017-02-03,AUDUSD,0.76860000
2017-02-03,CHFUSD,1.00908174
2017-02-03,EURUSD,1.07920000
2017-02-03,GBPUSD,1.25040000
2017-02-03,JPYUSD,0.00889521
2017-02-06,AUDUSD,0.76410000
2017-02-06,CHFUSD,1.00664385
2017-02-06,EURUSD,1.07310000
2017-02-06,GBPUSD,1.24500000
2017-02-06,JPYUSD,0.00890313
2017-02-07,AUDUSD,0.76360000
2017-02-07,CHFUSD,1.00300903
2017-02-07,EURUSD,1.06900000
2017-02-07,GBPUSD,1.24860000
2017-02-07,JPYUSD,0.00891742
2017-02-08,AUDUSD,0.76480000
2017-02-08,CHFUSD,1.00664385
2017-02-08,EURUSD,1.07080000
2017-02-08,GBPUSD,1.25430000
2017-02-08,JPYUSD,0.00894935
2017-02-09,AUDUSD,0.76230000
2017-02-09,CHFUSD,0.99870169
2017-02-09,EURUSD,1.06580000
2017-02-09,GBPUSD,1.25160000
2017-02-09,JPYUSD,0.00883080
2017-02-10,AUDUSD,0.76860000
2017-02-10,CHFUSD,0.99720782
2017-02-10,EURUSD,1.06500000
2017-02-10,GBPUSD,1.25020000
2017-02-10,JPYUSD,0.00883236
2017-02-13,AUDUSD,0.76440000
2017-02-13,CHFUSD,0.99462900
2017-02-13,EURUSD,1.06030000
2017-02-13,GBPUSD,1.25100000
2017-02-13,JPYUSD,0.00878812
2017-02-14,AUDUSD,0.76380000
2017-02-14,CHFUSD,0.99285147
2017-02-14,EURUSD,1.05770000
2017-02-14,GBPUSD,1.24650000
2017-02-14,JPYUSD,0.00874585
2017-02-15,AUDUSD,0.76980000
2017-02-15,CHFUSD,0.99383820
2017-02-15,EURUSD,1.05970000
2017-02-15,GBPUSD,1.24650000
2017-02-15,JPYUSD,0.00875887
2017-02-16,AUDUSD,0.76940000
2017-02-16,CHFUSD,1.00080064
2017-02-16,EURUSD,1.06600000
2017-02-16,GBPUSD,1.24770000
2017-02-16,JPYUSD,0.00882145
2017-02-17,AUDUSD,0.76570000
2017-02-17,CHFUSD,0.99780483
2017-02-17,EURUSD,1.06140000
2017-02-17,GBPUSD,1.24280000
2017-02-17,JPYUSD,0.00886054
2017-02-21,AUDUSD,0.76720000
2017-02-21,CHFUSD,0.99176832
2017-02-21,EURUSD,1.05510000
2017-02-21,GBPUSD,1.24650000
2017-02-21,JPYUSD,0.00881213
2017-02-22,AUDUSD,0.76830000
2017-02-22,CHFUSD,0.98921753
2017-02-22,EURUSD,1.05550000
2017-02-22,GBPUSD,1.24560000
2017-02-22,JPYUSD,0.00881368
2017-02-23,AUDUSD,0.77160000
2017-02-23,CHFUSD,0.99383820
2017-02-23,EURUSD,1.05860000
2017-02-23,GBPUSD,1.25480000
2017-02-23,JPYUSD,0.00887469
2017-02-24,AUDUSD,0.76810000
2017-02-24,CHFUSD,0.99453008
2017-02-24,EURUSD,1.05800000
2017-02-24,GBPUSD,1.24990000
2017-02-24,JPYUSD,0.00890789
2017-02-27,AUDUSD,0.76930000
2017-02-27,CHFUSD,0.99492588
2017-02-27,EURUSD,1.06240000
2017-02-27,GBPUSD,1.24730000
2017-02-27,JPYUSD,0.00892777
2017-02-28,AUDUSD,0.76860000
2017-02-28,CHFUSD,0.99780483
2017-02-28,EURUSD,1.06180000
2017-02-28,GBPUSD,1.24270000
2017-02-28,JPYUSD,0.00892379
2017-03-01,AUDUSD,0.76640000
2017-03-01,CHFUSD,0.99285147
2017-03-01,EURUSD,1.05640000
2017-03-01,GBPUSD,1.23180000
2017-03-01,JPYUSD,0.00879817
2017-03-02,AUDUSD,0.75780000
2017-03-02,CHFUSD,0.98814229
2017-03-02,EURUSD,1.05140000
2017-03-02,GBPUSD,1.22670000
2017-03-02,JPYUSD,0.00873744
2017-03-03,AUDUSD,0.75590000
2017-03-03,CHFUSD,0.98833762
2017-03-03,EURUSD,1.05520000
2017-03-03,GBPUSD,1.22490000
2017-03-03,JPYUSD,0.00872600
2017-03-06,AUDUSD,0.75830000
2017-03-06,CHFUSD,0.98872850
2017-03-06,EURUSD,1.05860000
2017-03-06,GBPUSD,1.22430000
2017-03-06,JPYUSD,0.00877809
2017-03-07,AUDUSD,0.76030000
2017-03-07,CHFUSD,0.98716683
2017-03-07,EURUSD,1.05820000
2017-03-07,GBPUSD,1.22090000
2017-03-07,JPYUSD,0.00877270
2017-03-08,AUDUSD,0.75440000
2017-03-08,CHFUSD,0.98561009
2017-03-08,EURUSD,1.05470000
2017-03-08,GBPUSD,1.21520000
2017-03-08,JPYUSD,0.00872753
2017-03-09,AUDUSD,0.75170000
2017-03-09,CHFUSD,0.98706939
2017-03-09,EURUSD,1.05860000
2017-03-09,GBPUSD,1.21660000
2017-03-09,JPYUSD,0.00871764
2017-03-10,AUDUSD,0.75310000
2017-03-10,CHFUSD,0.98970705
2017-03-10,EURUSD,1.06670000
2017-03-10,GBPUSD,1.21580000
2017-03-10,JPYUSD,0.00869414
2017-03-13,AUDUSD,0.75810000
2017-03-13,CHFUSD,0.99324593
2017-03-13,EURUSD,1.06700000
2017-03-13,GBPUSD,1.22340000
2017-03-13,JPYUSD,0.00872524
2017-03-14,AUDUSD,0.75750000
2017-03-14,CHFUSD,0.99226037
2017-03-14,EURUSD,1.06450000
2017-03-14,GBPUSD,1.21680000
2017-03-14,JPYUSD,0.00872372
2017-03-15,AUDUSD,0.75930000
2017-03-15,CHFUSD,0.99206349
2017-03-15,EURUSD,1.06300000
2017-03-15,GBPUSD,1.22220000
2017-03-15,JPYUSD,0.00872144
2017-03-16,AUDUSD,0.76730000
2017-03-16,CHFUSD,1.00472219
2017-03-16,EURUSD,1.07380000
2017-03-16,GBPUSD,1.23700000
2017-03-16,JPYUSD,0.00884799
2017-03-17,AUDUSD,0.76900000
2017-03-17,CHFUSD,1.00220485
2017-03-17,EURUSD,1.07420000
2017-03-17,GBPUSD,1.23720000
2017-03-17,JPYUSD,0.00887548
2017-03-20,AUDUSD,0.77330000
2017-03-20,CHFUSD,1.00341160
2017-03-20,EURUSD,1.07540000
2017-03-20,GBPUSD,1.23650000
2017-03-20,JPYUSD,0.00888178
2017-03-21,AUDUSD,0.77170000
2017-03-21,CHFUSD,1.00644122
2017-03-21,EURUSD,1.08100000
2017-03-21,GBPUSD,1.24790000
2017-03-21,JPYUSD,0.00893655
2017-03-22,AUDUSD,0.76740000
2017-03-22,CHFUSD,1.01010101
2017-03-22,EURUSD,1.08000000
2017-03-22,GBPUSD,1.24760000
2017-03-22,JPYUSD,0.00900414
2017-03-23,AUDUSD,0.76440000
2017-03-23,CHFUSD,1.00765820
2017-03-23,EURUSD,1.07870000
2017-03-23,GBPUSD,1.25260000
2017-03-23,JPYUSD,0.00899928
2017-03-24,AUDUSD,0.76190000
2017-03-24,CHFUSD,1.00908174
2017-03-24,EURUSD,1.08060000
2017-03-24,GBPUSD,1.24910000
2017-03-24,JPYUSD,0.00900657
2017-03-27,AUDUSD,0.76230000
2017-03-27,CHFUSD,1.01729400
2017-03-27,EURUSD,1.08820000
2017-03-27,GBPUSD,1.25830000
2017-03-27,JPYUSD,0.00905141
2017-03-28,AUDUSD,0.76510000
2017-03-28,CHFUSD,1.01522843
2017-03-28,EURUSD,1.08520000
2017-03-28,GBPUSD,1.25030000
2017-03-28,JPYUSD,0.00904486
2017-03-29,AUDUSD,0.76600000
2017-03-29,CHFUSD,1.00341160
2017-03-29,EURUSD,1.07560000
2017-03-29,GBPUSD,1.24110000
2017-03-29,JPYUSD,0.00900495
2017-03-30,AUDUSD,0.76660000
2017-03-30,CHFUSD,1.00310964
2017-03-30,EURUSD,1.07260000
2017-03-30,GBPUSD,1.24890000
2017-03-30,JPYUSD,0.00897989
2017-03-31,AUDUSD,0.76380000
2017-03-31,CHFUSD,1.00020004
2017-03-31,EURUSD,1.06980000
2017-03-31,GBPUSD,1.25370000
2017-03-31,JPYUSD,0.00897585
2017-04-03,AUDUSD,0.76010000
2017-04-03,CHFUSD,0.99710839
2017-04-03,EURUSD,1.06550000
2017-04-03,GBPUSD,1.24790000
2017-04-03,JPYUSD,0.00901226
2017-04-04,AUDUSD,0.75670000
2017-04-04,CHFUSD,0.99780483
2017-04-04,EURUSD,1.06640000
2017-04-04,GBPUSD,1.24370000
2017-04-04,JPYUSD,0.00903016
2017-04-05,AUDUSD,0.75750000
2017-04-05,CHFUSD,0.99502488
2017-04-05,EURUSD,1.06610000
2017-04-05,GBPUSD,1.24880000
2017-04-05,JPYUSD,0.00899281
2017-04-06,AUDUSD,0.75490000
2017-04-06,CHFUSD,0.99542106
2017-04-06,EURUSD,1.06510000
2017-04-06,GBPUSD,1.24860000
2017-04-06,JPYUSD,0.00900739
2017-04-07,AUDUSD,0.75160000
2017-04-07,CHFUSD,0.99344327
2017-04-07,EURUSD,1.06160000
2017-04-07,GBPUSD,1.23980000
2017-04-07,JPYUSD,0.00902853
2017-04-10,AUDUSD,0.75000000
2017-04-10,CHFUSD,0.99235884
2017-04-10,EURUSD,1.06060000
2017-04-10,GBPUSD,1.24180000
2017-04-10,JPYUSD,0.00901307
2017-04-11,AUDUSD,0.74970000
2017-04-11,CHFUSD,0.99285147
2017-04-11,EURUSD,1.06140000
2017-04-11,GBPUSD,1.24840000
2017-04-11,JPYUSD,0.00911245
2017-04-12,AUDUSD,0.74850000
2017-04-12,CHFUSD,0.99462900
2017-04-12,EURUSD,1.06110000
2017-04-12,GBPUSD,1.25000000
2017-04-12,JPYUSD,0.00912909
2017-04-13,AUDUSD,0.75850000
2017-04-13,CHFUSD,0.99532199
2017-04-13,EURUSD,1.06300000
2017-04-13,GBPUSD,1.25220000
2017-04-13,JPYUSD,0.00915499
2017-04-14,AUDUSD,0.75750000
2017-04-14,CHFUSD,0.99621439
2017-04-14,EURUSD,1.06250000
2017-04-14,GBPUSD,1.25310000
2017-04-14,JPYUSD,0.00920556
2017-04-17,AUDUSD,0.76040000
2017-04-17,CHFUSD,0.99780483
2017-04-17,EURUSD,1.06600000
2017-04-17,GBPUSD,1.25870000
2017-04-17,JPYUSD,0.00921999
2017-04-18,AUDUSD,0.75530000
2017-04-18,CHFUSD,1.00220485
2017-04-18,EURUSD,1.07060000
2017-04-18,GBPUSD,1.27690000
2017-04-18,JPYUSD,0.00922509
2017-04-19,AUDUSD,0.75000000
2017-04-19,CHFUSD,1.00140196
2017-04-19,EURUSD,1.07070000
2017-04-19,GBPUSD,1.27890000
2017-04-19,JPYUSD,0.00916926
2017-04-20,AUDUSD,0.75400000
2017-04-20,CHFUSD,1.00401606
2017-04-20,EURUSD,1.07580000
2017-04-20,GBPUSD,1.28300000
2017-04-20,JPYUSD,0.00914578
2017-04-21,AUDUSD,0.75390000
2017-04-21,CHFUSD,1.00130169
2017-04-21,EURUSD,1.06940000
2017-04-21,GBPUSD,1.27830000
2017-04-21,JPYUSD,0.00916758
2017-04-24,AUDUSD,0.75580000
2017-04-24,CHFUSD,1.00361301
2017-04-24,EURUSD,1.08460000
2017-04-24,GBPUSD,1.27830000
2017-04-24,JPYUSD,0.00911245
2017-04-25,AUDUSD,0.75380000
2017-04-25,CHFUSD,1.00755668
2017-04-25,EURUSD,1.09410000
2017-04-25,GBPUSD,1.28360000
2017-04-25,JPYUSD,0.00901876
2017-04-26,AUDUSD,0.74620000
2017-04-26,CHFUSD,1.00431857
2017-04-26,EURUSD,1.08720000
2017-04-26,GBPUSD,1.28380000
2017-04-26,JPYUSD,0.00896700
2017-04-27,AUDUSD,0.74520000
2017-04-27,CHFUSD,1.00522718
2017-04-27,EURUSD,1.08640000
2017-04-27,GBPUSD,1.28890000
2017-04-27,JPYUSD,0.00899847
2017-04-28,AUDUSD,0.74750000
2017-04-28,CHFUSD,1.00563154
2017-04-28,EURUSD,1.08950000
2017-04-28,GBPUSD,1.29380000
2017-04-28,JPYUSD,0.00897344
2017-05-01,AUDUSD,0.75340000
2017-05-01,CHFUSD,1.00452034
2017-05-01,EURUSD,1.09120000
2017-05-01,GBPUSD,1.29170000
2017-05-01,JPYUSD,0.00894614
2017-05-02,AUDUSD,0.75230000
2017-05-02,CHFUSD,1.00877635
2017-05-02,EURUSD,1.09100000
2017-05-02,GBPUSD,1.29210000
2017-05-02,JPYUSD,0.00892379
2017-05-03,AUDUSD,0.74510000
2017-05-03,CHFUSD,1.00877635
2017-05-03,EURUSD,1.09200000
2017-05-03,GBPUSD,1.29160000
2017-05-03,JPYUSD,0.00890155
2017-05-04,AUDUSD,0.74030000
2017-05-04,CHFUSD,1.01112235
2017-05-04,EURUSD,1.09670000
2017-05-04,GBPUSD,1.29100000
2017-05-04,JPYUSD,0.00887311
2017-05-05,AUDUSD,0.74140000
2017-05-05,CHFUSD,1.01255569
2017-05-05,EURUSD,1.09960000
2017-05-05,GBPUSD,1.29500000
2017-05-05,JPYUSD,0.00887863
2017-05-08,AUDUSD,0.73860000
2017-05-08,CHFUSD,1.00210442
2017-05-08,EURUSD,1.09280000
2017-05-08,GBPUSD,1.29420000
2017-05-08,JPYUSD,0.00886211
2017-05-09,AUDUSD,0.73520000
2017-05-09,CHFUSD,0.99265436
2017-05-09,EURUSD,1.08750000
2017-05-09,GBPUSD,1.29390000
2017-05-09,JPYUSD,0.00875733
2017-05-10,AUDUSD,0.73830000
2017-05-10,CHFUSD,0.99127676
2017-05-10,EURUSD,1.08730000
2017-05-10,GBPUSD,1.29390000
2017-05-10,JPYUSD,0.00877039
2017-05-11,AUDUSD,0.73740000
2017-05-11,CHFUSD,0.99393698
2017-05-11,EURUSD,1.08690000
2017-05-11,GBPUSD,1.28850000
2017-05-11,JPYUSD,0.00878966
2017-05-12,AUDUSD,0.73970000
2017-05-12,CHFUSD,0.99920064
2017-05-12,EURUSD,1.09260000
2017-05-12,GBPUSD,1.28800000
2017-05-12,JPYUSD,0.00882613
2017-05-15,AUDUSD,0.74250000
2017-05-15,CHFUSD,1.00361301
2017-05-15,EURUSD,1.09790000
2017-05-15,GBPUSD,1.29170000
2017-05-15,JPYUSD,0.00880747
2017-05-16,AUDUSD,0.74290000
2017-05-16,CHFUSD,1.01235068
2017-05-16,EURUSD,1.10720000
2017-05-16,GBPUSD,1.29120000
2017-05-16,JPYUSD,0.00883080
2017-05-17,AUDUSD,0.74260000
2017-05-17,CHFUSD,1.01957586
2017-05-17,EURUSD,1.11340000
2017-05-17,GBPUSD,1.29440000
2017-05-17,JPYUSD,0.00897183
2017-05-18,AUDUSD,0.74320000
2017-05-18,CHFUSD,1.02427533
2017-05-18,EURUSD,1.11300000
2017-05-18,GBPUSD,1.30090000
2017-05-18,JPYUSD,0.00902364
2017-05-19,AUDUSD,0.74490000
2017-05-19,CHFUSD,1.02522042
2017-05-19,EURUSD,1.11900000
2017-05-19,GBPUSD,1.30180000
2017-05-19,JPYUSD,0.00897102
2017-05-22,AUDUSD,0.74760000
2017-05-22,CHFUSD,1.02711586
2017-05-22,EURUSD,1.12360000
2017-05-22,GBPUSD,1.30060000
2017-05-22,JPYUSD,0.00899685
2017-05-23,AUDUSD,0.74850000
2017-05-23,CHFUSD,1.02669405
2017-05-23,EURUSD,1.11980000
2017-05-23,GBPUSD,1.29840000
2017-05-23,JPYUSD,0.00895736
2017-05-24,AUDUSD,0.74630000
2017-05-24,CHFUSD,1.02364623
2017-05-24,EURUSD,1.11750000
2017-05-24,GBPUSD,1.29350000
2017-05-24,JPYUSD,0.00892698
2017-05-25,AUDUSD,0.74660000
2017-05-25,CHFUSD,1.02880658
2017-05-25,EURUSD,1.12180000
2017-05-25,GBPUSD,1.29540000
2017-05-25,JPYUSD,0.00895255
2017-05-26,AUDUSD,0.74400000
2017-05-26,CHFUSD,1.02532554
2017-05-26,EURUSD,1.11700000
2017-05-26,GBPUSD,1.27950000
2017-05-26,JPYUSD,0.00898473
2017-05-30,AUDUSD,0.74650000
2017-05-30,CHFUSD,1.02627258
2017-05-30,EURUSD,1.11830000
2017-05-30,GBPUSD,1.28580000
2017-05-30,JPYUSD,0.00903506
2017-05-31,AUDUSD,0.74370000
2017-05-31,CHFUSD,1.03263114
2017-05-31,EURUSD,1.12360000
2017-05-31,GBPUSD,1.29050000
2017-05-31,JPYUSD,0.00903261
2017-06-01,AUDUSD,0.73870000
2017-06-01,CHFUSD,1.02965404
2017-06-01,EURUSD,1.12140000
2017-06-01,GBPUSD,1.28940000
2017-06-01,JPYUSD,0.00898957
2017-06-02,AUDUSD,0.74410000
2017-06-02,CHFUSD,1.03712923
2017-06-02,EURUSD,1.12700000
2017-06-02,GBPUSD,1.28850000
2017-06-02,JPYUSD,0.00905059
2017-06-05,AUDUSD,0.74790000
2017-06-05,CHFUSD,1.03551828
2017-06-05,EURUSD,1.12500000
2017-06-05,GBPUSD,1.29170000
2017-06-05,JPYUSD,0.00905059
2017-06-06,AUDUSD,0.75140000
2017-06-06,CHFUSD,1.03863731
2017-06-06,EURUSD,1.12660000
2017-06-06,GBPUSD,1.29010000
2017-06-06,JPYUSD,0.00914578
2017-06-07,AUDUSD,0.75500000
2017-06-07,CHFUSD,1.03551828
2017-06-07,EURUSD,1.12360000
2017-06-07,GBPUSD,1.29410000
2017-06-07,JPYUSD,0.00912909
2017-06-08,AUDUSD,0.75430000
2017-06-08,CHFUSD,1.03359173
2017-06-08,EURUSD,1.12170000
2017-06-08,GBPUSD,1.29390000
2017-06-08,JPYUSD,0.00908265
2017-06-09,AUDUSD,0.75320000
2017-06-09,CHFUSD,1.03092784
2017-06-09,EURUSD,1.11900000
2017-06-09,GBPUSD,1.27370000
2017-06-09,JPYUSD,0.00904077
2017-06-12,AUDUSD,0.75390000
2017-06-12,CHFUSD,1.03220479
2017-06-12,EURUSD,1.12040000
2017-06-12,GBPUSD,1.26580000
2017-06-12,JPYUSD,0.00911411
2017-06-13,AUDUSD,0.75400000
2017-06-13,CHFUSD,1.03177879
2017-06-13,EURUSD,1.11940000
2017-06-13,GBPUSD,1.27390000
2017-06-13,JPYUSD,0.00908100
2017-06-14,AUDUSD,0.76190000
2017-06-14,CHFUSD,1.03498241
2017-06-14,EURUSD,1.12770000
2017-06-14,GBPUSD,1.28080000
2017-06-14,JPYUSD,0.00916086
2017-06-15,AUDUSD,0.75820000
2017-06-15,CHFUSD,1.02574623
2017-06-15,EURUSD,1.11520000
2017-06-15,GBPUSD,1.27680000
2017-06-15,JPYUSD,0.00903669
2017-06-16,AUDUSD,0.76220000
2017-06-16,CHFUSD,1.02679947
2017-06-16,EURUSD,1.11940000
2017-06-16,GBPUSD,1.27780000
2017-06-16,JPYUSD,0.00902201
2017-06-19,AUDUSD,0.76050000
2017-06-19,CHFUSD,1.02616727
2017-06-19,EURUSD,1.11600000
2017-06-19,GBPUSD,1.27430000
2017-06-19,JPYUSD,0.00898150
2017-06-20,AUDUSD,0.75750000
2017-06-20,CHFUSD,1.02469515
2017-06-20,EURUSD,1.11240000
2017-06-20,GBPUSD,1.26280000
2017-06-20,JPYUSD,0.00897183
2017-06-21,AUDUSD,0.75490000
2017-06-21,CHFUSD,1.02627258
2017-06-21,EURUSD,1.11430000
2017-06-21,GBPUSD,1.26670000
2017-06-21,JPYUSD,0.00896218
2017-06-22,AUDUSD,0.75420000
2017-06-22,CHFUSD,1.02796053
2017-06-22,EURUSD,1.11480000
2017-06-22,GBPUSD,1.26590000
2017-06-22,JPYUSD,0.00897989
2017-06-23,AUDUSD,0.75780000
2017-06-23,CHFUSD,1.03177879
2017-06-23,EURUSD,1.11960000
2017-06-23,GBPUSD,1.27270000
2017-06-23,JPYUSD,0.00898796
2017-06-26,AUDUSD,0.75900000
2017-06-26,CHFUSD,1.03029054
2017-06-26,EURUSD,1.11960000
2017-06-26,GBPUSD,1.27320000
2017-06-26,JPYUSD,0.00897022
2017-06-27,AUDUSD,0.75880000
2017-06-27,CHFUSD,1.03755966
2017-06-27,EURUSD,1.13000000
2017-06-27,GBPUSD,1.27910000
2017-06-27,JPYUSD,0.00889521
2017-06-28,AUDUSD,0.76380000
2017-06-28,CHFUSD,1.04079933
2017-06-28,EURUSD,1.13640000
2017-06-28,GBPUSD,1.29360000
2017-06-28,JPYUSD,0.00891424
2017-06-29,AUDUSD,0.76800000
2017-06-29,CHFUSD,1.04504128
2017-06-29,EURUSD,1.14200000
2017-06-29,GBPUSD,1.29840000
2017-06-29,JPYUSD,0.00890313
2017-06-30,AUDUSD,0.76760000
2017-06-30,CHFUSD,1.04318798
2017-06-30,EURUSD,1.14110000
2017-06-30,GBPUSD,1.29950000
2017-06-30,JPYUSD,0.00889680
2017-07-03,AUDUSD,0.76520000
2017-07-03,CHFUSD,1.03820598
2017-07-03,EURUSD,1.13670000
2017-07-03,GBPUSD,1.29510000
2017-07-03,JPYUSD,0.00882457
2017-07-05,AUDUSD,0.75880000
2017-07-05,CHFUSD,1.03605470
2017-07-05,EURUSD,1.13360000
2017-07-05,GBPUSD,1.29340000
2017-07-05,JPYUSD,0.00883392
2017-07-06,AUDUSD,0.75840000
2017-07-06,CHFUSD,1.03799045
2017-07-06,EURUSD,1.14090000
2017-07-06,GBPUSD,1.29670000
2017-07-06,JPYUSD,0.00882768
2017-07-07,AUDUSD,0.75990000
2017-07-07,CHFUSD,1.03691414
2017-07-07,EURUSD,1.13960000
2017-07-07,GBPUSD,1.28800000
2017-07-07,JPYUSD,0.00876424
2017-07-10,AUDUSD,0.75990000
2017-07-10,CHFUSD,1.03541106
2017-07-10,EURUSD,1.13960000
2017-07-10,GBPUSD,1.28840000
2017-07-10,JPYUSD,0.00876578
2017-07-11,AUDUSD,0.76140000
2017-07-11,CHFUSD,1.03391232
2017-07-11,EURUSD,1.14300000
2017-07-11,GBPUSD,1.28510000
2017-07-11,JPYUSD,0.00875657
2017-07-12,AUDUSD,0.76730000
2017-07-12,CHFUSD,1.03648425
2017-07-12,EURUSD,1.14110000
2017-07-12,GBPUSD,1.28890000
2017-07-12,JPYUSD,0.00883470
2017-07-13,AUDUSD,0.77280000
2017-07-13,CHFUSD,1.03252452
2017-07-13,EURUSD,1.13850000
2017-07-13,GBPUSD,1.29210000
2017-07-13,JPYUSD,0.00881912
2017-07-14,AUDUSD,0.78130000
2017-07-14,CHFUSD,1.03584007
2017-07-14,EURUSD,1.14520000
2017-07-14,GBPUSD,1.30790000
2017-07-14,JPYUSD,0.00887626
2017-07-17,AUDUSD,0.78110000
2017-07-17,CHFUSD,1.03874520
2017-07-17,EURUSD,1.14700000
2017-07-17,GBPUSD,1.30580000
2017-07-17,JPYUSD,0.00886839
2017-07-18,AUDUSD,0.79230000
2017-07-18,CHFUSD,1.04975856
2017-07-18,EURUSD,1.15780000
2017-07-18,GBPUSD,1.30260000
2017-07-18,JPYUSD,0.00893735
2017-07-19,AUDUSD,0.79460000
2017-07-19,CHFUSD,1.04733976
2017-07-19,EURUSD,1.15180000
2017-07-19,GBPUSD,1.30360000
2017-07-19,JPYUSD,0.00894694
2017-07-20,AUDUSD,0.79580000
2017-07-20,CHFUSD,1.05185653
2017-07-20,EURUSD,1.16340000
2017-07-20,GBPUSD,1.29760000
2017-07-20,JPYUSD,0.00895415
2017-07-21,AUDUSD,0.79110000
2017-07-21,CHFUSD,1.05618927
2017-07-21,EURUSD,1.16550000
2017-07-21,GBPUSD,1.29680000
2017-07-21,JPYUSD,0.00899442
2017-07-24,AUDUSD,0.79260000
2017-07-24,CHFUSD,1.05752961
2017-07-24,EURUSD,1.16420000
2017-07-24,GBPUSD,1.30280000
2017-07-24,JPYUSD,0.00900090
2017-07-25,AUDUSD,0.79490000
2017-07-25,CHFUSD,1.05307498
2017-07-25,EURUSD,1.16560000
2017-07-25,GBPUSD,1.30460000
2017-07-25,JPYUSD,0.00896298
2017-07-26,AUDUSD,0.79220000
2017-07-26,CHFUSD,1.04384134
2017-07-26,EURUSD,1.16320000
2017-07-26,GBPUSD,1.30480000
2017-07-26,JPYUSD,0.00892061
2017-07-27,AUDUSD,0.79620000
2017-07-27,CHFUSD,1.03562552
2017-07-27,EURUSD,1.16560000
2017-07-27,GBPUSD,1.30650000
2017-07-27,JPYUSD,0.00895897
2017-07-28,AUDUSD,0.79910000
2017-07-28,CHFUSD,1.03252452
2017-07-28,EURUSD,1.17540000
2017-07-28,GBPUSD,1.31240000
2017-07-28,JPYUSD,0.00901957
2017-07-31,AUDUSD,0.79880000
2017-07-31,CHFUSD,1.03626943
2017-07-31,EURUSD,1.18260000
2017-07-31,GBPUSD,1.31960000
2017-07-31,JPYUSD,0.00905961
2017-08-01,AUDUSD,0.79740000
2017-08-01,CHFUSD,1.03573278
2017-08-01,EURUSD,1.17990000
2017-08-01,GBPUSD,1.32060000
2017-08-01,JPYUSD,0.00906372
2017-08-02,AUDUSD,0.79830000
2017-08-02,CHFUSD,1.03263114
2017-08-02,EURUSD,1.18610000
2017-08-02,GBPUSD,1.32360000
2017-08-02,JPYUSD,0.00905551
2017-08-03,AUDUSD,0.79450000
2017-08-03,CHFUSD,1.03199174
2017-08-03,EURUSD,1.18800000
2017-08-03,GBPUSD,1.31440000
2017-08-03,JPYUSD,0.00908100
2017-08-04,AUDUSD,0.79240000
2017-08-04,CHFUSD,1.02870075
2017-08-04,EURUSD,1.17540000
2017-08-04,GBPUSD,1.30360000
2017-08-04,JPYUSD,0.00902853
2017-08-07,AUDUSD,0.79050000
2017-08-07,CHFUSD,1.02796053
2017-08-07,EURUSD,1.17880000
2017-08-07,GBPUSD,1.30210000
2017-08-07,JPYUSD,0.00902853
2017-08-08,AUDUSD,0.79050000
2017-08-08,CHFUSD,1.02396068
2017-08-08,EURUSD,1.17240000
2017-08-08,GBPUSD,1.29680000
2017-08-08,JPYUSD,0.00903016
2017-08-09,AUDUSD,0.78720000
2017-08-09,CHFUSD,1.03637683
2017-08-09,EURUSD,1.17480000
2017-08-09,GBPUSD,1.29970000
2017-08-09,JPYUSD,0.00908760
2017-08-10,AUDUSD,0.78880000
2017-08-10,CHFUSD,1.03659169
2017-08-10,EURUSD,1.17510000
2017-08-10,GBPUSD,1.29780000
2017-08-10,JPYUSD,0.00914328
2017-08-11,AUDUSD,0.78800000
2017-08-11,CHFUSD,1.03950104
2017-08-11,EURUSD,1.18110000
2017-08-11,GBPUSD,1.29880000
2017-08-11,JPYUSD,0.00916926
2017-08-14,AUDUSD,0.78640000
2017-08-14,CHFUSD,1.02944204
2017-08-14,EURUSD,1.17860000
2017-08-14,GBPUSD,1.29750000
2017-08-14,JPYUSD,0.00913409
2017-08-15,AUDUSD,0.78220000
2017-08-15,CHFUSD,1.02901832
2017-08-15,EURUSD,1.17360000
2017-08-15,GBPUSD,1.28620000
2017-08-15,JPYUSD,0.00905633
2017-08-16,AUDUSD,0.78820000
2017-08-16,CHFUSD,1.02627258
2017-08-16,EURUSD,1.17030000
2017-08-16,GBPUSD,1.28600000
2017-08-16,JPYUSD,0.00902527
2017-08-17,AUDUSD,0.79180000
2017-08-17,CHFUSD,1.03809820
2017-08-17,EURUSD,1.17360000
2017-08-17,GBPUSD,1.28880000
2017-08-17,JPYUSD,0.00910084
2017-08-18,AUDUSD,0.79330000
2017-08-18,CHFUSD,1.03712923
2017-08-18,EURUSD,1.17480000
2017-08-18,GBPUSD,1.28470000
2017-08-18,JPYUSD,0.00914746
2017-08-21,AUDUSD,0.79360000
2017-08-21,CHFUSD,1.03852944
2017-08-21,EURUSD,1.18140000
2017-08-21,GBPUSD,1.29030000
2017-08-21,JPYUSD,0.00918358
2017-08-22,AUDUSD,0.79130000
2017-08-22,CHFUSD,1.03434009
2017-08-22,EURUSD,1.17620000
2017-08-22,GBPUSD,1.28340000
2017-08-22,JPYUSD,0.00914077
2017-08-23,AUDUSD,0.78930000
2017-08-23,CHFUSD,1.03444709
2017-08-23,EURUSD,1.18020000
2017-08-23,GBPUSD,1.27870000
2017-08-23,JPYUSD,0.00916254
2017-08-24,AUDUSD,0.79050000
2017-08-24,CHFUSD,1.03669915
2017-08-24,EURUSD,1.18010000
2017-08-24,GBPUSD,1.28020000
2017-08-24,JPYUSD,0.00914578
2017-08-25,AUDUSD,0.79290000
2017-08-25,CHFUSD,1.04449551
2017-08-25,EURUSD,1.18740000
2017-08-25,GBPUSD,1.28730000
2017-08-25,JPYUSD,0.00915416
2017-08-28,AUDUSD,0.79560000
2017-08-28,CHFUSD,1.04668202
2017-08-28,EURUSD,1.19730000
2017-08-28,GBPUSD,1.29270000
2017-08-28,JPYUSD,0.00915583
2017-08-29,AUDUSD,0.79730000
2017-08-29,CHFUSD,1.05485232
2017-08-29,EURUSD,1.20250000
2017-08-29,GBPUSD,1.29370000
2017-08-29,JPYUSD,0.00917263
2017-08-30,AUDUSD,0.79050000
2017-08-30,CHFUSD,1.04351456
2017-08-30,EURUSD,1.19270000
2017-08-30,GBPUSD,1.29340000
2017-08-30,JPYUSD,0.00907441
2017-08-31,AUDUSD,0.79320000
2017-08-31,CHFUSD,1.04058273
2017-08-31,EURUSD,1.18940000
2017-08-31,GBPUSD,1.28880000
2017-08-31,JPYUSD,0.00908595
2017-09-01,AUDUSD,0.79800000
2017-09-01,CHFUSD,1.03885311
2017-09-01,EURUSD,1.18780000
2017-09-01,GBPUSD,1.29720000
2017-09-01,JPYUSD,0.00908348
2017-09-05,AUDUSD,0.80100000
2017-09-05,CHFUSD,1.04416832
2017-09-05,EURUSD,1.19110000
2017-09-05,GBPUSD,1.30130000
2017-09-05,JPYUSD,0.00917936
2017-09-06,AUDUSD,0.80160000
2017-09-06,CHFUSD,1.04854776
2017-09-06,EURUSD,1.19430000
2017-09-06,GBPUSD,1.30730000
2017-09-06,JPYUSD,0.00919540
2017-09-07,AUDUSD,0.80380000
2017-09-07,CHFUSD,1.05285323
2017-09-07,EURUSD,1.20280000
2017-09-07,GBPUSD,1.30940000
2017-09-07,JPYUSD,0.00923702
2017-09-08,AUDUSD,0.80710000
2017-09-08,CHFUSD,1.05752961
2017-09-08,EURUSD,1.20410000
2017-09-08,GBPUSD,1.32110000
2017-09-08,JPYUSD,0.00928333
2017-09-11,AUDUSD,0.80240000
2017-09-11,CHFUSD,1.04898773
2017-09-11,EURUSD,1.19640000
2017-09-11,GBPUSD,1.31730000
2017-09-11,JPYUSD,0.00917179
2017-09-12,AUDUSD,0.80420000
2017-09-12,CHFUSD,1.04210088
2017-09-12,EURUSD,1.19680000
2017-09-12,GBPUSD,1.32800000
2017-09-12,JPYUSD,0.00909008
2017-09-13,AUDUSD,0.79870000
2017-09-13,CHFUSD,1.03745202
2017-09-13,EURUSD,1.18980000
2017-09-13,GBPUSD,1.32180000
2017-09-13,JPYUSD,0.00904323
2017-09-14,AUDUSD,0.79800000
2017-09-14,CHFUSD,1.03519669
2017-09-14,EURUSD,1.18860000
2017-09-14,GBPUSD,1.33980000
2017-09-14,JPYUSD,0.00903669
2017-09-15,AUDUSD,0.80070000
2017-09-15,CHFUSD,1.04231812
2017-09-15,EURUSD,1.19590000
2017-09-15,GBPUSD,1.35780000
2017-09-15,JPYUSD,0.00902201
2017-09-18,AUDUSD,0.79660000
2017-09-18,CHFUSD,1.03842160
2017-09-18,EURUSD,1.19380000
2017-09-18,GBPUSD,1.34850000
2017-09-18,JPYUSD,0.00897022
2017-09-19,AUDUSD,0.80140000
2017-09-19,CHFUSD,1.03863731
2017-09-19,EURUSD,1.19800000
2017-09-19,GBPUSD,1.35170000
2017-09-19,JPYUSD,0.00896941
2017-09-20,AUDUSD,0.80700000
2017-09-20,CHFUSD,1.03982531
2017-09-20,EURUSD,1.19980000
2017-09-20,GBPUSD,1.35640000
2017-09-20,JPYUSD,0.00896861
2017-09-21,AUDUSD,0.79400000
2017-09-21,CHFUSD,1.03177879
2017-09-21,EURUSD,1.19460000
2017-09-21,GBPUSD,1.35760000
2017-09-21,JPYUSD,0.00890472
2017-09-22,AUDUSD,0.79750000
2017-09-22,CHFUSD,1.03156592
2017-09-22,EURUSD,1.19690000
2017-09-22,GBPUSD,1.35310000
2017-09-22,JPYUSD,0.00892777
2017-09-25,AUDUSD,0.79370000
2017-09-25,CHFUSD,1.03284445
2017-09-25,EURUSD,1.18520000
2017-09-25,GBPUSD,1.34570000
2017-09-25,JPYUSD,0.00895736
2017-09-26,AUDUSD,0.78800000
2017-09-26,CHFUSD,1.03029054
2017-09-26,EURUSD,1.17720000
2017-09-26,GBPUSD,1.34220000
2017-09-26,JPYUSD,0.00891583
2017-09-27,AUDUSD,0.78660000
2017-09-27,CHFUSD,1.02616727
2017-09-27,EURUSD,1.17470000
2017-09-27,GBPUSD,1.34010000
2017-09-27,JPYUSD,0.00886839
2017-09-28,AUDUSD,0.78310000
2017-09-28,CHFUSD,1.02986612
2017-09-28,EURUSD,1.17760000
2017-09-28,GBPUSD,1.34350000
2017-09-28,JPYUSD,0.00887626
2017-09-29,AUDUSD,0.78400000
2017-09-29,CHFUSD,1.03220479
2017-09-29,EURUSD,1.18130000
2017-09-29,GBPUSD,1.34020000
2017-09-29,JPYUSD,0.00887784
2017-10-02,AUDUSD,0.78250000
2017-10-02,CHFUSD,1.02701037
2017-10-02,EURUSD,1.17450000
2017-10-02,GBPUSD,1.32680000
2017-10-02,JPYUSD,0.00888099
2017-10-03,AUDUSD,0.78280000
2017-10-03,CHFUSD,1.02732690
2017-10-03,EURUSD,1.17590000
2017-10-03,GBPUSD,1.32510000
2017-10-03,JPYUSD,0.00886525
2017-10-04,AUDUSD,0.78560000
2017-10-04,CHFUSD,1.02501025
2017-10-04,EURUSD,1.17600000
2017-10-04,GBPUSD,1.32680000
2017-10-04,JPYUSD,0.00886211
2017-10-05,AUDUSD,0.78000000
2017-10-05,CHFUSD,1.02124183
2017-10-05,EURUSD,1.17060000
2017-10-05,GBPUSD,1.31320000
2017-10-05,JPYUSD,0.00886997
2017-10-06,AUDUSD,0.77650000
2017-10-06,CHFUSD,1.02280863
2017-10-06,EURUSD,1.17320000
2017-10-06,GBPUSD,1.30630000
2017-10-06,JPYUSD,0.00887469
2017-10-10,AUDUSD,0.77880000
2017-10-10,CHFUSD,1.02627258
2017-10-10,EURUSD,1.18040000
2017-10-10,GBPUSD,1.32150000
2017-10-10,JPYUSD,0.00891663
2017-10-11,AUDUSD,0.77810000
2017-10-11,CHFUSD,1.02753802
2017-10-11,EURUSD,1.18470000
2017-10-11,GBPUSD,1.32100000
2017-10-11,JPYUSD,0.00890076
2017-10-12,AUDUSD,0.78270000
2017-10-12,CHFUSD,1.02459016
2017-10-12,EURUSD,1.18400000
2017-10-12,GBPUSD,1.31740000
2017-10-12,JPYUSD,0.00889838
2017-10-13,AUDUSD,0.78850000
2017-10-13,CHFUSD,1.02616727
2017-10-13,EURUSD,1.18370000
2017-10-13,GBPUSD,1.33040000
2017-10-13,JPYUSD,0.00893336
2017-10-16,AUDUSD,0.78590000
2017-10-16,CHFUSD,1.02722137
2017-10-16,EURUSD,1.18100000
2017-10-16,GBPUSD,1.32850000
2017-10-16,JPYUSD,0.00895095
2017-10-17,AUDUSD,0.78330000
2017-10-17,CHFUSD,1.01999184
2017-10-17,EURUSD,1.17540000
2017-10-17,GBPUSD,1.31820000
2017-10-17,JPYUSD,0.00890313
2017-10-18,AUDUSD,0.78380000
2017-10-18,CHFUSD,1.01864113
2017-10-18,EURUSD,1.17750000
2017-10-18,GBPUSD,1.31830000
2017-10-18,JPYUSD,0.00885426
2017-10-19,AUDUSD,0.78780000
2017-10-19,CHFUSD,1.02553584
2017-10-19,EURUSD,1.18420000
2017-10-19,GBPUSD,1.31810000
2017-10-19,JPYUSD,0.00888573
2017-10-20,AUDUSD,0.78120000
2017-10-20,CHFUSD,1.01584722
2017-10-20,EURUSD,1.17700000
2017-10-20,GBPUSD,1.31790000
2017-10-20,JPYUSD,0.00881057
2017-10-23,AUDUSD,0.78070000
2017-10-23,CHFUSD,1.01399310
2017-10-23,EURUSD,1.17620000
2017-10-23,GBPUSD,1.32010000
2017-10-23,JPYUSD,0.00879817
2017-10-24,AUDUSD,0.77800000
2017-10-24,CHFUSD,1.01112235
2017-10-24,EURUSD,1.17660000
2017-10-24,GBPUSD,1.31240000
2017-10-24,JPYUSD,0.00877809
2017-10-25,AUDUSD,0.76940000
2017-10-25,CHFUSD,1.01132686
2017-10-25,EURUSD,1.18020000
2017-10-25,GBPUSD,1.32520000
2017-10-25,JPYUSD,0.00879507
2017-10-26,AUDUSD,0.76880000
2017-10-26,CHFUSD,1.00502513
2017-10-26,EURUSD,1.17000000
2017-10-26,GBPUSD,1.31810000
2017-10-26,JPYUSD,0.00879353
2017-10-27,AUDUSD,0.76600000
2017-10-27,CHFUSD,1.00100100
2017-10-27,EURUSD,1.15800000
2017-10-27,GBPUSD,1.31080000
2017-10-27,JPYUSD,0.00878580
2017-10-30,AUDUSD,0.76780000
2017-10-30,CHFUSD,1.00310964
2017-10-30,EURUSD,1.16260000
2017-10-30,GBPUSD,1.31950000
2017-10-30,JPYUSD,0.00882924
2017-10-31,AUDUSD,0.76680000
2017-10-31,CHFUSD,1.00321027
2017-10-31,EURUSD,1.16480000
2017-10-31,GBPUSD,1.32810000
2017-10-31,JPYUSD,0.00880049
2017-11-01,AUDUSD,0.76760000
2017-11-01,CHFUSD,0.99860196
2017-11-01,EURUSD,1.16180000
2017-11-01,GBPUSD,1.32570000
2017-11-01,JPYUSD,0.00876885
2017-11-02,AUDUSD,0.77220000
2017-11-02,CHFUSD,1.00230530
2017-11-02,EURUSD,1.16720000
2017-11-02,GBPUSD,1.30680000
2017-11-02,JPYUSD,0.00878426
2017-11-03,AUDUSD,0.76500000
2017-11-03,CHFUSD,0.99980004
2017-11-03,EURUSD,1.16160000
2017-11-03,GBPUSD,1.30670000
2017-11-03,JPYUSD,0.00875274
2017-11-06,AUDUSD,0.76730000
2017-11-06,CHFUSD,1.00100100
2017-11-06,EURUSD,1.16000000
2017-11-06,GBPUSD,1.31450000
2017-11-06,JPYUSD,0.00877963
2017-11-07,AUDUSD,0.76370000
2017-11-07,CHFUSD,1.00040016
2017-11-07,EURUSD,1.15770000
2017-11-07,GBPUSD,1.31520000
2017-11-07,JPYUSD,0.00877963
2017-11-08,AUDUSD,0.76770000
2017-11-08,CHFUSD,1.00030009
2017-11-08,EURUSD,1.15910000
2017-11-08,GBPUSD,1.31080000
2017-11-08,JPYUSD,0.00880127
2017-11-09,AUDUSD,0.76680000
2017-11-09,CHFUSD,1.00421771
2017-11-09,EURUSD,1.16480000
2017-11-09,GBPUSD,1.31330000
2017-11-09,JPYUSD,0.00881834
2017-11-13,AUDUSD,0.76220000
2017-11-13,CHFUSD,1.00250627
2017-11-13,EURUSD,1.16560000
2017-11-13,GBPUSD,1.31010000
2017-11-13,JPYUSD,0.00880127
2017-11-14,AUDUSD,0.76280000
2017-11-14,CHFUSD,1.00867460
2017-11-14,EURUSD,1.17640000
2017-11-14,GBPUSD,1.31280000
2017-11-14,JPYUSD,0.00881057
2017-11-15,AUDUSD,0.75760000
2017-11-15,CHFUSD,1.00989699
2017-11-15,EURUSD,1.17940000
2017-11-15,GBPUSD,1.31650000
2017-11-15,JPYUSD,0.00883783
2017-11-16,AUDUSD,0.75900000
2017-11-16,CHFUSD,1.00745517
2017-11-16,EURUSD,1.17720000
2017-11-16,GBPUSD,1.31970000
2017-11-16,JPYUSD,0.00885818
2017-11-17,AUDUSD,0.75630000
2017-11-17,CHFUSD,1.01194090
2017-11-17,EURUSD,1.17990000
2017-11-17,GBPUSD,1.32220000
2017-11-17,JPYUSD,0.00893017
2017-11-20,AUDUSD,0.75510000
2017-11-20,CHFUSD,1.00775975
2017-11-20,EURUSD,1.17410000
2017-11-20,GBPUSD,1.32410000
2017-11-20,JPYUSD,0.00888968
2017-11-21,AUDUSD,0.75820000
2017-11-21,CHFUSD,1.00847116
2017-11-21,EURUSD,1.17410000
2017-11-21,GBPUSD,1.32320000
2017-11-21,JPYUSD,0.00889205
2017-11-22,AUDUSD,0.75910000
2017-11-22,CHFUSD,1.01646676
2017-11-22,EURUSD,1.17890000
2017-11-22,GBPUSD,1.32910000
2017-11-22,JPYUSD,0.00895897
2017-11-24,AUDUSD,0.76190000
2017-11-24,CHFUSD,1.02165917
2017-11-24,EURUSD,1.19360000
2017-11-24,GBPUSD,1.33360000
2017-11-24,JPYUSD,0.00896539
2017-11-27,AUDUSD,0.76050000
2017-11-27,CHFUSD,1.01999184
2017-11-27,EURUSD,1.19110000
2017-11-27,GBPUSD,1.33330000
2017-11-27,JPYUSD,0.00900901
2017-11-28,AUDUSD,0.76170000
2017-11-28,CHFUSD,1.01719052
2017-11-28,EURUSD,1.18780000
2017-11-28,GBPUSD,1.32310000
2017-11-28,JPYUSD,0.00899847
2017-11-29,AUDUSD,0.75720000
2017-11-29,CHFUSD,1.01657009
2017-11-29,EURUSD,1.18580000
2017-11-29,GBPUSD,1.34360000
2017-11-29,JPYUSD,0.00894855
2017-11-30,AUDUSD,0.75720000
2017-11-30,CHFUSD,1.01646676
2017-11-30,EURUSD,1.18980000
2017-11-30,GBPUSD,1.35060000
2017-11-30,JPYUSD,0.00890472
2017-12-01,AUDUSD,0.76240000
2017-12-01,CHFUSD,1.02438025
2017-12-01,EURUSD,1.19100000
2017-12-01,GBPUSD,1.35050000
2017-12-01,JPYUSD,0.00893815
2017-12-04,AUDUSD,0.75980000
2017-12-04,CHFUSD,1.01440454
2017-12-04,EURUSD,1.18480000
2017-12-04,GBPUSD,1.34650000
2017-12-04,JPYUSD,0.00886525
2017-12-05,AUDUSD,0.76060000
2017-12-05,CHFUSD,1.01337657
2017-12-05,EURUSD,1.18200000
2017-12-05,GBPUSD,1.34500000
2017-12-05,JPYUSD,0.00886839
2017-12-06,AUDUSD,0.75650000
2017-12-06,CHFUSD,1.00969305
2017-12-06,EURUSD,1.17880000
2017-12-06,GBPUSD,1.33820000
2017-12-06,JPYUSD,0.00890313
2017-12-07,AUDUSD,0.75260000
2017-12-07,CHFUSD,1.00796291
2017-12-07,EURUSD,1.17900000
2017-12-07,GBPUSD,1.34320000
2017-12-07,JPYUSD,0.00887311
2017-12-08,AUDUSD,0.75070000
2017-12-08,CHFUSD,1.00725222
2017-12-08,EURUSD,1.17610000
2017-12-08,GBPUSD,1.33670000
2017-12-08,JPYUSD,0.00880669
2017-12-11,AUDUSD,0.75400000
2017-12-11,CHFUSD,1.01010101
2017-12-11,EURUSD,1.18020000
2017-12-11,GBPUSD,1.33630000
2017-12-11,JPYUSD,0.00882301
2017-12-12,AUDUSD,0.75500000
2017-12-12,CHFUSD,1.00745517
2017-12-12,EURUSD,1.17250000
2017-12-12,GBPUSD,1.33230000
2017-12-12,JPYUSD,0.00880127
2017-12-13,AUDUSD,0.76050000
2017-12-13,CHFUSD,1.01071356
2017-12-13,EURUSD,1.17620000
2017-12-13,GBPUSD,1.33650000
2017-12-13,JPYUSD,0.00883470
2017-12-14,AUDUSD,0.76720000
2017-12-14,CHFUSD,1.01010101
2017-12-14,EURUSD,1.17780000
2017-12-14,GBPUSD,1.34400000
2017-12-14,JPYUSD,0.00888415
2017-12-15,AUDUSD,0.76460000
2017-12-15,CHFUSD,1.00979501
2017-12-15,EURUSD,1.17780000
2017-12-15,GBPUSD,1.33160000
2017-12-15,JPYUSD,0.00887469
2017-12-18,AUDUSD,0.76750000
2017-12-18,CHFUSD,1.01461039
2017-12-18,EURUSD,1.18040000
2017-12-18,GBPUSD,1.33980000
2017-12-18,JPYUSD,0.00889680
2017-12-19,AUDUSD,0.76520000
2017-12-19,CHFUSD,1.01450746
2017-12-19,EURUSD,1.18220000
2017-12-19,GBPUSD,1.33560000
2017-12-19,JPYUSD,0.00885112
2017-12-20,AUDUSD,0.76730000
2017-12-20,CHFUSD,1.01430165
2017-12-20,EURUSD,1.18810000
2017-12-20,GBPUSD,1.34080000
2017-12-20,JPYUSD,0.00882690
2017-12-21,AUDUSD,0.77030000
2017-12-21,CHFUSD,1.01112235
2017-12-21,EURUSD,1.18720000
2017-12-21,GBPUSD,1.33720000
2017-12-21,JPYUSD,0.00881679
2017-12-22,AUDUSD,0.77130000
2017-12-22,CHFUSD,1.01030511
2017-12-22,EURUSD,1.18390000
2017-12-22,GBPUSD,1.33790000
2017-12-22,JPYUSD,0.00882613
2017-12-26,AUDUSD,0.77280000
2017-12-26,CHFUSD,1.01102012
2017-12-26,EURUSD,1.18670000
2017-12-26,GBPUSD,1.33690000
2017-12-26,JPYUSD,0.00883392
2017-12-27,AUDUSD,0.77720000
2017-12-27,CHFUSD,1.01317123
2017-12-27,EURUSD,1.19020000
2017-12-27,GBPUSD,1.34030000
2017-12-27,JPYUSD,0.00882768
2017-12-28,AUDUSD,0.77930000
2017-12-28,CHFUSD,1.02312257
2017-12-28,EURUSD,1.19520000
2017-12-28,GBPUSD,1.34500000
2017-12-28,JPYUSD,0.00886132
2017-12-29,AUDUSD,0.78150000
2017-12-29,CHFUSD,1.02690491
2017-12-29,EURUSD,1.20220000
2017-12-29,GBPUSD,1.35290000
2017-12-29,JPYUSD,0.00887390
2018-01-02,AUDUSD,0.78240000
2018-01-02,CHFUSD,1.02901832
2018-01-02,EURUSD,1.20500000
2018-01-02,GBPUSD,1.35960000
2018-01-02,JPYUSD,0.00891424
2018-01-03,AUDUSD,0.78400000
2018-01-03,CHFUSD,1.02438025
2018-01-03,EURUSD,1.20300000
2018-01-03,GBPUSD,1.35220000
2018-01-03,JPYUSD,0.00890631
2018-01-04,AUDUSD,0.78560000
2018-01-04,CHFUSD,1.02532554
2018-01-04,EURUSD,1.20640000
2018-01-04,GBPUSD,1.35390000
2018-01-04,JPYUSD,0.00886682
2018-01-05,AUDUSD,0.78590000
2018-01-05,CHFUSD,1.02543068
2018-01-05,EURUSD,1.20390000
2018-01-05,GBPUSD,1.35620000
2018-01-05,JPYUSD,0.00883548
2018-01-08,AUDUSD,0.78380000
2018-01-08,CHFUSD,1.02438025
2018-01-08,EURUSD,1.19730000
2018-01-08,GBPUSD,1.35660000
2018-01-08,JPYUSD,0.00884330
2018-01-09,AUDUSD,0.78220000
2018-01-09,CHFUSD,1.01708706
2018-01-09,EURUSD,1.19220000
2018-01-09,GBPUSD,1.35180000
2018-01-09,JPYUSD,0.00888336
2018-01-10,AUDUSD,0.78410000
2018-01-10,CHFUSD,1.02249489
2018-01-10,EURUSD,1.19580000
2018-01-10,GBPUSD,1.35130000
2018-01-10,JPYUSD,0.00897022
2018-01-11,AUDUSD,0.78850000
2018-01-11,CHFUSD,1.02585146
2018-01-11,EURUSD,1.20350000
2018-01-11,GBPUSD,1.35430000
2018-01-11,JPYUSD,0.00898069
2018-01-12,AUDUSD,0.78860000
2018-01-12,CHFUSD,1.02954803
2018-01-12,EURUSD,1.21300000
2018-01-12,GBPUSD,1.36890000
2018-01-12,JPYUSD,0.00899038
2018-01-16,AUDUSD,0.79580000
2018-01-16,CHFUSD,1.03971720
2018-01-16,EURUSD,1.22440000
2018-01-16,GBPUSD,1.37740000
2018-01-16,JPYUSD,0.00903016
2018-01-17,AUDUSD,0.79820000
2018-01-17,CHFUSD,1.03993344
2018-01-17,EURUSD,1.22290000
2018-01-17,GBPUSD,1.38240000
2018-01-17,JPYUSD,0.00902446
2018-01-18,AUDUSD,0.79930000
2018-01-18,CHFUSD,1.04318798
2018-01-18,EURUSD,1.22380000
2018-01-18,GBPUSD,1.38890000
2018-01-18,JPYUSD,0.00901876
2018-01-19,AUDUSD,0.80010000
2018-01-19,CHFUSD,1.04036621
2018-01-19,EURUSD,1.22380000
2018-01-19,GBPUSD,1.38570000
2018-01-19,JPYUSD,0.00904486
2018-01-22,AUDUSD,0.80040000
2018-01-22,CHFUSD,1.03777501
2018-01-22,EURUSD,1.22300000
2018-01-22,GBPUSD,1.39440000
2018-01-22,JPYUSD,0.00899685
2018-01-23,AUDUSD,0.79840000
2018-01-23,CHFUSD,1.04188373
2018-01-23,EURUSD,1.22770000
2018-01-23,GBPUSD,1.39680000
2018-01-23,JPYUSD,0.00905305
2018-01-24,AUDUSD,0.80660000
2018-01-24,CHFUSD,1.05797715
2018-01-24,EURUSD,1.23900000
2018-01-24,GBPUSD,1.41980000
2018-01-24,JPYUSD,0.00916170
2018-01-25,AUDUSD,0.80890000
2018-01-25,CHFUSD,1.06871861
2018-01-25,EURUSD,1.24880000
2018-01-25,GBPUSD,1.42640000
2018-01-25,JPYUSD,0.00919963
2018-01-26,AUDUSD,0.81050000
2018-01-26,CHFUSD,1.07043460
2018-01-26,EURUSD,1.24220000
2018-01-26,GBPUSD,1.41790000
2018-01-26,JPYUSD,0.00922679
2018-01-29,AUDUSD,0.80890000
2018-01-29,CHFUSD,1.06609808
2018-01-29,EURUSD,1.23520000
2018-01-29,GBPUSD,1.40420000
2018-01-29,JPYUSD,0.00916422
2018-01-30,AUDUSD,0.80760000
2018-01-30,CHFUSD,1.06894709
2018-01-30,EURUSD,1.23900000
2018-01-30,GBPUSD,1.41240000
2018-01-30,JPYUSD,0.00918274
2018-01-31,AUDUSD,0.80690000
2018-01-31,CHFUSD,1.07284626
2018-01-31,EURUSD,1.24280000
2018-01-31,GBPUSD,1.41900000
2018-01-31,JPYUSD,0.00914829
2018-02-01,AUDUSD,0.80280000
2018-02-01,CHFUSD,1.07665805
2018-02-01,EURUSD,1.24820000
2018-02-01,GBPUSD,1.42470000
2018-02-01,JPYUSD,0.00913242
2018-02-02,AUDUSD,0.79290000
2018-02-02,CHFUSD,1.07296137
2018-02-02,EURUSD,1.24460000
2018-02-02,GBPUSD,1.41260000
2018-02-02,JPYUSD,0.00905797
2018-02-05,AUDUSD,0.79260000
2018-02-05,CHFUSD,1.06769165
2018-02-05,EURUSD,1.24180000
2018-02-05,GBPUSD,1.40220000
2018-02-05,JPYUSD,0.00908348
2018-02-06,AUDUSD,0.78770000
2018-02-06,CHFUSD,1.06746371
2018-02-06,EURUSD,1.23810000
2018-02-06,GBPUSD,1.39510000
2018-02-06,JPYUSD,0.00915919
2018-02-07,AUDUSD,0.78420000
2018-02-07,CHFUSD,1.05954651
2018-02-07,EURUSD,1.22810000
2018-02-07,GBPUSD,1.38810000
2018-02-07,JPYUSD,0.00912992
2018-02-08,AUDUSD,0.77890000
2018-02-08,CHFUSD,1.06541658
2018-02-08,EURUSD,1.22380000
2018-02-08,GBPUSD,1.39150000
2018-02-08,JPYUSD,0.00917431
2018-02-09,AUDUSD,0.78090000
2018-02-09,CHFUSD,1.06462259
2018-02-09,EURUSD,1.22260000
2018-02-09,GBPUSD,1.37940000
2018-02-09,JPYUSD,0.00922169
2018-02-12,AUDUSD,0.78360000
2018-02-12,CHFUSD,1.06473595
2018-02-12,EURUSD,1.22670000
2018-02-12,GBPUSD,1.38200000
2018-02-12,JPYUSD,0.00919794
2018-02-13,AUDUSD,0.78570000
2018-02-13,CHFUSD,1.07123728
2018-02-13,EURUSD,1.23630000
2018-02-13,GBPUSD,1.38920000
2018-02-13,JPYUSD,0.00929454
2018-02-14,AUDUSD,0.78730000
2018-02-14,CHFUSD,1.07307651
2018-02-14,EURUSD,1.23960000
2018-02-14,GBPUSD,1.39550000
2018-02-14,JPYUSD,0.00934579
2018-02-15,AUDUSD,0.79120000
2018-02-15,CHFUSD,1.08318891
2018-02-15,EURUSD,1.24820000
2018-02-15,GBPUSD,1.40610000
2018-02-15,JPYUSD,0.00940203
2018-02-16,AUDUSD,0.79250000
2018-02-16,CHFUSD,1.08014690
2018-02-16,EURUSD,1.24420000
2018-02-16,GBPUSD,1.40550000
2018-02-16,JPYUSD,0.00942507
2018-02-20,AUDUSD,0.79030000
2018-02-20,CHFUSD,1.06906136
2018-02-20,EURUSD,1.23480000
2018-02-20,GBPUSD,1.40210000
2018-02-20,JPYUSD,0.00932575
2018-02-21,AUDUSD,0.78330000
2018-02-21,CHFUSD,1.06666667
2018-02-21,EURUSD,1.23140000
2018-02-21,GBPUSD,1.39460000
2018-02-21,JPYUSD,0.00929023
2018-02-22,AUDUSD,0.78500000
2018-02-22,CHFUSD,1.07009096
2018-02-22,EURUSD,1.23260000
2018-02-22,GBPUSD,1.39390000
2018-02-22,JPYUSD,0.00934929
2018-02-23,AUDUSD,0.78270000
2018-02-23,CHFUSD,1.06883283
2018-02-23,EURUSD,1.22980000
2018-02-23,GBPUSD,1.39790000
2018-02-23,JPYUSD,0.00937734
2018-02-26,AUDUSD,0.78430000
2018-02-26,CHFUSD,1.06518960
2018-02-26,EURUSD,1.22960000
2018-02-26,GBPUSD,1.39520000
2018-02-26,JPYUSD,0.00934929
2018-02-27,AUDUSD,0.78040000
2018-02-27,CHFUSD,1.06405618
2018-02-27,EURUSD,1.22390000
2018-02-27,GBPUSD,1.39060000
2018-02-27,JPYUSD,0.00930492
2018-02-28,AUDUSD,0.78010000
2018-02-28,CHFUSD,1.06044539
2018-02-28,EURUSD,1.22110000
2018-02-28,GBPUSD,1.37940000
2018-02-28,JPYUSD,0.00937910
2018-03-01,AUDUSD,0.77620000
2018-03-01,CHFUSD,1.05697072
2018-03-01,EURUSD,1.22160000
2018-03-01,GBPUSD,1.37550000
2018-03-01,JPYUSD,0.00935366
2018-03-02,AUDUSD,0.77540000
2018-03-02,CHFUSD,1.06632544
2018-03-02,EURUSD,1.23140000
2018-03-02,GBPUSD,1.37690000
2018-03-02,JPYUSD,0.00946522
2018-03-05,AUDUSD,0.77590000
2018-03-05,CHFUSD,1.06416942
2018-03-05,EURUSD,1.23300000
2018-03-05,GBPUSD,1.38560000
2018-03-05,JPYUSD,0.00943663
2018-03-06,AUDUSD,0.78220000
2018-03-06,CHFUSD,1.06553010
2018-03-06,EURUSD,1.24150000
2018-03-06,GBPUSD,1.38860000
2018-03-06,JPYUSD,0.00943129
2018-03-07,AUDUSD,0.77960000
2018-03-07,CHFUSD,1.06089540
2018-03-07,EURUSD,1.23970000
2018-03-07,GBPUSD,1.38880000
2018-03-07,JPYUSD,0.00943931
2018-03-08,AUDUSD,0.77870000
2018-03-08,CHFUSD,1.05274239
2018-03-08,EURUSD,1.23140000
2018-03-08,GBPUSD,1.38240000
2018-03-08,JPYUSD,0.00942685
2018-03-09,AUDUSD,0.78490000
2018-03-09,CHFUSD,1.05340777
2018-03-09,EURUSD,1.23260000
2018-03-09,GBPUSD,1.38630000
2018-03-09,JPYUSD,0.00936856
2018-03-12,AUDUSD,0.78640000
2018-03-12,CHFUSD,1.05385183
2018-03-12,EURUSD,1.23180000
2018-03-12,GBPUSD,1.38980000
2018-03-12,JPYUSD,0.00938791
2018-03-13,AUDUSD,0.78810000
2018-03-13,CHFUSD,1.05965879
2018-03-13,EURUSD,1.23980000
2018-03-13,GBPUSD,1.39870000
2018-03-13,JPYUSD,0.00937734
2018-03-14,AUDUSD,0.78770000
2018-03-14,CHFUSD,1.05697072
2018-03-14,EURUSD,1.23620000
2018-03-14,GBPUSD,1.39460000
2018-03-14,JPYUSD,0.00941886
2018-03-15,AUDUSD,0.78160000
2018-03-15,CHFUSD,1.05241002
2018-03-15,EURUSD,1.23210000
2018-03-15,GBPUSD,1.39510000
2018-03-15,JPYUSD,0.00942774
2018-03-16,AUDUSD,0.77330000
2018-03-16,CHFUSD,1.04909778
2018-03-16,EURUSD,1.22800000
2018-03-16,GBPUSD,1.39190000
2018-03-16,JPYUSD,0.00942507
2018-03-19,AUDUSD,0.77050000
2018-03-19,CHFUSD,1.05163529
2018-03-19,EURUSD,1.23290000
2018-03-19,GBPUSD,1.40320000
2018-03-19,JPYUSD,0.00944912
2018-03-20,AUDUSD,0.76910000
2018-03-20,CHFUSD,1.04723008
2018-03-20,EURUSD,1.22710000
2018-03-20,GBPUSD,1.40130000
2018-03-20,JPYUSD,0.00939673
2018-03-21,AUDUSD,0.77080000
2018-03-21,CHFUSD,1.04821803
2018-03-21,EURUSD,1.22680000
2018-03-21,GBPUSD,1.40640000
2018-03-21,JPYUSD,0.00940734
2018-03-22,AUDUSD,0.76960000
2018-03-22,CHFUSD,1.05362975
2018-03-22,EURUSD,1.23100000
2018-03-22,GBPUSD,1.40980000
2018-03-22,JPYUSD,0.00949307
2018-03-23,AUDUSD,0.77210000
2018-03-23,CHFUSD,1.05652404
2018-03-23,EURUSD,1.23600000
2018-03-23,GBPUSD,1.41510000
2018-03-23,JPYUSD,0.00953925
2018-03-26,AUDUSD,0.77270000
2018-03-26,CHFUSD,1.05909765
2018-03-26,EURUSD,1.24400000
2018-03-26,GBPUSD,1.42360000
2018-03-26,JPYUSD,0.00952381
2018-03-27,AUDUSD,0.77170000
2018-03-27,CHFUSD,1.05552037
2018-03-27,EURUSD,1.24100000
2018-03-27,GBPUSD,1.41610000
2018-03-27,JPYUSD,0.00945895
2018-03-28,AUDUSD,0.76810000
2018-03-28,CHFUSD,1.04843783
2018-03-28,EURUSD,1.23510000
2018-03-28,GBPUSD,1.41100000
2018-03-28,JPYUSD,0.00940734
2018-03-29,AUDUSD,0.76720000
2018-03-29,CHFUSD,1.04602510
2018-03-29,EURUSD,1.22970000
2018-03-29,GBPUSD,1.40290000
2018-03-29,JPYUSD,0.00940999
2018-03-30,AUDUSD,0.76900000
2018-03-30,CHFUSD,1.04909778
2018-03-30,EURUSD,1.23200000
2018-03-30,GBPUSD,1.40270000
2018-03-30,JPYUSD,0.00941620
2018-04-02,AUDUSD,0.76580000
2018-04-02,CHFUSD,1.04624398
2018-04-02,EURUSD,1.22880000
2018-04-02,GBPUSD,1.40320000
2018-04-02,JPYUSD,0.00943485
2018-04-03,AUDUSD,0.76740000
2018-04-03,CHFUSD,1.04275287
2018-04-03,EURUSD,1.22610000
2018-04-03,GBPUSD,1.40680000
2018-04-03,JPYUSD,0.00939408
2018-04-04,AUDUSD,0.77010000
2018-04-04,CHFUSD,1.04220948
2018-04-04,EURUSD,1.22920000
2018-04-04,GBPUSD,1.40760000
2018-04-04,JPYUSD,0.00938438
2018-04-05,AUDUSD,0.76880000
2018-04-05,CHFUSD,1.03809820
2018-04-05,EURUSD,1.22300000
2018-04-05,GBPUSD,1.39910000
2018-04-05,JPYUSD,0.00930406
2018-04-06,AUDUSD,0.76840000
2018-04-06,CHFUSD,1.04144970
2018-04-06,EURUSD,1.22740000
2018-04-06,GBPUSD,1.40880000
2018-04-06,JPYUSD,0.00934317
2018-04-09,AUDUSD,0.77080000
2018-04-09,CHFUSD,1.04449551
2018-04-09,EURUSD,1.23200000
2018-04-09,GBPUSD,1.41360000
2018-04-09,JPYUSD,0.00934056
2018-04-10,AUDUSD,0.77620000
2018-04-10,CHFUSD,1.04449551
2018-04-10,EURUSD,1.23380000
2018-04-10,GBPUSD,1.41610000
2018-04-10,JPYUSD,0.00931966
2018-04-11,AUDUSD,0.77650000
2018-04-11,CHFUSD,1.04405930
2018-04-11,EURUSD,1.23840000
2018-04-11,GBPUSD,1.41940000
2018-04-11,JPYUSD,0.00936505
2018-04-12,AUDUSD,0.77570000
2018-04-12,CHFUSD,1.03896104
2018-04-12,EURUSD,1.23200000
2018-04-12,GBPUSD,1.42440000
2018-04-12,JPYUSD,0.00931966
2018-04-13,AUDUSD,0.77680000
2018-04-13,CHFUSD,1.03831378
2018-04-13,EURUSD,1.23220000
2018-04-13,GBPUSD,1.42550000
2018-04-13,JPYUSD,0.00930060
2018-04-16,AUDUSD,0.77770000
2018-04-16,CHFUSD,1.04210088
2018-04-16,EURUSD,1.23730000
2018-04-16,GBPUSD,1.43320000
2018-04-16,JPYUSD,0.00932314
2018-04-17,AUDUSD,0.77680000
2018-04-17,CHFUSD,1.03455411
2018-04-17,EURUSD,1.23450000
2018-04-17,GBPUSD,1.43010000
2018-04-17,JPYUSD,0.00933794
2018-04-18,AUDUSD,0.77840000
2018-04-18,CHFUSD,1.03412616
2018-04-18,EURUSD,1.23800000
2018-04-18,GBPUSD,1.42270000
2018-04-18,JPYUSD,0.00932314
2018-04-19,AUDUSD,0.77510000
2018-04-19,CHFUSD,1.02944204
2018-04-19,EURUSD,1.23360000
2018-04-19,GBPUSD,1.41930000
2018-04-19,JPYUSD,0.00930925
2018-04-20,AUDUSD,0.76710000
2018-04-20,CHFUSD,1.02627258
2018-04-20,EURUSD,1.22820000
2018-04-20,GBPUSD,1.40330000
2018-04-20,JPYUSD,0.00929368
2018-04-23,AUDUSD,0.76140000
2018-04-23,CHFUSD,1.02291326
2018-04-23,EURUSD,1.22160000
2018-04-23,GBPUSD,1.39530000
2018-04-23,JPYUSD,0.00920641
2018-04-24,AUDUSD,0.75980000
2018-04-24,CHFUSD,1.01999184
2018-04-24,EURUSD,1.22260000
2018-04-24,GBPUSD,1.39750000
2018-04-24,JPYUSD,0.00917179
2018-04-25,AUDUSD,0.75590000
2018-04-25,CHFUSD,1.01750102
2018-04-25,EURUSD,1.21780000
2018-04-25,GBPUSD,1.39410000
2018-04-25,JPYUSD,0.00914662
2018-04-26,AUDUSD,0.75600000
2018-04-26,CHFUSD,1.01214575
2018-04-26,EURUSD,1.21130000
2018-04-26,GBPUSD,1.39270000
2018-04-26,JPYUSD,0.00914913
2018-04-27,AUDUSD,0.75660000
2018-04-27,CHFUSD,1.01173614
2018-04-27,EURUSD,1.21080000
2018-04-27,GBPUSD,1.37850000
2018-04-27,JPYUSD,0.00916422
2018-04-30,AUDUSD,0.75430000
2018-04-30,CHFUSD,1.00897992
2018-04-30,EURUSD,1.20740000
2018-04-30,GBPUSD,1.37510000
2018-04-30,JPYUSD,0.00915081
2018-05-01,AUDUSD,0.74880000
2018-05-01,CHFUSD,1.00462126
2018-05-01,EURUSD,1.20000000
2018-05-01,GBPUSD,1.36110000
2018-05-01,JPYUSD,0.00911660
2018-05-02,AUDUSD,0.75010000
2018-05-02,CHFUSD,1.00250627
2018-05-02,EURUSD,1.19680000
2018-05-02,GBPUSD,1.36100000
2018-05-02,JPYUSD,0.00910001
2018-05-03,AUDUSD,0.75130000
2018-05-03,CHFUSD,1.00220485
2018-05-03,EURUSD,1.19700000
2018-05-03,GBPUSD,1.35690000
2018-05-03,JPYUSD,0.00916926
2018-05-04,AUDUSD,0.75340000
2018-05-04,CHFUSD,0.99950025
2018-05-04,EURUSD,1.19460000
2018-05-04,GBPUSD,1.35350000
2018-05-04,JPYUSD,0.00916086
2018-05-07,AUDUSD,0.75260000
2018-05-07,CHFUSD,0.99770528
2018-05-07,EURUSD,1.19270000
2018-05-07,GBPUSD,1.35670000
2018-05-07,JPYUSD,0.00916254
2018-05-08,AUDUSD,0.74450000
2018-05-08,CHFUSD,0.99840256
2018-05-08,EURUSD,1.18630000
2018-05-08,GBPUSD,1.35210000
2018-05-08,JPYUSD,0.00916086
2018-05-09,AUDUSD,0.74560000
2018-05-09,CHFUSD,0.99581757
2018-05-09,EURUSD,1.18520000
2018-05-09,GBPUSD,1.35670000
2018-05-09,JPYUSD,0.00911743
2018-05-10,AUDUSD,0.75150000
2018-05-10,CHFUSD,0.99641291
2018-05-10,EURUSD,1.18960000
2018-05-10,GBPUSD,1.34870000
2018-05-10,JPYUSD,0.00912992
2018-05-11,AUDUSD,0.75440000
2018-05-11,CHFUSD,1.00040016
2018-05-11,EURUSD,1.19510000
2018-05-11,GBPUSD,1.35490000
2018-05-11,JPYUSD,0.00915248
2018-05-14,AUDUSD,0.75540000
2018-05-14,CHFUSD,1.00240577
2018-05-14,EURUSD,1.19760000
2018-05-14,GBPUSD,1.35950000
2018-05-14,JPYUSD,0.00913075
2018-05-15,AUDUSD,0.74770000
2018-05-15,CHFUSD,1.00020004
2018-05-15,EURUSD,1.18640000
2018-05-15,GBPUSD,1.35120000
2018-05-15,JPYUSD,0.00907029
2018-05-16,AUDUSD,0.75040000
2018-05-16,CHFUSD,0.99960016
2018-05-16,EURUSD,1.17880000
2018-05-16,GBPUSD,1.34780000
2018-05-16,JPYUSD,0.00907276
2018-05-17,AUDUSD,0.75080000
2018-05-17,CHFUSD,0.99860196
2018-05-17,EURUSD,1.17980000
2018-05-17,GBPUSD,1.35070000
2018-05-17,JPYUSD,0.00902853
2018-05-18,AUDUSD,0.75110000
2018-05-18,CHFUSD,1.00300903
2018-05-18,EURUSD,1.17750000
2018-05-18,GBPUSD,1.34760000
2018-05-18,JPYUSD,0.00903261
2018-05-21,AUDUSD,0.75650000
2018-05-21,CHFUSD,1.00220485
2018-05-21,EURUSD,1.17680000
2018-05-21,GBPUSD,1.34180000
2018-05-21,JPYUSD,0.00900252
2018-05-22,AUDUSD,0.75950000
2018-05-22,CHFUSD,1.00765820
2018-05-22,EURUSD,1.17830000
2018-05-22,GBPUSD,1.34450000
2018-05-22,JPYUSD,0.00901388
2018-05-23,AUDUSD,0.75340000
2018-05-23,CHFUSD,1.00482315
2018-05-23,EURUSD,1.16930000
2018-05-23,GBPUSD,1.33410000
2018-05-23,JPYUSD,0.00908678
2018-05-24,AUDUSD,0.75670000
2018-05-24,CHFUSD,1.00847116
2018-05-24,EURUSD,1.17290000
2018-05-24,GBPUSD,1.33840000
2018-05-24,JPYUSD,0.00914913
2018-05-25,AUDUSD,0.75580000
2018-05-25,CHFUSD,1.00887813
2018-05-25,EURUSD,1.16660000
2018-05-25,GBPUSD,1.33210000
2018-05-25,JPYUSD,0.00914495
2018-05-29,AUDUSD,0.75140000
2018-05-29,CHFUSD,1.00765820
2018-05-29,EURUSD,1.15510000
2018-05-29,GBPUSD,1.32580000
2018-05-29,JPYUSD,0.00920641
2018-05-30,AUDUSD,0.75740000
2018-05-30,CHFUSD,1.01112235
2018-05-30,EURUSD,1.16640000
2018-05-30,GBPUSD,1.32960000
2018-05-30,JPYUSD,0.00917095
2018-05-31,AUDUSD,0.75700000
2018-05-31,CHFUSD,1.01584722
2018-05-31,EURUSD,1.16700000
2018-05-31,GBPUSD,1.32890000
2018-05-31,JPYUSD,0.00919709
2018-06-01,AUDUSD,0.75660000
2018-06-01,CHFUSD,1.01347927
2018-06-01,EURUSD,1.16790000
2018-06-01,GBPUSD,1.33580000
2018-06-01,JPYUSD,0.00913325
2018-06-04,AUDUSD,0.76480000
2018-06-04,CHFUSD,1.01173614
2018-06-04,EURUSD,1.16960000
2018-06-04,GBPUSD,1.33140000
2018-06-04,JPYUSD,0.00911910
2018-06-05,AUDUSD,0.76060000
2018-06-05,CHFUSD,1.01419878
2018-06-05,EURUSD,1.16720000
2018-06-05,GBPUSD,1.33600000
2018-06-05,JPYUSD,0.00912159
2018-06-06,AUDUSD,0.76770000
2018-06-06,CHFUSD,1.01584722
2018-06-06,EURUSD,1.17780000
2018-06-06,GBPUSD,1.34290000
2018-06-06,JPYUSD,0.00909091
2018-06-07,AUDUSD,0.76300000
2018-06-07,CHFUSD,1.01812258
2018-06-07,EURUSD,1.18150000
2018-06-07,GBPUSD,1.34270000
2018-06-07,JPYUSD,0.00909753
2018-06-08,AUDUSD,0.76010000
2018-06-08,CHFUSD,1.01419878
2018-06-08,EURUSD,1.17730000
2018-06-08,GBPUSD,1.34060000
2018-06-08,JPYUSD,0.00913659
2018-06-11,AUDUSD,0.76160000
2018-06-11,CHFUSD,1.01543461
2018-06-11,EURUSD,1.18020000
2018-06-11,GBPUSD,1.33860000
2018-06-11,JPYUSD,0.00909587
2018-06-12,AUDUSD,0.76070000
2018-06-12,CHFUSD,1.01615689
2018-06-12,EURUSD,1.17920000
2018-06-12,GBPUSD,1.34160000
2018-06-12,JPYUSD,0.00907276
2018-06-13,AUDUSD,0.76040000
2018-06-13,CHFUSD,1.01584722
2018-06-13,EURUSD,1.17840000
2018-06-13,GBPUSD,1.33780000
2018-06-13,JPYUSD,0.00905715
2018-06-14,AUDUSD,0.75140000
2018-06-14,CHFUSD,1.00583384
2018-06-14,EURUSD,1.16340000
2018-06-14,GBPUSD,1.33330000
2018-06-14,JPYUSD,0.00905469
2018-06-15,AUDUSD,0.74550000
2018-06-15,CHFUSD,1.00381450
2018-06-15,EURUSD,1.16160000
2018-06-15,GBPUSD,1.32830000
2018-06-15,JPYUSD,0.00904323
2018-06-18,AUDUSD,0.74190000
2018-06-18,CHFUSD,1.00482315
2018-06-18,EURUSD,1.16060000
2018-06-18,GBPUSD,1.32470000
2018-06-18,JPYUSD,0.00905469
2018-06-19,AUDUSD,0.73860000
2018-06-19,CHFUSD,1.00492413
2018-06-19,EURUSD,1.15770000
2018-06-19,GBPUSD,1.31720000
2018-06-19,JPYUSD,0.00908926
2018-06-20,AUDUSD,0.73870000
2018-06-20,CHFUSD,1.00441945
2018-06-20,EURUSD,1.15920000
2018-06-20,GBPUSD,1.32130000
2018-06-20,JPYUSD,0.00907935
2018-06-21,AUDUSD,0.73740000
2018-06-21,CHFUSD,1.00796291
2018-06-21,EURUSD,1.16000000
2018-06-21,GBPUSD,1.32510000
2018-06-21,JPYUSD,0.00908678
2018-06-22,AUDUSD,0.74240000
2018-06-22,CHFUSD,1.00989699
2018-06-22,EURUSD,1.16300000
2018-06-22,GBPUSD,1.32580000
2018-06-22,JPYUSD,0.00909256
2018-06-25,AUDUSD,0.74060000
2018-06-25,CHFUSD,1.01276079
2018-06-25,EURUSD,1.16940000
2018-06-25,GBPUSD,1.32730000
2018-06-25,JPYUSD,0.00912242
2018-06-26,AUDUSD,0.74020000
2018-06-26,CHFUSD,1.00999899
2018-06-26,EURUSD,1.16750000
2018-06-26,GBPUSD,1.32430000
2018-06-26,JPYUSD,0.00909753
2018-06-27,AUDUSD,0.73730000
2018-06-27,CHFUSD,1.00381450
2018-06-27,EURUSD,1.15880000
2018-06-27,GBPUSD,1.31390000
2018-06-27,JPYUSD,0.00906290
2018-06-28,AUDUSD,0.73550000
2018-06-28,CHFUSD,1.00210442
2018-06-28,EURUSD,1.15820000
2018-06-28,GBPUSD,1.30950000
2018-06-28,JPYUSD,0.00905961
2018-06-29,AUDUSD,0.73990000
2018-06-29,CHFUSD,1.00786132
2018-06-29,EURUSD,1.16770000
2018-06-29,GBPUSD,1.31970000
2018-06-29,JPYUSD,0.00903261
2018-07-02,AUDUSD,0.73220000
2018-07-02,CHFUSD,1.00542932
2018-07-02,EURUSD,1.16040000
2018-07-02,GBPUSD,1.31330000
2018-07-02,JPYUSD,0.00903098
2018-07-03,AUDUSD,0.73850000
2018-07-03,CHFUSD,1.00786132
2018-07-03,EURUSD,1.16530000
2018-07-03,GBPUSD,1.31740000
2018-07-03,JPYUSD,0.00904650
2018-07-05,AUDUSD,0.73880000
2018-07-05,CHFUSD,1.00765820
2018-07-05,EURUSD,1.16970000
2018-07-05,GBPUSD,1.32280000
2018-07-05,JPYUSD,0.00904241
2018-07-06,AUDUSD,0.74210000
2018-07-06,CHFUSD,1.00999899
2018-07-06,EURUSD,1.17380000
2018-07-06,GBPUSD,1.32620000
2018-07-06,JPYUSD,0.00905141
2018-07-09,AUDUSD,0.74660000
2018-07-09,CHFUSD,1.00806452
2018-07-09,EURUSD,1.17440000
2018-07-09,GBPUSD,1.32020000
2018-07-09,JPYUSD,0.00902690
2018-07-10,AUDUSD,0.74640000
2018-07-10,CHFUSD,1.00745517
2018-07-10,EURUSD,1.17280000
2018-07-10,GBPUSD,1.32660000
2018-07-10,JPYUSD,0.00898957
2018-07-11,AUDUSD,0.74000000
2018-07-11,CHFUSD,1.00684656
2018-07-11,EURUSD,1.17220000
2018-07-11,GBPUSD,1.32410000
2018-07-11,JPYUSD,0.00896700
2018-07-12,AUDUSD,0.74180000
2018-07-12,CHFUSD,0.99910081
2018-07-12,EURUSD,1.16920000
2018-07-12,GBPUSD,1.32380000
2018-07-12,JPYUSD,0.00889601
2018-07-13,AUDUSD,0.74100000
2018-07-13,CHFUSD,0.99720782
2018-07-13,EURUSD,1.16670000
2018-07-13,GBPUSD,1.32160000
2018-07-13,JPYUSD,0.00889838
2018-07-16,AUDUSD,0.74160000
2018-07-16,CHFUSD,1.00260678
2018-07-16,EURUSD,1.17100000
2018-07-16,GBPUSD,1.32360000
2018-07-16,JPYUSD,0.00890551
2018-07-17,AUDUSD,0.73920000
2018-07-17,CHFUSD,1.00080064
2018-07-17,EURUSD,1.16640000
2018-07-17,GBPUSD,1.31610000
2018-07-17,JPYUSD,0.00886603
2018-07-18,AUDUSD,0.73920000
2018-07-18,CHFUSD,1.00060036
2018-07-18,EURUSD,1.16450000
2018-07-18,GBPUSD,1.30500000
2018-07-18,JPYUSD,0.00886368
2018-07-19,AUDUSD,0.73320000
2018-07-19,CHFUSD,0.99840256
2018-07-19,EURUSD,1.16040000
2018-07-19,GBPUSD,1.29870000
2018-07-19,JPYUSD,0.00885112
2018-07-20,AUDUSD,0.74100000
2018-07-20,CHFUSD,1.00563154
2018-07-20,EURUSD,1.17080000
2018-07-20,GBPUSD,1.31140000
2018-07-20,JPYUSD,0.00894935
2018-07-23,AUDUSD,0.73830000
2018-07-23,CHFUSD,1.00735368
2018-07-23,EURUSD,1.17020000
2018-07-23,GBPUSD,1.31050000
2018-07-23,JPYUSD,0.00897989
2018-07-24,AUDUSD,0.74160000
2018-07-24,CHFUSD,1.00563154
2018-07-24,EURUSD,1.16840000
2018-07-24,GBPUSD,1.31350000
2018-07-24,JPYUSD,0.00898715
2018-07-25,AUDUSD,0.74120000
2018-07-25,CHFUSD,1.00583384
2018-07-25,EURUSD,1.16770000
2018-07-25,GBPUSD,1.31500000
2018-07-25,JPYUSD,0.00900739
2018-07-26,AUDUSD,0.73840000
2018-07-26,CHFUSD,1.00623868
2018-07-26,EURUSD,1.16540000
2018-07-26,GBPUSD,1.31190000
2018-07-26,JPYUSD,0.00899281
2018-07-27,AUDUSD,0.74100000
2018-07-27,CHFUSD,1.00603622
2018-07-27,EURUSD,1.16600000
2018-07-27,GBPUSD,1.31180000
2018-07-27,JPYUSD,0.00901388
2018-07-30,AUDUSD,0.74080000
2018-07-30,CHFUSD,1.01163379
2018-07-30,EURUSD,1.17180000
2018-07-30,GBPUSD,1.31400000
2018-07-30,JPYUSD,0.00901063
2018-07-31,AUDUSD,0.74380000
2018-07-31,CHFUSD,1.01061142
2018-07-31,EURUSD,1.17060000
2018-07-31,GBPUSD,1.31250000
2018-07-31,JPYUSD,0.00893815
2018-08-01,AUDUSD,0.74020000
2018-08-01,CHFUSD,1.00775975
2018-08-01,EURUSD,1.16660000
2018-08-01,GBPUSD,1.31200000
2018-08-01,JPYUSD,0.00895095
2018-08-02,AUDUSD,0.73790000
2018-08-02,CHFUSD,1.00573268
2018-08-02,EURUSD,1.16120000
2018-08-02,GBPUSD,1.30350000
2018-08-02,JPYUSD,0.00897022
2018-08-03,AUDUSD,0.74060000
2018-08-03,CHFUSD,1.00745517
2018-08-03,EURUSD,1.15970000
2018-08-03,GBPUSD,1.30210000
2018-08-03,JPYUSD,0.00899928
2018-08-06,AUDUSD,0.73930000
2018-08-06,CHFUSD,1.00371374
2018-08-06,EURUSD,1.15640000
2018-08-06,GBPUSD,1.29470000
2018-08-06,JPYUSD,0.00897424
2018-08-07,AUDUSD,0.74280000
2018-08-07,CHFUSD,1.00563154
2018-08-07,EURUSD,1.15970000
2018-08-07,GBPUSD,1.29570000
2018-08-07,JPYUSD,0.00899361
2018-08-08,AUDUSD,0.74200000
2018-08-08,CHFUSD,1.00573268
2018-08-08,EURUSD,1.15980000
2018-08-08,GBPUSD,1.28800000
2018-08-08,JPYUSD,0.00901226
2018-08-09,AUDUSD,0.73940000
2018-08-09,CHFUSD,1.00948920
2018-08-09,EURUSD,1.15660000
2018-08-09,GBPUSD,1.28700000
2018-08-09,JPYUSD,0.00901713
2018-08-10,AUDUSD,0.72980000
2018-08-10,CHFUSD,1.00462126
2018-08-10,EURUSD,1.13990000
2018-08-10,GBPUSD,1.27690000
2018-08-10,JPYUSD,0.00903669
2018-08-13,AUDUSD,0.72700000
2018-08-13,CHFUSD,1.00664385
2018-08-13,EURUSD,1.13960000
2018-08-13,GBPUSD,1.27570000
2018-08-13,JPYUSD,0.00903751
2018-08-14,AUDUSD,0.72400000
2018-08-14,CHFUSD,1.00704935
2018-08-14,EURUSD,1.13510000
2018-08-14,GBPUSD,1.27380000
2018-08-14,JPYUSD,0.00901551
2018-08-15,AUDUSD,0.72330000
2018-08-15,CHFUSD,1.00583384
2018-08-15,EURUSD,1.13320000
2018-08-15,GBPUSD,1.26850000
2018-08-15,JPYUSD,0.00903996
2018-08-16,AUDUSD,0.72760000
2018-08-16,CHFUSD,1.00381450
2018-08-16,EURUSD,1.13880000
2018-08-16,GBPUSD,1.27220000
2018-08-16,JPYUSD,0.00901795
2018-08-17,AUDUSD,0.72820000
2018-08-17,CHFUSD,1.00522718
2018-08-17,EURUSD,1.14100000
2018-08-17,GBPUSD,1.27350000
2018-08-17,JPYUSD,0.00904650
2018-08-20,AUDUSD,0.73080000
2018-08-20,CHFUSD,1.00573268
2018-08-20,EURUSD,1.14380000
2018-08-20,GBPUSD,1.27650000
2018-08-20,JPYUSD,0.00905961
2018-08-21,AUDUSD,0.73520000
2018-08-21,CHFUSD,1.01255569
2018-08-21,EURUSD,1.15340000
2018-08-21,GBPUSD,1.28600000
2018-08-21,JPYUSD,0.00905141
2018-08-22,AUDUSD,0.73520000
2018-08-22,CHFUSD,1.01667344
2018-08-22,EURUSD,1.15950000
2018-08-22,GBPUSD,1.29100000
2018-08-22,JPYUSD,0.00904650
2018-08-23,AUDUSD,0.72640000
2018-08-23,CHFUSD,1.01543461
2018-08-23,EURUSD,1.15670000
2018-08-23,GBPUSD,1.28300000
2018-08-23,JPYUSD,0.00899766
2018-08-24,AUDUSD,0.73320000
2018-08-24,CHFUSD,1.01791531
2018-08-24,EURUSD,1.16250000
2018-08-24,GBPUSD,1.28580000
2018-08-24,JPYUSD,0.00899119
2018-08-27,AUDUSD,0.73460000
2018-08-27,CHFUSD,1.02019996
2018-08-27,EURUSD,1.16760000
2018-08-27,GBPUSD,1.28910000
2018-08-27,JPYUSD,0.00900171
2018-08-28,AUDUSD,0.73520000
2018-08-28,CHFUSD,1.02543068
2018-08-28,EURUSD,1.17200000
2018-08-28,GBPUSD,1.28860000
2018-08-28,JPYUSD,0.00900576
2018-08-29,AUDUSD,0.72920000
2018-08-29,CHFUSD,1.02753802
2018-08-29,EURUSD,1.16990000
2018-08-29,GBPUSD,1.30060000
2018-08-29,JPYUSD,0.00894454
2018-08-30,AUDUSD,0.72620000
2018-08-30,CHFUSD,1.02997219
2018-08-30,EURUSD,1.16460000
2018-08-30,GBPUSD,1.29970000
2018-08-30,JPYUSD,0.00899523
2018-08-31,AUDUSD,0.71920000
2018-08-31,CHFUSD,1.03114044
2018-08-31,EURUSD,1.15960000
2018-08-31,GBPUSD,1.29640000
2018-08-31,JPYUSD,0.00901063
2018-09-04,AUDUSD,0.71740000
2018-09-04,CHFUSD,1.02532554
2018-09-04,EURUSD,1.15660000
2018-09-04,GBPUSD,1.28330000
2018-09-04,JPYUSD,0.00897344
2018-09-05,AUDUSD,0.71890000
2018-09-05,CHFUSD,1.02923014
2018-09-05,EURUSD,1.16200000
2018-09-05,GBPUSD,1.29030000
2018-09-05,JPYUSD,0.00897102
2018-09-06,AUDUSD,0.71980000
2018-09-06,CHFUSD,1.03284445
2018-09-06,EURUSD,1.16240000
2018-09-06,GBPUSD,1.29330000
2018-09-06,JPYUSD,0.00901957
2018-09-07,AUDUSD,0.71350000
2018-09-07,CHFUSD,1.03263114
2018-09-07,EURUSD,1.15720000
2018-09-07,GBPUSD,1.29340000
2018-09-07,JPYUSD,0.00899442
2018-09-10,AUDUSD,0.71180000
2018-09-10,CHFUSD,1.02669405
2018-09-10,EURUSD,1.16040000
2018-09-10,GBPUSD,1.30260000
2018-09-10,JPYUSD,0.00900171
2018-09-11,AUDUSD,0.71070000
2018-09-11,CHFUSD,1.02701037
2018-09-11,EURUSD,1.15910000
2018-09-11,GBPUSD,1.30150000
2018-09-11,JPYUSD,0.00896539
2018-09-12,AUDUSD,0.71610000
2018-09-12,CHFUSD,1.03050289
2018-09-12,EURUSD,1.16260000
2018-09-12,GBPUSD,1.30290000
2018-09-12,JPYUSD,0.00898553
2018-09-13,AUDUSD,0.71920000
2018-09-13,CHFUSD,1.03305785
2018-09-13,EURUSD,1.16720000
2018-09-13,GBPUSD,1.31040000
2018-09-13,JPYUSD,0.00893495
2018-09-14,AUDUSD,0.71780000
2018-09-14,CHFUSD,1.03466115
2018-09-14,EURUSD,1.16560000
2018-09-14,GBPUSD,1.30840000
2018-09-14,JPYUSD,0.00892140
2018-09-17,AUDUSD,0.71860000
2018-09-17,CHFUSD,1.03950104
2018-09-17,EURUSD,1.16870000
2018-09-17,GBPUSD,1.31460000
2018-09-17,JPYUSD,0.00893096
2018-09-18,AUDUSD,0.72200000
2018-09-18,CHFUSD,1.03950104
2018-09-18,EURUSD,1.16930000
2018-09-18,GBPUSD,1.31580000
2018-09-18,JPYUSD,0.00890472
2018-09-19,AUDUSD,0.72730000
2018-09-19,CHFUSD,1.03412616
2018-09-19,EURUSD,1.16850000
2018-09-19,GBPUSD,1.31620000
2018-09-19,JPYUSD,0.00891186
2018-09-20,AUDUSD,0.72760000
2018-09-20,CHFUSD,1.03906899
2018-09-20,EURUSD,1.17440000
2018-09-20,GBPUSD,1.32370000
2018-09-20,JPYUSD,0.00888257
2018-09-21,AUDUSD,0.72780000
2018-09-21,CHFUSD,1.04242677
2018-09-21,EURUSD,1.17390000
2018-09-21,GBPUSD,1.30670000
2018-09-21,JPYUSD,0.00887942
2018-09-24,AUDUSD,0.72630000
2018-09-24,CHFUSD,1.03950104
2018-09-24,EURUSD,1.17730000
2018-09-24,GBPUSD,1.31280000
2018-09-24,JPYUSD,0.00887942
2018-09-25,AUDUSD,0.72510000
2018-09-25,CHFUSD,1.03669915
2018-09-25,EURUSD,1.17700000
2018-09-25,GBPUSD,1.31620000
2018-09-25,JPYUSD,0.00885897
2018-09-26,AUDUSD,0.72600000
2018-09-26,CHFUSD,1.03295114
2018-09-26,EURUSD,1.17580000
2018-09-26,GBPUSD,1.31820000
2018-09-26,JPYUSD,0.00885583
2018-09-27,AUDUSD,0.72180000
2018-09-27,CHFUSD,1.02291326
2018-09-27,EURUSD,1.16700000
2018-09-27,GBPUSD,1.31040000
2018-09-27,JPYUSD,0.00881990
2018-09-28,AUDUSD,0.72380000
2018-09-28,CHFUSD,1.02480016
2018-09-28,EURUSD,1.16220000
2018-09-28,GBPUSD,1.30530000
2018-09-28,JPYUSD,0.00881213
2018-10-01,AUDUSD,0.72230000
2018-10-01,CHFUSD,1.01626016
2018-10-01,EURUSD,1.15670000
2018-10-01,GBPUSD,1.30320000
2018-10-01,JPYUSD,0.00877501
2018-10-02,AUDUSD,0.71990000
2018-10-02,CHFUSD,1.01584722
2018-10-02,EURUSD,1.15600000
2018-10-02,GBPUSD,1.29840000
2018-10-02,JPYUSD,0.00879817
2018-10-03,AUDUSD,0.71380000
2018-10-03,CHFUSD,1.01071356
2018-10-03,EURUSD,1.15250000
2018-10-03,GBPUSD,1.29930000
2018-10-03,JPYUSD,0.00875733
2018-10-04,AUDUSD,0.70780000
2018-10-04,CHFUSD,1.00755668
2018-10-04,EURUSD,1.15080000
2018-10-04,GBPUSD,1.30140000
2018-10-04,JPYUSD,0.00878812
2018-10-05,AUDUSD,0.70480000
2018-10-05,CHFUSD,1.00786132
2018-10-05,EURUSD,1.15020000
2018-10-05,GBPUSD,1.31010000
2018-10-05,JPYUSD,0.00880592
2018-10-09,AUDUSD,0.70920000
2018-10-09,CHFUSD,1.00725222
2018-10-09,EURUSD,1.14820000
2018-10-09,GBPUSD,1.31390000
2018-10-09,JPYUSD,0.00883939
2018-10-10,AUDUSD,0.71000000
2018-10-10,CHFUSD,1.00928543
2018-10-10,EURUSD,1.15410000
2018-10-10,GBPUSD,1.32060000
2018-10-10,JPYUSD,0.00887233
2018-10-11,AUDUSD,0.71120000
2018-10-11,CHFUSD,1.00806452
2018-10-11,EURUSD,1.15650000
2018-10-11,GBPUSD,1.31930000
2018-10-11,JPYUSD,0.00890789
2018-10-12,AUDUSD,0.71160000
2018-10-12,CHFUSD,1.00847116
2018-10-12,EURUSD,1.15590000
2018-10-12,GBPUSD,1.31540000
2018-10-12,JPYUSD,0.00892698
2018-10-15,AUDUSD,0.71420000
2018-10-15,CHFUSD,1.01337657
2018-10-15,EURUSD,1.15940000
2018-10-15,GBPUSD,1.31680000
2018-10-15,JPYUSD,0.00894294
2018-10-16,AUDUSD,0.71400000
2018-10-16,CHFUSD,1.01071356
2018-10-16,EURUSD,1.15930000
2018-10-16,GBPUSD,1.32100000
2018-10-16,JPYUSD,0.00891583
2018-10-17,AUDUSD,0.71300000
2018-10-17,CHFUSD,1.00745517
2018-10-17,EURUSD,1.15400000
2018-10-17,GBPUSD,1.31370000
2018-10-17,JPYUSD,0.00891186
2018-10-18,AUDUSD,0.71180000
2018-10-18,CHFUSD,1.00603622
2018-10-18,EURUSD,1.14940000
2018-10-18,GBPUSD,1.30610000
2018-10-18,JPYUSD,0.00891981
2018-10-19,AUDUSD,0.71320000
2018-10-19,CHFUSD,1.00321027
2018-10-19,EURUSD,1.15130000
2018-10-19,GBPUSD,1.30450000
2018-10-19,JPYUSD,0.00888731
2018-10-22,AUDUSD,0.70860000
2018-10-22,CHFUSD,1.00371374
2018-10-22,EURUSD,1.14670000
2018-10-22,GBPUSD,1.29740000
2018-10-22,JPYUSD,0.00886682
2018-10-23,AUDUSD,0.70740000
2018-10-23,CHFUSD,1.00573268
2018-10-23,EURUSD,1.14800000
2018-10-23,GBPUSD,1.29820000
2018-10-23,JPYUSD,0.00891902
2018-10-24,AUDUSD,0.70720000
2018-10-24,CHFUSD,1.00180325
2018-10-24,EURUSD,1.13890000
2018-10-24,GBPUSD,1.28980000
2018-10-24,JPYUSD,0.00888257
2018-10-25,AUDUSD,0.70840000
2018-10-25,CHFUSD,0.99910081
2018-10-25,EURUSD,1.13740000
2018-10-25,GBPUSD,1.28270000
2018-10-25,JPYUSD,0.00888573
2018-10-26,AUDUSD,0.70880000
2018-10-26,CHFUSD,1.00200401
2018-10-26,EURUSD,1.13880000
2018-10-26,GBPUSD,1.28260000
2018-10-26,JPYUSD,0.00895656
2018-10-29,AUDUSD,0.70740000
2018-10-29,CHFUSD,0.99940036
2018-10-29,EURUSD,1.13900000
2018-10-29,GBPUSD,1.28070000
2018-10-29,JPYUSD,0.00888968
2018-10-30,AUDUSD,0.71120000
2018-10-30,CHFUSD,0.99542106
2018-10-30,EURUSD,1.13640000
2018-10-30,GBPUSD,1.27310000
2018-10-30,JPYUSD,0.00886839
2018-10-31,AUDUSD,0.70900000
2018-10-31,CHFUSD,0.99433231
2018-10-31,EURUSD,1.13320000
2018-10-31,GBPUSD,1.27790000
2018-10-31,JPYUSD,0.00886054
2018-11-01,AUDUSD,0.71890000
2018-11-01,CHFUSD,0.99671085
2018-11-01,EURUSD,1.13960000
2018-11-01,GBPUSD,1.29740000
2018-11-01,JPYUSD,0.00886603
2018-11-02,AUDUSD,0.71990000
2018-11-02,CHFUSD,0.99641291
2018-11-02,EURUSD,1.13780000
2018-11-02,GBPUSD,1.29650000
2018-11-02,JPYUSD,0.00884251
2018-11-05,AUDUSD,0.71980000
2018-11-05,CHFUSD,0.99453008
2018-11-05,EURUSD,1.13940000
2018-11-05,GBPUSD,1.30200000
2018-11-05,JPYUSD,0.00883236
2018-11-06,AUDUSD,0.72210000
2018-11-06,CHFUSD,0.99581757
2018-11-06,EURUSD,1.14120000
2018-11-06,GBPUSD,1.30760000
2018-11-06,JPYUSD,0.00881990
2018-11-07,AUDUSD,0.72820000
2018-11-07,CHFUSD,1.00020004
2018-11-07,EURUSD,1.14590000
2018-11-07,GBPUSD,1.31440000
2018-11-07,JPYUSD,0.00882457
2018-11-08,AUDUSD,0.72860000
2018-11-08,CHFUSD,0.99671085
2018-11-08,EURUSD,1.14160000
2018-11-08,GBPUSD,1.31160000
2018-11-08,JPYUSD,0.00878194
2018-11-09,AUDUSD,0.72260000
2018-11-09,CHFUSD,0.99383820
2018-11-09,EURUSD,1.13250000
2018-11-09,GBPUSD,1.29780000
2018-11-09,JPYUSD,0.00878966
2018-11-13,AUDUSD,0.72200000
2018-11-13,CHFUSD,0.99176832
2018-11-13,EURUSD,1.12880000
2018-11-13,GBPUSD,1.30310000
2018-11-13,JPYUSD,0.00877424
2018-11-14,AUDUSD,0.72190000
2018-11-14,CHFUSD,0.99334459
2018-11-14,EURUSD,1.13120000
2018-11-14,GBPUSD,1.30110000
2018-11-14,JPYUSD,0.00879507
2018-11-15,AUDUSD,0.72690000
2018-11-15,CHFUSD,0.99423345
2018-11-15,EURUSD,1.13240000
2018-11-15,GBPUSD,1.27490000
2018-11-15,JPYUSD,0.00881368
2018-11-16,AUDUSD,0.73120000
2018-11-16,CHFUSD,0.99880144
2018-11-16,EURUSD,1.14020000
2018-11-16,GBPUSD,1.28390000
2018-11-16,JPYUSD,0.00886839
2018-11-19,AUDUSD,0.72910000
2018-11-19,CHFUSD,1.00623868
2018-11-19,EURUSD,1.14480000
2018-11-19,GBPUSD,1.28420000
2018-11-19,JPYUSD,0.00888573
2018-11-20,AUDUSD,0.72460000
2018-11-20,CHFUSD,1.00563154
2018-11-20,EURUSD,1.13910000
2018-11-20,GBPUSD,1.28090000
2018-11-20,JPYUSD,0.00887626
2018-11-21,AUDUSD,0.72670000
2018-11-21,CHFUSD,1.00482315
2018-11-21,EURUSD,1.13930000
2018-11-21,GBPUSD,1.27760000
2018-11-21,JPYUSD,0.00884486
2018-11-23,AUDUSD,0.72250000
2018-11-23,CHFUSD,1.00240577
2018-11-23,EURUSD,1.13320000
2018-11-23,GBPUSD,1.28040000
2018-11-23,JPYUSD,0.00886289
2018-11-26,AUDUSD,0.72300000
2018-11-26,CHFUSD,1.00160256
2018-11-26,EURUSD,1.13360000
2018-11-26,GBPUSD,1.28090000
2018-11-26,JPYUSD,0.00880437
2018-11-27,AUDUSD,0.72060000
2018-11-27,CHFUSD,1.00020004
2018-11-27,EURUSD,1.12810000
2018-11-27,GBPUSD,1.27290000
2018-11-27,JPYUSD,0.00878426
2018-11-28,AUDUSD,0.72330000
2018-11-28,CHFUSD,1.00060036
2018-11-28,EURUSD,1.12860000
2018-11-28,GBPUSD,1.27660000
2018-11-28,JPYUSD,0.00877501
2018-11-29,AUDUSD,0.73140000
2018-11-29,CHFUSD,1.00341160
2018-11-29,EURUSD,1.13820000
2018-11-29,GBPUSD,1.27890000
2018-11-29,JPYUSD,0.00881679
2018-11-30,AUDUSD,0.73110000
2018-11-30,CHFUSD,1.00130169
2018-11-30,EURUSD,1.13230000
2018-11-30,GBPUSD,1.27720000
2018-11-30,JPYUSD,0.00880747
2018-12-03,AUDUSD,0.73600000
2018-12-03,CHFUSD,1.00250627
2018-12-03,EURUSD,1.13560000
2018-12-03,GBPUSD,1.27420000
2018-12-03,JPYUSD,0.00880747
2018-12-04,AUDUSD,0.73530000
2018-12-04,CHFUSD,1.00250627
2018-12-04,EURUSD,1.13450000
2018-12-04,GBPUSD,1.27190000
2018-12-04,JPYUSD,0.00885504
2018-12-06,AUDUSD,0.72160000
2018-12-06,CHFUSD,1.00745517
2018-12-06,EURUSD,1.13740000
2018-12-06,GBPUSD,1.27770000
2018-12-06,JPYUSD,0.00889205
2018-12-07,AUDUSD,0.72100000
2018-12-07,CHFUSD,1.00867460
2018-12-07,EURUSD,1.13900000
2018-12-07,GBPUSD,1.27490000
2018-12-07,JPYUSD,0.00888099
2018-12-10,AUDUSD,0.71900000
2018-12-10,CHFUSD,1.01050930
2018-12-10,EURUSD,1.13680000
2018-12-10,GBPUSD,1.25580000
2018-12-10,JPYUSD,0.00885269
2018-12-11,AUDUSD,0.72040000
2018-12-11,CHFUSD,1.00694794
2018-12-11,EURUSD,1.13140000
2018-12-11,GBPUSD,1.25240000
2018-12-11,JPYUSD,0.00881756
2018-12-12,AUDUSD,0.72230000
2018-12-12,CHFUSD,1.00806452
2018-12-12,EURUSD,1.13620000
2018-12-12,GBPUSD,1.26580000
2018-12-12,JPYUSD,0.00882768
2018-12-13,AUDUSD,0.72280000
2018-12-13,CHFUSD,1.00623868
2018-12-13,EURUSD,1.13580000
2018-12-13,GBPUSD,1.26350000
2018-12-13,JPYUSD,0.00879817
2018-12-14,AUDUSD,0.71760000
2018-12-14,CHFUSD,1.00300903
2018-12-14,EURUSD,1.13000000
2018-12-14,GBPUSD,1.25700000
2018-12-14,JPYUSD,0.00882223
2018-12-17,AUDUSD,0.71820000
2018-12-17,CHFUSD,1.00664385
2018-12-17,EURUSD,1.13390000
2018-12-17,GBPUSD,1.26060000
2018-12-17,JPYUSD,0.00885269
2018-12-18,AUDUSD,0.71720000
2018-12-18,CHFUSD,1.00704935
2018-12-18,EURUSD,1.13640000
2018-12-18,GBPUSD,1.26440000
2018-12-18,JPYUSD,0.00888573
2018-12-19,AUDUSD,0.71720000
2018-12-19,CHFUSD,1.00826780
2018-12-19,EURUSD,1.14220000
2018-12-19,GBPUSD,1.26690000
2018-12-19,JPYUSD,0.00891663
2018-12-20,AUDUSD,0.71040000
2018-12-20,CHFUSD,1.00826780
2018-12-20,EURUSD,1.14320000
2018-12-20,GBPUSD,1.26500000
2018-12-20,JPYUSD,0.00898150
2018-12-21,AUDUSD,0.70720000
2018-12-21,CHFUSD,1.00867460
2018-12-21,EURUSD,1.14020000
2018-12-21,GBPUSD,1.26810000
2018-12-21,JPYUSD,0.00899766
2018-12-26,AUDUSD,0.70700000
2018-12-26,CHFUSD,1.00928543
2018-12-26,EURUSD,1.14080000
2018-12-26,GBPUSD,1.26760000
2018-12-26,JPYUSD,0.00905387
2018-12-27,AUDUSD,0.70200000
2018-12-27,CHFUSD,1.00989699
2018-12-27,EURUSD,1.14120000
2018-12-27,GBPUSD,1.26270000
2018-12-27,JPYUSD,0.00902690
2018-12-28,AUDUSD,0.70440000
2018-12-28,CHFUSD,1.01646676
2018-12-28,EURUSD,1.14450000
2018-12-28,GBPUSD,1.26990000
2018-12-28,JPYUSD,0.00906290
2018-12-31,AUDUSD,0.70460000
2018-12-31,CHFUSD,1.01708706
2018-12-31,EURUSD,1.14560000
2018-12-31,GBPUSD,1.27630000
2018-12-31,JPYUSD,0.00911577
2019-01-02,AUDUSD,0.70000000
2019-01-02,CHFUSD,1.01173614
2019-01-02,EURUSD,1.13570000
2019-01-02,GBPUSD,1.25980000
2019-01-02,JPYUSD,0.00915583
2019-01-03,AUDUSD,0.70140000
2019-01-03,CHFUSD,1.01122459
2019-01-03,EURUSD,1.13990000
2019-01-03,GBPUSD,1.26330000
2019-01-03,JPYUSD,0.00925326
2019-01-04,AUDUSD,0.71080000
2019-01-04,CHFUSD,1.01430165
2019-01-04,EURUSD,1.14100000
2019-01-04,GBPUSD,1.27400000
2019-01-04,JPYUSD,0.00923446
2019-01-07,AUDUSD,0.71430000
2019-01-07,CHFUSD,1.01936799
2019-01-07,EURUSD,1.14680000
2019-01-07,GBPUSD,1.27570000
2019-01-07,JPYUSD,0.00920641
2019-01-08,AUDUSD,0.71340000
2019-01-08,CHFUSD,1.01936799
2019-01-08,EURUSD,1.14440000
2019-01-08,GBPUSD,1.27240000
2019-01-08,JPYUSD,0.00921065
2019-01-09,AUDUSD,0.71720000
2019-01-09,CHFUSD,1.02385584
2019-01-09,EURUSD,1.15240000
2019-01-09,GBPUSD,1.27640000
2019-01-09,JPYUSD,0.00922679
2019-01-10,AUDUSD,0.71900000
2019-01-10,CHFUSD,1.01864113
2019-01-10,EURUSD,1.15170000
2019-01-10,GBPUSD,1.27680000
2019-01-10,JPYUSD,0.00923446
2019-01-11,AUDUSD,0.72040000
2019-01-11,CHFUSD,1.01739750
2019-01-11,EURUSD,1.14790000
2019-01-11,GBPUSD,1.28360000
2019-01-11,JPYUSD,0.00923020
2019-01-15,AUDUSD,0.71920000
2019-01-15,CHFUSD,1.01163379
2019-01-15,EURUSD,1.13920000
2019-01-15,GBPUSD,1.27610000
2019-01-15,JPYUSD,0.00919794
2019-01-16,AUDUSD,0.71840000
2019-01-16,CHFUSD,1.01020305
2019-01-16,EURUSD,1.14080000
2019-01-16,GBPUSD,1.28620000
2019-01-16,JPYUSD,0.00918780
2019-01-17,AUDUSD,0.71710000
2019-01-17,CHFUSD,1.00563154
2019-01-17,EURUSD,1.13860000
2019-01-17,GBPUSD,1.29400000
2019-01-17,JPYUSD,0.00917347
2019-01-18,AUDUSD,0.71720000
2019-01-18,CHFUSD,1.00462126
2019-01-18,EURUSD,1.13620000
2019-01-18,GBPUSD,1.28980000
2019-01-18,JPYUSD,0.00910830
2019-01-22,AUDUSD,0.71330000
2019-01-22,CHFUSD,1.00280786
2019-01-22,EURUSD,1.13590000
2019-01-22,GBPUSD,1.29550000
2019-01-22,JPYUSD,0.00914578
2019-01-23,AUDUSD,0.71330000
2019-01-23,CHFUSD,1.00542932
2019-01-23,EURUSD,1.13900000
2019-01-23,GBPUSD,1.30740000
2019-01-23,JPYUSD,0.00913743
2019-01-24,AUDUSD,0.70960000
2019-01-24,CHFUSD,1.00351229
2019-01-24,EURUSD,1.13220000
2019-01-24,GBPUSD,1.30270000
2019-01-24,JPYUSD,0.00911411
2019-01-25,AUDUSD,0.71720000
2019-01-25,CHFUSD,1.00704935
2019-01-25,EURUSD,1.14070000
2019-01-25,GBPUSD,1.31760000
2019-01-25,JPYUSD,0.00912409
2019-01-28,AUDUSD,0.71660000
2019-01-28,CHFUSD,1.00908174
2019-01-28,EURUSD,1.14380000
2019-01-28,GBPUSD,1.31580000
2019-01-28,JPYUSD,0.00915751
2019-01-29,AUDUSD,0.71490000
2019-01-29,CHFUSD,1.00502513
2019-01-29,EURUSD,1.14240000
2019-01-29,GBPUSD,1.31460000
2019-01-29,JPYUSD,0.00914411
2019-01-30,AUDUSD,0.71960000
2019-01-30,CHFUSD,1.00120144
2019-01-30,EURUSD,1.14180000
2019-01-30,GBPUSD,1.30620000
2019-01-30,JPYUSD,0.00912659
2019-01-31,AUDUSD,0.72820000
2019-01-31,CHFUSD,1.00623868
2019-01-31,EURUSD,1.14540000
2019-01-31,GBPUSD,1.31350000
2019-01-31,JPYUSD,0.00918780
2019-02-01,AUDUSD,0.72600000
2019-02-01,CHFUSD,1.00603622
2019-02-01,EURUSD,1.14740000
2019-02-01,GBPUSD,1.30940000
2019-02-01,JPYUSD,0.00912825
2019-02-04,AUDUSD,0.72180000
2019-02-04,CHFUSD,1.00260678
2019-02-04,EURUSD,1.14380000
2019-02-04,GBPUSD,1.30680000
2019-02-04,JPYUSD,0.00909422
2019-02-05,AUDUSD,0.72340000
2019-02-05,CHFUSD,0.99950025
2019-02-05,EURUSD,1.14060000
2019-02-05,GBPUSD,1.29470000
2019-02-05,JPYUSD,0.00909174
2019-02-06,AUDUSD,0.71280000
2019-02-06,CHFUSD,0.99910081
2019-02-06,EURUSD,1.13800000
2019-02-06,GBPUSD,1.29560000
2019-02-06,JPYUSD,0.00911162
2019-02-07,AUDUSD,0.70930000
2019-02-07,CHFUSD,0.99900100
2019-02-07,EURUSD,1.13570000
2019-02-07,GBPUSD,1.29660000
2019-02-07,JPYUSD,0.00911577
2019-02-08,AUDUSD,0.70900000
2019-02-08,CHFUSD,1.00000000
2019-02-08,EURUSD,1.13260000
2019-02-08,GBPUSD,1.29330000
2019-02-08,JPYUSD,0.00911079
2019-02-11,AUDUSD,0.70650000
2019-02-11,CHFUSD,0.99601594
2019-02-11,EURUSD,1.12770000
2019-02-11,GBPUSD,1.28620000
2019-02-11,JPYUSD,0.00905797
2019-02-12,AUDUSD,0.70940000
2019-02-12,CHFUSD,0.99324593
2019-02-12,EURUSD,1.13160000
2019-02-12,GBPUSD,1.28870000
2019-02-12,JPYUSD,0.00904977
2019-02-13,AUDUSD,0.71130000
2019-02-13,CHFUSD,0.99275290
2019-02-13,EURUSD,1.12880000
2019-02-13,GBPUSD,1.28650000
2019-02-13,JPYUSD,0.00902039
2019-02-14,AUDUSD,0.70910000
2019-02-14,CHFUSD,0.99364070
2019-02-14,EURUSD,1.12840000
2019-02-14,GBPUSD,1.27930000
2019-02-14,JPYUSD,0.00903506
2019-02-15,AUDUSD,0.71220000
2019-02-15,CHFUSD,0.99373944
2019-02-15,EURUSD,1.12680000
2019-02-15,GBPUSD,1.28570000
2019-02-15,JPYUSD,0.00904650
2019-02-19,AUDUSD,0.71460000
2019-02-19,CHFUSD,0.99820323
2019-02-19,EURUSD,1.13280000
2019-02-19,GBPUSD,1.30360000
2019-02-19,JPYUSD,0.00903506
2019-02-21,AUDUSD,0.70800000
2019-02-21,CHFUSD,0.99900100
2019-02-21,EURUSD,1.13380000
2019-02-21,GBPUSD,1.30600000
2019-02-21,JPYUSD,0.00903179
2019-02-22,AUDUSD,0.71380000
2019-02-22,CHFUSD,1.00020004
2019-02-22,EURUSD,1.13420000
2019-02-22,GBPUSD,1.30670000
2019-02-22,JPYUSD,0.00903342
2019-02-25,AUDUSD,0.71690000
2019-02-25,CHFUSD,0.99940036
2019-02-25,EURUSD,1.13450000
2019-02-25,GBPUSD,1.30590000
2019-02-25,JPYUSD,0.00900333
2019-02-26,AUDUSD,0.71820000
2019-02-26,CHFUSD,0.99980004
2019-02-26,EURUSD,1.13740000
2019-02-26,GBPUSD,1.32520000
2019-02-26,JPYUSD,0.00902853
2019-02-27,AUDUSD,0.71340000
2019-02-27,CHFUSD,0.99970009
2019-02-27,EURUSD,1.13700000
2019-02-27,GBPUSD,1.33180000
2019-02-27,JPYUSD,0.00901551
2019-02-28,AUDUSD,0.70990000
2019-02-28,CHFUSD,1.00260678
2019-02-28,EURUSD,1.13790000
2019-02-28,GBPUSD,1.32740000
2019-02-28,JPYUSD,0.00897827
2019-03-01,AUDUSD,0.70800000
2019-03-01,CHFUSD,1.00130169
2019-03-01,EURUSD,1.13760000
2019-03-01,GBPUSD,1.32220000
2019-03-01,JPYUSD,0.00893735
2019-03-04,AUDUSD,0.70840000
2019-03-04,CHFUSD,1.00060036
2019-03-04,EURUSD,1.13280000
2019-03-04,GBPUSD,1.31860000
2019-03-04,JPYUSD,0.00895415
2019-03-05,AUDUSD,0.70730000
2019-03-05,CHFUSD,0.99552016
2019-03-05,EURUSD,1.13000000
2019-03-05,GBPUSD,1.31410000
2019-03-05,JPYUSD,0.00893017
2019-03-06,AUDUSD,0.70230000
2019-03-06,CHFUSD,0.99621439
2019-03-06,EURUSD,1.13200000
2019-03-06,GBPUSD,1.31480000
2019-03-06,JPYUSD,0.00895576
2019-03-07,AUDUSD,0.70320000
2019-03-07,CHFUSD,0.98951118
2019-03-07,EURUSD,1.12140000
2019-03-07,GBPUSD,1.31070000
2019-03-07,JPYUSD,0.00896057
2019-03-08,AUDUSD,0.70480000
2019-03-08,CHFUSD,0.99265436
2019-03-08,EURUSD,1.12430000
2019-03-08,GBPUSD,1.30100000
2019-03-08,JPYUSD,0.00900009
2019-03-11,AUDUSD,0.70560000
2019-03-11,CHFUSD,0.98911968
2019-03-11,EURUSD,1.12260000
2019-03-11,GBPUSD,1.30950000
2019-03-11,JPYUSD,0.00899200
2019-03-12,AUDUSD,0.70820000
2019-03-12,CHFUSD,0.99226037
2019-03-12,EURUSD,1.12760000
2019-03-12,GBPUSD,1.31010000
2019-03-12,JPYUSD,0.00897827
2019-03-13,AUDUSD,0.70870000
2019-03-13,CHFUSD,0.99542106
2019-03-13,EURUSD,1.13100000
2019-03-13,GBPUSD,1.32300000
2019-03-13,JPYUSD,0.00899038
2019-03-14,AUDUSD,0.70610000
2019-03-14,CHFUSD,0.99561928
2019-03-14,EURUSD,1.13040000
2019-03-14,GBPUSD,1.32810000
2019-03-14,JPYUSD,0.00895175
2019-03-15,AUDUSD,0.70890000
2019-03-15,CHFUSD,0.99740674
2019-03-15,EURUSD,1.13260000
2019-03-15,GBPUSD,1.32780000
2019-03-15,JPYUSD,0.00896298
2019-03-18,AUDUSD,0.71000000
2019-03-18,CHFUSD,0.99960016
2019-03-18,EURUSD,1.13370000
2019-03-18,GBPUSD,1.32230000
2019-03-18,JPYUSD,0.00897585
2019-03-19,AUDUSD,0.71020000
2019-03-19,CHFUSD,0.99990001
2019-03-19,EURUSD,1.13460000
2019-03-19,GBPUSD,1.32630000
2019-03-19,JPYUSD,0.00897827
2019-03-20,AUDUSD,0.70880000
2019-03-20,CHFUSD,1.00260678
2019-03-20,EURUSD,1.13520000
2019-03-20,GBPUSD,1.31910000
2019-03-20,JPYUSD,0.00897585
2019-03-21,AUDUSD,0.71100000
2019-03-21,CHFUSD,1.00765820
2019-03-21,EURUSD,1.13610000
2019-03-21,GBPUSD,1.30730000
2019-03-21,JPYUSD,0.00902039
2019-03-22,AUDUSD,0.70910000
2019-03-22,CHFUSD,1.00603622
2019-03-22,EURUSD,1.12820000
2019-03-22,GBPUSD,1.32190000
2019-03-22,JPYUSD,0.00911079
2019-03-25,AUDUSD,0.71140000
2019-03-25,CHFUSD,1.00826780
2019-03-25,EURUSD,1.13240000
2019-03-25,GBPUSD,1.32030000
2019-03-25,JPYUSD,0.00908348
2019-03-26,AUDUSD,0.71400000
2019-03-26,CHFUSD,1.00603622
2019-03-26,EURUSD,1.12800000
2019-03-26,GBPUSD,1.32150000
2019-03-26,JPYUSD,0.00904977
2019-03-27,AUDUSD,0.70700000
2019-03-27,CHFUSD,1.00542932
2019-03-27,EURUSD,1.12500000
2019-03-27,GBPUSD,1.31920000
2019-03-27,JPYUSD,0.00905961
2019-03-28,AUDUSD,0.70790000
2019-03-28,CHFUSD,1.00482315
2019-03-28,EURUSD,1.12360000
2019-03-28,GBPUSD,1.30880000
2019-03-28,JPYUSD,0.00904650
2019-03-29,AUDUSD,0.71040000
2019-03-29,CHFUSD,1.00381450
2019-03-29,EURUSD,1.12280000
2019-03-29,GBPUSD,1.30320000
2019-03-29,JPYUSD,0.00903506
2019-04-01,AUDUSD,0.71170000
2019-04-01,CHFUSD,1.00120144
2019-04-01,EURUSD,1.12100000
2019-04-01,GBPUSD,1.31440000
2019-04-01,JPYUSD,0.00898553
2019-04-02,AUDUSD,0.70580000
2019-04-02,CHFUSD,1.00140196
2019-04-02,EURUSD,1.11860000
2019-04-02,GBPUSD,1.30350000
2019-04-02,JPYUSD,0.00898311
2019-04-03,AUDUSD,0.71240000
2019-04-03,CHFUSD,1.00300903
2019-04-03,EURUSD,1.12420000
2019-04-03,GBPUSD,1.31810000
2019-04-03,JPYUSD,0.00897022
2019-04-04,AUDUSD,0.71120000
2019-04-04,CHFUSD,0.99980004
2019-04-04,EURUSD,1.12160000
2019-04-04,GBPUSD,1.30720000
2019-04-04,JPYUSD,0.00896459
2019-04-05,AUDUSD,0.70990000
2019-04-05,CHFUSD,0.99970009
2019-04-05,EURUSD,1.12170000
2019-04-05,GBPUSD,1.30100000
2019-04-05,JPYUSD,0.00895175
2019-04-08,AUDUSD,0.71240000
2019-04-08,CHFUSD,1.00060036
2019-04-08,EURUSD,1.12620000
2019-04-08,GBPUSD,1.30480000
2019-04-08,JPYUSD,0.00897102
2019-04-09,AUDUSD,0.71290000
2019-04-09,CHFUSD,1.00010001
2019-04-09,EURUSD,1.12780000
2019-04-09,GBPUSD,1.30480000
2019-04-09,JPYUSD,0.00900252
2019-04-10,AUDUSD,0.71580000
2019-04-10,CHFUSD,0.99810360
2019-04-10,EURUSD,1.12660000
2019-04-10,GBPUSD,1.31000000
2019-04-10,JPYUSD,0.00901551
2019-04-11,AUDUSD,0.71280000
2019-04-11,CHFUSD,0.99730727
2019-04-11,EURUSD,1.12620000
2019-04-11,GBPUSD,1.30680000
2019-04-11,JPYUSD,0.00897022
2019-04-12,AUDUSD,0.71760000
2019-04-12,CHFUSD,0.99830289
2019-04-12,EURUSD,1.13040000
2019-04-12,GBPUSD,1.30860000
2019-04-12,JPYUSD,0.00892857
2019-04-15,AUDUSD,0.71780000
2019-04-15,CHFUSD,0.99611515
2019-04-15,EURUSD,1.13040000
2019-04-15,GBPUSD,1.31050000
2019-04-15,JPYUSD,0.00892857
2019-04-16,AUDUSD,0.71740000
2019-04-16,CHFUSD,0.99344327
2019-04-16,EURUSD,1.12930000
2019-04-16,GBPUSD,1.30490000
2019-04-16,JPYUSD,0.00893256
2019-04-17,AUDUSD,0.71680000
2019-04-17,CHFUSD,0.99019705
2019-04-17,EURUSD,1.12970000
2019-04-17,GBPUSD,1.30360000
2019-04-17,JPYUSD,0.00892857
2019-04-18,AUDUSD,0.71500000
2019-04-18,CHFUSD,0.98483356
2019-04-18,EURUSD,1.12410000
2019-04-18,GBPUSD,1.30030000
2019-04-18,JPYUSD,0.00893336
2019-04-19,AUDUSD,0.71500000
2019-04-19,CHFUSD,0.98580442
2019-04-19,EURUSD,1.12460000
2019-04-19,GBPUSD,1.30030000
2019-04-19,JPYUSD,0.00893495
2019-04-22,AUDUSD,0.71340000
2019-04-22,CHFUSD,0.98473658
2019-04-22,EURUSD,1.12580000
2019-04-22,GBPUSD,1.29830000
2019-04-22,JPYUSD,0.00893336
2019-04-23,AUDUSD,0.70960000
2019-04-23,CHFUSD,0.97866510
2019-04-23,EURUSD,1.12130000
2019-04-23,GBPUSD,1.29430000
2019-04-23,JPYUSD,0.00893975
2019-04-24,AUDUSD,0.70260000
2019-04-24,CHFUSD,0.98193244
2019-04-24,EURUSD,1.11920000
2019-04-24,GBPUSD,1.29470000
2019-04-24,JPYUSD,0.00894374
2019-04-25,AUDUSD,0.70100000
2019-04-25,CHFUSD,0.98048828
2019-04-25,EURUSD,1.11400000
2019-04-25,GBPUSD,1.29010000
2019-04-25,JPYUSD,0.00896138
2019-04-26,AUDUSD,0.70440000
2019-04-26,CHFUSD,0.98135427
2019-04-26,EURUSD,1.11540000
2019-04-26,GBPUSD,1.29300000
2019-04-26,JPYUSD,0.00896057
2019-04-29,AUDUSD,0.70540000
2019-04-29,CHFUSD,0.98029605
2019-04-29,EURUSD,1.11660000
2019-04-29,GBPUSD,1.29240000
2019-04-29,JPYUSD,0.00894454
2019-04-30,AUDUSD,0.70400000
2019-04-30,CHFUSD,0.98039216
2019-04-30,EURUSD,1.12010000
2019-04-30,GBPUSD,1.30300000
2019-04-30,JPYUSD,0.00897666
2019-05-01,AUDUSD,0.70380000
2019-05-01,CHFUSD,0.98648515
2019-05-01,EURUSD,1.12460000
2019-05-01,GBPUSD,1.30910000
2019-05-01,JPYUSD,0.00899442
2019-05-02,AUDUSD,0.70020000
2019-05-02,CHFUSD,0.98231827
2019-05-02,EURUSD,1.11840000
2019-05-02,GBPUSD,1.30320000
2019-05-02,JPYUSD,0.00897747
2019-05-03,AUDUSD,0.70180000
2019-05-03,CHFUSD,0.98251130
2019-05-03,EURUSD,1.11860000
2019-05-03,GBPUSD,1.31390000
2019-05-03,JPYUSD,0.00898634
2019-05-06,AUDUSD,0.69950000
2019-05-06,CHFUSD,0.98241478
2019-05-06,EURUSD,1.11970000
2019-05-06,GBPUSD,1.30930000
2019-05-06,JPYUSD,0.00902039
2019-05-07,AUDUSD,0.70040000
2019-05-07,CHFUSD,0.97895252
2019-05-07,EURUSD,1.11780000
2019-05-07,GBPUSD,1.30520000
2019-05-07,JPYUSD,0.00906290
2019-05-08,AUDUSD,0.70040000
2019-05-08,CHFUSD,0.98222179
2019-05-08,EURUSD,1.12060000
2019-05-08,GBPUSD,1.30140000
2019-05-08,JPYUSD,0.00908100
2019-05-09,AUDUSD,0.69760000
2019-05-09,CHFUSD,0.98687457
2019-05-09,EURUSD,1.12280000
2019-05-09,GBPUSD,1.30130000
2019-05-09,JPYUSD,0.00912825
2019-05-10,AUDUSD,0.69980000
2019-05-10,CHFUSD,0.98921753
2019-05-10,EURUSD,1.12410000
2019-05-10,GBPUSD,1.30360000
2019-05-10,JPYUSD,0.00912742
2019-05-13,AUDUSD,0.69480000
2019-05-13,CHFUSD,0.99364070
2019-05-13,EURUSD,1.12320000
2019-05-13,GBPUSD,1.29610000
2019-05-13,JPYUSD,0.00915919
2019-05-14,AUDUSD,0.69460000
2019-05-14,CHFUSD,0.99127676
2019-05-14,EURUSD,1.12070000
2019-05-14,GBPUSD,1.29210000
2019-05-14,JPYUSD,0.00911743
2019-05-15,AUDUSD,0.69300000
2019-05-15,CHFUSD,0.99108028
2019-05-15,EURUSD,1.12080000
2019-05-15,GBPUSD,1.28780000
2019-05-15,JPYUSD,0.00912575
2019-05-16,AUDUSD,0.69050000
2019-05-16,CHFUSD,0.99000099
2019-05-16,EURUSD,1.11780000
2019-05-16,GBPUSD,1.28030000
2019-05-16,JPYUSD,0.00910001
2019-05-17,AUDUSD,0.68740000
2019-05-17,CHFUSD,0.98931539
2019-05-17,EURUSD,1.11660000
2019-05-17,GBPUSD,1.27230000
2019-05-17,JPYUSD,0.00909918
2019-05-20,AUDUSD,0.69130000
2019-05-20,CHFUSD,0.99186669
2019-05-20,EURUSD,1.11700000
2019-05-20,GBPUSD,1.27180000
2019-05-20,JPYUSD,0.00909422
2019-05-21,AUDUSD,0.68760000
2019-05-21,CHFUSD,0.98970705
2019-05-21,EURUSD,1.11580000
2019-05-21,GBPUSD,1.27470000
2019-05-21,JPYUSD,0.00904159
2019-05-22,AUDUSD,0.68800000
2019-05-22,CHFUSD,0.99108028
2019-05-22,EURUSD,1.11560000
2019-05-22,GBPUSD,1.26740000
2019-05-22,JPYUSD,0.00906783
2019-05-23,AUDUSD,0.68960000
2019-05-23,CHFUSD,0.99601594
2019-05-23,EURUSD,1.11720000
2019-05-23,GBPUSD,1.26660000
2019-05-23,JPYUSD,0.00912575
2019-05-24,AUDUSD,0.69140000
2019-05-24,CHFUSD,0.99790440
2019-05-24,EURUSD,1.11970000
2019-05-24,GBPUSD,1.27000000
2019-05-24,JPYUSD,0.00914244
2019-05-28,AUDUSD,0.69300000
2019-05-28,CHFUSD,0.99147333
2019-05-28,EURUSD,1.11770000
2019-05-28,GBPUSD,1.26680000
2019-05-28,JPYUSD,0.00913325
2019-05-29,AUDUSD,0.69120000
2019-05-29,CHFUSD,0.99344327
2019-05-29,EURUSD,1.11360000
2019-05-29,GBPUSD,1.26310000
2019-05-29,JPYUSD,0.00915416
2019-05-30,AUDUSD,0.69100000
2019-05-30,CHFUSD,0.99265436
2019-05-30,EURUSD,1.11400000
2019-05-30,GBPUSD,1.26190000
2019-05-30,JPYUSD,0.00911826
2019-05-31,AUDUSD,0.69300000
2019-05-31,CHFUSD,0.99661152
2019-05-31,EURUSD,1.11490000
2019-05-31,GBPUSD,1.26200000
2019-05-31,JPYUSD,0.00920302
2019-06-03,AUDUSD,0.69550000
2019-06-03,CHFUSD,1.00060036
2019-06-03,EURUSD,1.12060000
2019-06-03,GBPUSD,1.26210000
2019-06-03,JPYUSD,0.00922594
2019-06-04,AUDUSD,0.69870000
2019-06-04,CHFUSD,1.00603622
2019-06-04,EURUSD,1.12360000
2019-06-04,GBPUSD,1.26750000
2019-06-04,JPYUSD,0.00923361
2019-06-05,AUDUSD,0.69740000
2019-06-05,CHFUSD,1.00816615
2019-06-05,EURUSD,1.12420000
2019-06-05,GBPUSD,1.27060000
2019-06-05,JPYUSD,0.00924214
2019-06-06,AUDUSD,0.69840000
2019-06-06,CHFUSD,1.01153146
2019-06-06,EURUSD,1.12940000
2019-06-06,GBPUSD,1.27130000
2019-06-06,JPYUSD,0.00925241
2019-06-07,AUDUSD,0.70020000
2019-06-07,CHFUSD,1.01245317
2019-06-07,EURUSD,1.13240000
2019-06-07,GBPUSD,1.27400000
2019-06-07,JPYUSD,0.00924642
2019-06-10,AUDUSD,0.69640000
2019-06-10,CHFUSD,1.01030511
2019-06-10,EURUSD,1.13110000
2019-06-10,GBPUSD,1.26840000
2019-06-10,JPYUSD,0.00921150
2019-06-11,AUDUSD,0.69560000
2019-06-11,CHFUSD,1.00755668
2019-06-11,EURUSD,1.13160000
2019-06-11,GBPUSD,1.27240000
2019-06-11,JPYUSD,0.00921489
2019-06-12,AUDUSD,0.69420000
2019-06-12,CHFUSD,1.00563154
2019-06-12,EURUSD,1.13100000
2019-06-12,GBPUSD,1.26930000
2019-06-12,JPYUSD,0.00922339
2019-06-13,AUDUSD,0.69100000
2019-06-13,CHFUSD,1.00542932
2019-06-13,EURUSD,1.12750000
2019-06-13,GBPUSD,1.26780000
2019-06-13,JPYUSD,0.00922169
2019-06-14,AUDUSD,0.68720000
2019-06-14,CHFUSD,1.00100100
2019-06-14,EURUSD,1.12170000
2019-06-14,GBPUSD,1.26010000
2019-06-14,JPYUSD,0.00922169
2019-06-17,AUDUSD,0.68600000
2019-06-17,CHFUSD,1.00180325
2019-06-17,EURUSD,1.12350000
2019-06-17,GBPUSD,1.25680000
2019-06-17,JPYUSD,0.00921150
2019-06-18,AUDUSD,0.68720000
2019-06-18,CHFUSD,1.00060036
2019-06-18,EURUSD,1.11960000
2019-06-18,GBPUSD,1.25470000
2019-06-18,JPYUSD,0.00922594
2019-06-19,AUDUSD,0.68700000
2019-06-19,CHFUSD,1.00401606
2019-06-19,EURUSD,1.12140000
2019-06-19,GBPUSD,1.26250000
2019-06-19,JPYUSD,0.00922850
2019-06-20,AUDUSD,0.69170000
2019-06-20,CHFUSD,1.01822625
2019-06-20,EURUSD,1.12840000
2019-06-20,GBPUSD,1.27000000
2019-06-20,JPYUSD,0.00930060
2019-06-21,AUDUSD,0.69200000
2019-06-21,CHFUSD,1.02155481
2019-06-21,EURUSD,1.13280000
2019-06-21,GBPUSD,1.27030000
2019-06-21,JPYUSD,0.00929800
2019-06-24,AUDUSD,0.69640000
2019-06-24,CHFUSD,1.02880658
2019-06-24,EURUSD,1.13930000
2019-06-24,GBPUSD,1.27280000
2019-06-24,JPYUSD,0.00931446
2019-06-25,AUDUSD,0.69750000
2019-06-25,CHFUSD,1.02817191
2019-06-25,EURUSD,1.13860000
2019-06-25,GBPUSD,1.27210000
2019-06-25,JPYUSD,0.00935279
2019-06-26,AUDUSD,0.69900000
2019-06-26,CHFUSD,1.02459016
2019-06-26,EURUSD,1.13900000
2019-06-26,GBPUSD,1.26970000
2019-06-26,JPYUSD,0.00929023
2019-06-27,AUDUSD,0.69980000
2019-06-27,CHFUSD,1.02396068
2019-06-27,EURUSD,1.13720000
2019-06-27,GBPUSD,1.26740000
2019-06-27,JPYUSD,0.00928247
2019-06-28,AUDUSD,0.70090000
2019-06-28,CHFUSD,1.02480016
2019-06-28,EURUSD,1.13740000
2019-06-28,GBPUSD,1.27040000
2019-06-28,JPYUSD,0.00927300
2019-07-01,AUDUSD,0.69630000
2019-07-01,CHFUSD,1.01378751
2019-07-01,EURUSD,1.13070000
2019-07-01,GBPUSD,1.26440000
2019-07-01,JPYUSD,0.00922339
2019-07-02,AUDUSD,0.69920000
2019-07-02,CHFUSD,1.01419878
2019-07-02,EURUSD,1.13010000
2019-07-02,GBPUSD,1.25990000
2019-07-02,JPYUSD,0.00926097
2019-07-03,AUDUSD,0.70330000
2019-07-03,CHFUSD,1.01378751
2019-07-03,EURUSD,1.12750000
2019-07-03,GBPUSD,1.25680000
2019-07-03,JPYUSD,0.00927300
2019-07-05,AUDUSD,0.69680000
2019-07-05,CHFUSD,1.00775975
2019-07-05,EURUSD,1.12160000
2019-07-05,GBPUSD,1.25060000
2019-07-05,JPYUSD,0.00921234
2019-07-08,AUDUSD,0.69680000
2019-07-08,CHFUSD,1.00623868
2019-07-08,EURUSD,1.12080000
2019-07-08,GBPUSD,1.25030000
2019-07-08,JPYUSD,0.00919794
2019-07-09,AUDUSD,0.69270000
2019-07-09,CHFUSD,1.00725222
2019-07-09,EURUSD,1.12100000
2019-07-09,GBPUSD,1.24630000
2019-07-09,JPYUSD,0.00919287
2019-07-10,AUDUSD,0.69640000
2019-07-10,CHFUSD,1.01091791
2019-07-10,EURUSD,1.12600000
2019-07-10,GBPUSD,1.25070000
2019-07-10,JPYUSD,0.00922169
2019-07-11,AUDUSD,0.69820000
2019-07-11,CHFUSD,1.01153146
2019-07-11,EURUSD,1.12610000
2019-07-11,GBPUSD,1.25490000
2019-07-11,JPYUSD,0.00923446
2019-07-12,AUDUSD,0.70070000
2019-07-12,CHFUSD,1.01574403
2019-07-12,EURUSD,1.12540000
2019-07-12,GBPUSD,1.25530000
2019-07-12,JPYUSD,0.00925926
2019-07-15,AUDUSD,0.70360000
2019-07-15,CHFUSD,1.01553773
2019-07-15,EURUSD,1.12600000
2019-07-15,GBPUSD,1.25230000
2019-07-15,JPYUSD,0.00926870
2019-07-16,AUDUSD,0.70200000
2019-07-16,CHFUSD,1.01112235
2019-07-16,EURUSD,1.12120000
2019-07-16,GBPUSD,1.24080000
2019-07-16,JPYUSD,0.00922935
2019-07-17,AUDUSD,0.70210000
2019-07-17,CHFUSD,1.01317123
2019-07-17,EURUSD,1.12320000
2019-07-17,GBPUSD,1.24380000
2019-07-17,JPYUSD,0.00925069
2019-07-18,AUDUSD,0.70430000
2019-07-18,CHFUSD,1.01399310
2019-07-18,EURUSD,1.12280000
2019-07-18,GBPUSD,1.24940000
2019-07-18,JPYUSD,0.00928160
2019-07-19,AUDUSD,0.70420000
2019-07-19,CHFUSD,1.01801894
2019-07-19,EURUSD,1.12200000
2019-07-19,GBPUSD,1.25000000
2019-07-19,JPYUSD,0.00927816
2019-07-22,AUDUSD,0.70420000
2019-07-22,CHFUSD,1.01884870
2019-07-22,EURUSD,1.12140000
2019-07-22,GBPUSD,1.24750000
2019-07-22,JPYUSD,0.00926698
2019-07-23,AUDUSD,0.69990000
2019-07-23,CHFUSD,1.01543461
2019-07-23,EURUSD,1.11560000
2019-07-23,GBPUSD,1.24490000
2019-07-23,JPYUSD,0.00925412
2019-07-24,AUDUSD,0.69780000
2019-07-24,CHFUSD,1.01481632
2019-07-24,EURUSD,1.11410000
2019-07-24,GBPUSD,1.24980000
2019-07-24,JPYUSD,0.00925241
2019-07-25,AUDUSD,0.69540000
2019-07-25,CHFUSD,1.01020305
2019-07-25,EURUSD,1.11560000
2019-07-25,GBPUSD,1.24710000
2019-07-25,JPYUSD,0.00920980
2019-07-26,AUDUSD,0.69080000
2019-07-26,CHFUSD,1.00674519
2019-07-26,EURUSD,1.11210000
2019-07-26,GBPUSD,1.23870000
2019-07-26,JPYUSD,0.00920048
2019-07-29,AUDUSD,0.69080000
2019-07-29,CHFUSD,1.00847116
2019-07-29,EURUSD,1.11420000
2019-07-29,GBPUSD,1.22360000
2019-07-29,JPYUSD,0.00918611
2019-07-30,AUDUSD,0.68720000
2019-07-30,CHFUSD,1.00928543
2019-07-30,EURUSD,1.11480000
2019-07-30,GBPUSD,1.21480000
2019-07-30,JPYUSD,0.00920302
2019-07-31,AUDUSD,0.68880000
2019-07-31,CHFUSD,1.00989699
2019-07-31,EURUSD,1.11300000
2019-07-31,GBPUSD,1.22200000
2019-07-31,JPYUSD,0.00920980
2019-08-01,AUDUSD,0.68580000
2019-08-01,CHFUSD,1.00623868
2019-08-01,EURUSD,1.10620000
2019-08-01,GBPUSD,1.21450000
2019-08-01,JPYUSD,0.00923532
2019-08-02,AUDUSD,0.68060000
2019-08-02,CHFUSD,1.01832994
2019-08-02,EURUSD,1.11120000
2019-08-02,GBPUSD,1.21320000
2019-08-02,JPYUSD,0.00937734
2019-08-05,AUDUSD,0.67800000
2019-08-05,CHFUSD,1.02870075
2019-08-05,EURUSD,1.11970000
2019-08-05,GBPUSD,1.21650000
2019-08-05,JPYUSD,0.00943218
2019-08-06,AUDUSD,0.67700000
2019-08-06,CHFUSD,1.02228583
2019-08-06,EURUSD,1.11960000
2019-08-06,GBPUSD,1.21490000
2019-08-06,JPYUSD,0.00939408
2019-08-07,AUDUSD,0.67540000
2019-08-07,CHFUSD,1.03007829
2019-08-07,EURUSD,1.12360000
2019-08-07,GBPUSD,1.21580000
2019-08-07,JPYUSD,0.00946790
2019-08-08,AUDUSD,0.68120000
2019-08-08,CHFUSD,1.02553584
2019-08-08,EURUSD,1.12100000
2019-08-08,GBPUSD,1.21380000
2019-08-08,JPYUSD,0.00943040
2019-08-09,AUDUSD,0.67960000
2019-08-09,CHFUSD,1.02986612
2019-08-09,EURUSD,1.12220000
2019-08-09,GBPUSD,1.20850000
2019-08-09,JPYUSD,0.00949668
2019-08-12,AUDUSD,0.67560000
2019-08-12,CHFUSD,1.03135314
2019-08-12,EURUSD,1.12120000
2019-08-12,GBPUSD,1.20700000
2019-08-12,JPYUSD,0.00948947
2019-08-13,AUDUSD,0.67980000
2019-08-13,CHFUSD,1.02627258
2019-08-13,EURUSD,1.11820000
2019-08-13,GBPUSD,1.20670000
2019-08-13,JPYUSD,0.00938086
2019-08-14,AUDUSD,0.67420000
2019-08-14,CHFUSD,1.02711586
2019-08-14,EURUSD,1.11440000
2019-08-14,GBPUSD,1.20680000
2019-08-14,JPYUSD,0.00945269
2019-08-15,AUDUSD,0.67840000
2019-08-15,CHFUSD,1.02438025
2019-08-15,EURUSD,1.11060000
2019-08-15,GBPUSD,1.21120000
2019-08-15,JPYUSD,0.00942329
2019-08-16,AUDUSD,0.67820000
2019-08-16,CHFUSD,1.02040816
2019-08-16,EURUSD,1.10910000
2019-08-16,GBPUSD,1.21520000
2019-08-16,JPYUSD,0.00940380
2019-08-19,AUDUSD,0.67720000
2019-08-19,CHFUSD,1.01957586
2019-08-19,EURUSD,1.10960000
2019-08-19,GBPUSD,1.21380000
2019-08-19,JPYUSD,0.00938967
2019-08-20,AUDUSD,0.67770000
2019-08-20,CHFUSD,1.02124183
2019-08-20,EURUSD,1.10920000
2019-08-20,GBPUSD,1.21530000
2019-08-20,JPYUSD,0.00940291
2019-08-21,AUDUSD,0.67920000
2019-08-21,CHFUSD,1.01874491
2019-08-21,EURUSD,1.10980000
2019-08-21,GBPUSD,1.21420000
2019-08-21,JPYUSD,0.00938791
2019-08-22,AUDUSD,0.67640000
2019-08-22,CHFUSD,1.01688021
2019-08-22,EURUSD,1.10890000
2019-08-22,GBPUSD,1.22500000
2019-08-22,JPYUSD,0.00939496
2019-08-23,AUDUSD,0.67490000
2019-08-23,CHFUSD,1.02585146
2019-08-23,EURUSD,1.11480000
2019-08-23,GBPUSD,1.22610000
2019-08-23,JPYUSD,0.00949668
2019-08-26,AUDUSD,0.67820000
2019-08-26,CHFUSD,1.02228583
2019-08-26,EURUSD,1.11120000
2019-08-26,GBPUSD,1.22320000
2019-08-26,JPYUSD,0.00943396
2019-08-27,AUDUSD,0.67580000
2019-08-27,CHFUSD,1.01884870
2019-08-27,EURUSD,1.10940000
2019-08-27,GBPUSD,1.22880000
2019-08-27,JPYUSD,0.00945180
2019-08-28,AUDUSD,0.67460000
2019-08-28,CHFUSD,1.01967982
2019-08-28,EURUSD,1.10840000
2019-08-28,GBPUSD,1.22480000
2019-08-28,JPYUSD,0.00944644
2019-08-29,AUDUSD,0.67340000
2019-08-29,CHFUSD,1.01491931
2019-08-29,EURUSD,1.10590000
2019-08-29,GBPUSD,1.21970000
2019-08-29,JPYUSD,0.00938967
2019-08-30,AUDUSD,0.67300000
2019-08-30,CHFUSD,1.01020305
2019-08-30,EURUSD,1.09890000
2019-08-30,GBPUSD,1.21660000
2019-08-30,JPYUSD,0.00940734
2019-09-03,AUDUSD,0.67580000
2019-09-03,CHFUSD,1.01296596
2019-09-03,EURUSD,1.09680000
2019-09-03,GBPUSD,1.20860000
2019-09-03,JPYUSD,0.00944465
2019-09-04,AUDUSD,0.67960000
2019-09-04,CHFUSD,1.01864113
2019-09-04,EURUSD,1.10250000
2019-09-04,GBPUSD,1.21900000
2019-09-04,JPYUSD,0.00940911
2019-09-05,AUDUSD,0.68200000
2019-09-05,CHFUSD,1.01337657
2019-09-05,EURUSD,1.10380000
2019-09-05,GBPUSD,1.23370000
2019-09-05,JPYUSD,0.00934929
2019-09-06,AUDUSD,0.68560000
2019-09-06,CHFUSD,1.01358200
2019-09-06,EURUSD,1.10420000
2019-09-06,GBPUSD,1.22990000
2019-09-06,JPYUSD,0.00936330
2019-09-09,AUDUSD,0.68740000
2019-09-09,CHFUSD,1.00908174
2019-09-09,EURUSD,1.10560000
2019-09-09,GBPUSD,1.23680000
2019-09-09,JPYUSD,0.00933358
2019-09-10,AUDUSD,0.68680000
2019-09-10,CHFUSD,1.00928543
2019-09-10,EURUSD,1.10420000
2019-09-10,GBPUSD,1.23550000
2019-09-10,JPYUSD,0.00931619
2019-09-11,AUDUSD,0.68580000
2019-09-11,CHFUSD,1.00674519
2019-09-11,EURUSD,1.10010000
2019-09-11,GBPUSD,1.23290000
2019-09-11,JPYUSD,0.00928247
2019-09-12,AUDUSD,0.68710000
2019-09-12,CHFUSD,1.01102012
2019-09-12,EURUSD,1.10740000
2019-09-12,GBPUSD,1.23570000
2019-09-12,JPYUSD,0.00926183
2019-09-13,AUDUSD,0.68860000
2019-09-13,CHFUSD,1.01030511
2019-09-13,EURUSD,1.10740000
2019-09-13,GBPUSD,1.24620000
2019-09-13,JPYUSD,0.00924898
2019-09-16,AUDUSD,0.68650000
2019-09-16,CHFUSD,1.00816615
2019-09-16,EURUSD,1.10060000
2019-09-16,GBPUSD,1.24230000
2019-09-16,JPYUSD,0.00926441
2019-09-17,AUDUSD,0.68580000
2019-09-17,CHFUSD,1.00755668
2019-09-17,EURUSD,1.10630000
2019-09-17,GBPUSD,1.24930000
2019-09-17,JPYUSD,0.00924898
2019-09-18,AUDUSD,0.68440000
2019-09-18,CHFUSD,1.00502513
2019-09-18,EURUSD,1.10610000
2019-09-18,GBPUSD,1.24780000
2019-09-18,JPYUSD,0.00924471
2019-09-19,AUDUSD,0.67950000
2019-09-19,CHFUSD,1.00735368
2019-09-19,EURUSD,1.10460000
2019-09-19,GBPUSD,1.24810000
2019-09-19,JPYUSD,0.00925926
2019-09-20,AUDUSD,0.67700000
2019-09-20,CHFUSD,1.00704935
2019-09-20,EURUSD,1.10040000
2019-09-20,GBPUSD,1.24890000
2019-09-20,JPYUSD,0.00926355
2019-09-23,AUDUSD,0.67720000
2019-09-23,CHFUSD,1.01071356
2019-09-23,EURUSD,1.09910000
2019-09-23,GBPUSD,1.24280000
2019-09-23,JPYUSD,0.00930492
2019-09-24,AUDUSD,0.67930000
2019-09-24,CHFUSD,1.01296596
2019-09-24,EURUSD,1.09990000
2019-09-24,GBPUSD,1.24750000
2019-09-24,JPYUSD,0.00931793
2019-09-25,AUDUSD,0.67500000
2019-09-25,CHFUSD,1.00918357
2019-09-25,EURUSD,1.09490000
2019-09-25,GBPUSD,1.23630000
2019-09-25,JPYUSD,0.00927816
2019-09-26,AUDUSD,0.67540000
2019-09-26,CHFUSD,1.00725222
2019-09-26,EURUSD,1.09380000
2019-09-26,GBPUSD,1.23430000
2019-09-26,JPYUSD,0.00928764
2019-09-27,AUDUSD,0.67640000
2019-09-27,CHFUSD,1.00816615
2019-09-27,EURUSD,1.09420000
2019-09-27,GBPUSD,1.23120000
2019-09-27,JPYUSD,0.00925497
2019-09-30,AUDUSD,0.67460000
2019-09-30,CHFUSD,1.00220485
2019-09-30,EURUSD,1.09050000
2019-09-30,GBPUSD,1.23050000
2019-09-30,JPYUSD,0.00924984
2019-10-01,AUDUSD,0.67030000
2019-10-01,CHFUSD,1.00644122
2019-10-01,EURUSD,1.09320000
2019-10-01,GBPUSD,1.22420000
2019-10-01,JPYUSD,0.00928505
2019-10-02,AUDUSD,0.66980000
2019-10-02,CHFUSD,1.00250627
2019-10-02,EURUSD,1.09510000
2019-10-02,GBPUSD,1.23130000
2019-10-02,JPYUSD,0.00932749
2019-10-03,AUDUSD,0.67510000
2019-10-03,CHFUSD,1.00260678
2019-10-03,EURUSD,1.09910000
2019-10-03,GBPUSD,1.23900000
2019-10-03,JPYUSD,0.00936680
2019-10-04,AUDUSD,0.67640000
2019-10-04,CHFUSD,1.00421771
2019-10-04,EURUSD,1.09740000
2019-10-04,GBPUSD,1.23090000
2019-10-04,JPYUSD,0.00935366
2019-10-07,AUDUSD,0.67420000
2019-10-07,CHFUSD,1.00532824
2019-10-07,EURUSD,1.09840000
2019-10-07,GBPUSD,1.23220000
2019-10-07,JPYUSD,0.00934056
2019-10-08,AUDUSD,0.67270000
2019-10-08,CHFUSD,1.00603622
2019-10-08,EURUSD,1.09490000
2019-10-08,GBPUSD,1.22060000
2019-10-08,JPYUSD,0.00934056
2019-10-09,AUDUSD,0.67300000
2019-10-09,CHFUSD,1.00502513
2019-10-09,EURUSD,1.09780000
2019-10-09,GBPUSD,1.22150000
2019-10-09,JPYUSD,0.00930839
2019-10-10,AUDUSD,0.67700000
2019-10-10,CHFUSD,1.00462126
2019-10-10,EURUSD,1.10180000
2019-10-10,GBPUSD,1.23820000
2019-10-10,JPYUSD,0.00926698
2019-10-11,AUDUSD,0.68040000
2019-10-11,CHFUSD,1.00331093
2019-10-11,EURUSD,1.10390000
2019-10-11,GBPUSD,1.26830000
2019-10-11,JPYUSD,0.00921489
2019-10-15,AUDUSD,0.67570000
2019-10-15,CHFUSD,1.00180325
2019-10-15,EURUSD,1.10360000
2019-10-15,GBPUSD,1.27370000
2019-10-15,JPYUSD,0.00918864
2019-10-16,AUDUSD,0.67550000
2019-10-16,CHFUSD,1.00411688
2019-10-16,EURUSD,1.10750000
2019-10-16,GBPUSD,1.28540000
2019-10-16,JPYUSD,0.00919879
2019-10-17,AUDUSD,0.68260000
2019-10-17,CHFUSD,1.01317123
2019-10-17,EURUSD,1.11290000
2019-10-17,GBPUSD,1.28530000
2019-10-17,JPYUSD,0.00921574
2019-10-18,AUDUSD,0.68460000
2019-10-18,CHFUSD,1.01461039
2019-10-18,EURUSD,1.11550000
2019-10-18,GBPUSD,1.29040000
2019-10-18,JPYUSD,0.00922169
2019-10-21,AUDUSD,0.68670000
2019-10-21,CHFUSD,1.01368474
2019-10-21,EURUSD,1.11450000
2019-10-21,GBPUSD,1.29830000
2019-10-21,JPYUSD,0.00921065
2019-10-22,AUDUSD,0.68630000
2019-10-22,CHFUSD,1.01122459
2019-10-22,EURUSD,1.11380000
2019-10-22,GBPUSD,1.29480000
2019-10-22,JPYUSD,0.00921150
2019-10-23,AUDUSD,0.68470000
2019-10-23,CHFUSD,1.00938730
2019-10-23,EURUSD,1.11180000
2019-10-23,GBPUSD,1.28860000
2019-10-23,JPYUSD,0.00920471
2019-10-24,AUDUSD,0.68170000
2019-10-24,CHFUSD,1.00775975
2019-10-24,EURUSD,1.10980000
2019-10-24,GBPUSD,1.28100000
2019-10-24,JPYUSD,0.00920641
2019-10-25,AUDUSD,0.68290000
2019-10-25,CHFUSD,1.00553042
2019-10-25,EURUSD,1.10810000
2019-10-25,GBPUSD,1.28330000
2019-10-25,JPYUSD,0.00919540
2019-10-28,AUDUSD,0.68390000
2019-10-28,CHFUSD,1.00401606
2019-10-28,EURUSD,1.10940000
2019-10-28,GBPUSD,1.28600000
2019-10-28,JPYUSD,0.00917263
2019-10-29,AUDUSD,0.68620000
2019-10-29,CHFUSD,1.00644122
2019-10-29,EURUSD,1.11170000
2019-10-29,GBPUSD,1.29050000
2019-10-29,JPYUSD,0.00918864
2019-10-30,AUDUSD,0.68720000
2019-10-30,CHFUSD,1.00918357
2019-10-30,EURUSD,1.11230000
2019-10-30,GBPUSD,1.28720000
2019-10-30,JPYUSD,0.00918442
2019-10-31,AUDUSD,0.68880000
2019-10-31,CHFUSD,1.01337657
2019-10-31,EURUSD,1.11550000
2019-10-31,GBPUSD,1.29390000
2019-10-31,JPYUSD,0.00925155
2019-11-01,AUDUSD,0.69140000
2019-11-01,CHFUSD,1.01471334
2019-11-01,EURUSD,1.11690000
2019-11-01,GBPUSD,1.29500000
2019-11-01,JPYUSD,0.00924556
2019-11-04,AUDUSD,0.68980000
2019-11-04,CHFUSD,1.01306858
2019-11-04,EURUSD,1.11440000
2019-11-04,GBPUSD,1.29060000
2019-11-04,JPYUSD,0.00921150
2019-11-05,AUDUSD,0.68920000
2019-11-05,CHFUSD,1.00684656
2019-11-05,EURUSD,1.10700000
2019-11-05,GBPUSD,1.28700000
2019-11-05,JPYUSD,0.00916338
2019-11-06,AUDUSD,0.68810000
2019-11-06,CHFUSD,1.00806452
2019-11-06,EURUSD,1.10760000
2019-11-06,GBPUSD,1.28720000
2019-11-06,JPYUSD,0.00918611
2019-11-07,AUDUSD,0.68950000
2019-11-07,CHFUSD,1.00462126
2019-11-07,EURUSD,1.10450000
2019-11-07,GBPUSD,1.28290000
2019-11-07,JPYUSD,0.00913910
2019-11-08,AUDUSD,0.68540000
2019-11-08,CHFUSD,1.00290843
2019-11-08,EURUSD,1.10190000
2019-11-08,GBPUSD,1.27900000
2019-11-08,JPYUSD,0.00916254
2019-11-12,AUDUSD,0.68460000
2019-11-12,CHFUSD,1.00715077
2019-11-12,EURUSD,1.10170000
2019-11-12,GBPUSD,1.28550000
2019-11-12,JPYUSD,0.00916674
2019-11-13,AUDUSD,0.68310000
2019-11-13,CHFUSD,1.01091791
2019-11-13,EURUSD,1.10040000
2019-11-13,GBPUSD,1.28400000
2019-11-13,JPYUSD,0.00918864
2019-11-14,AUDUSD,0.67800000
2019-11-14,CHFUSD,1.01235068
2019-11-14,EURUSD,1.10160000
2019-11-14,GBPUSD,1.28790000
2019-11-14,JPYUSD,0.00923105
2019-11-15,AUDUSD,0.68100000
2019-11-15,CHFUSD,1.00979501
2019-11-15,EURUSD,1.10460000
2019-11-15,GBPUSD,1.29010000
2019-11-15,JPYUSD,0.00919118
2019-11-18,AUDUSD,0.68200000
2019-11-18,CHFUSD,1.01224820
2019-11-18,EURUSD,1.10790000
2019-11-18,GBPUSD,1.29650000
2019-11-18,JPYUSD,0.00920726
2019-11-19,AUDUSD,0.68260000
2019-11-19,CHFUSD,1.00887813
2019-11-19,EURUSD,1.10750000
2019-11-19,GBPUSD,1.29260000
2019-11-19,JPYUSD,0.00920895
2019-11-20,AUDUSD,0.67970000
2019-11-20,CHFUSD,1.00796291
2019-11-20,EURUSD,1.10630000
2019-11-20,GBPUSD,1.29180000
2019-11-20,JPYUSD,0.00920217
2019-11-21,AUDUSD,0.67930000
2019-11-21,CHFUSD,1.00806452
2019-11-21,EURUSD,1.10670000
2019-11-21,GBPUSD,1.29150000
2019-11-21,JPYUSD,0.00921404
2019-11-22,AUDUSD,0.67840000
2019-11-22,CHFUSD,1.00331093
2019-11-22,EURUSD,1.10290000
2019-11-22,GBPUSD,1.28290000
2019-11-22,JPYUSD,0.00920217
2019-11-25,AUDUSD,0.67700000
2019-11-25,CHFUSD,1.00361301
2019-11-25,EURUSD,1.10090000
2019-11-25,GBPUSD,1.28850000
2019-11-25,JPYUSD,0.00917852
2019-11-26,AUDUSD,0.67870000
2019-11-26,CHFUSD,1.00220485
2019-11-26,EURUSD,1.10120000
2019-11-26,GBPUSD,1.28500000
2019-11-26,JPYUSD,0.00916506
2019-11-27,AUDUSD,0.67800000
2019-11-27,CHFUSD,1.00040016
2019-11-27,EURUSD,1.10020000
2019-11-27,GBPUSD,1.28810000
2019-11-27,JPYUSD,0.00914244
2019-11-29,AUDUSD,0.67620000
2019-11-29,CHFUSD,0.99990001
2019-11-29,EURUSD,1.10190000
2019-11-29,GBPUSD,1.29390000
2019-11-29,JPYUSD,0.00913492
2019-12-02,AUDUSD,0.68190000
2019-12-02,CHFUSD,1.00806452
2019-12-02,EURUSD,1.10750000
2019-12-02,GBPUSD,1.29360000
2019-12-02,JPYUSD,0.00916674
2019-12-03,AUDUSD,0.68410000
2019-12-03,CHFUSD,1.01399310
2019-12-03,EURUSD,1.10890000
2019-12-03,GBPUSD,1.30020000
2019-12-03,JPYUSD,0.00921404
2019-12-04,AUDUSD,0.68510000
2019-12-04,CHFUSD,1.01081573
2019-12-04,EURUSD,1.10760000
2019-12-04,GBPUSD,1.30950000
2019-12-04,JPYUSD,0.00918527
2019-12-05,AUDUSD,0.68340000
2019-12-05,CHFUSD,1.01296596
2019-12-05,EURUSD,1.11040000
2019-12-05,GBPUSD,1.31650000
2019-12-05,JPYUSD,0.00920048
2019-12-06,AUDUSD,0.68360000
2019-12-06,CHFUSD,1.00918357
2019-12-06,EURUSD,1.10520000
2019-12-06,GBPUSD,1.31270000
2019-12-06,JPYUSD,0.00920302
2019-12-09,AUDUSD,0.68320000
2019-12-09,CHFUSD,1.01224820
2019-12-09,EURUSD,1.10670000
2019-12-09,GBPUSD,1.31570000
2019-12-09,JPYUSD,0.00920895
2019-12-10,AUDUSD,0.68140000
2019-12-10,CHFUSD,1.01502233
2019-12-10,EURUSD,1.10900000
2019-12-10,GBPUSD,1.31780000
2019-12-10,JPYUSD,0.00919709
2019-12-11,AUDUSD,0.68640000
2019-12-11,CHFUSD,1.01461039
2019-12-11,EURUSD,1.10920000
2019-12-11,GBPUSD,1.31760000
2019-12-11,JPYUSD,0.00920217
2019-12-12,AUDUSD,0.68960000
2019-12-12,CHFUSD,1.01419878
2019-12-12,EURUSD,1.11150000
2019-12-12,GBPUSD,1.31330000
2019-12-12,JPYUSD,0.00916086
2019-12-13,AUDUSD,0.68710000
2019-12-13,CHFUSD,1.01646676
2019-12-13,EURUSD,1.11280000
2019-12-13,GBPUSD,1.33490000
2019-12-13,JPYUSD,0.00915081
2019-12-16,AUDUSD,0.68870000
2019-12-16,CHFUSD,1.01636345
2019-12-16,EURUSD,1.11390000
2019-12-16,GBPUSD,1.33300000
2019-12-16,JPYUSD,0.00912076
2019-12-17,AUDUSD,0.68470000
2019-12-17,CHFUSD,1.01926409
2019-12-17,EURUSD,1.11480000
2019-12-17,GBPUSD,1.31160000
2019-12-17,JPYUSD,0.00913075
2019-12-18,AUDUSD,0.68540000
2019-12-18,CHFUSD,1.01843365
2019-12-18,EURUSD,1.11130000
2019-12-18,GBPUSD,1.30780000
2019-12-18,JPYUSD,0.00912575
2019-12-19,AUDUSD,0.68870000
2019-12-19,CHFUSD,1.02280863
2019-12-19,EURUSD,1.11280000
2019-12-19,GBPUSD,1.30340000
2019-12-19,JPYUSD,0.00915499
2019-12-20,AUDUSD,0.69020000
2019-12-20,CHFUSD,1.01791531
2019-12-20,EURUSD,1.10760000
2019-12-20,GBPUSD,1.30360000
2019-12-20,JPYUSD,0.00913659
2019-12-23,AUDUSD,0.69170000
2019-12-23,CHFUSD,1.01832994
2019-12-23,EURUSD,1.10910000
2019-12-23,GBPUSD,1.29170000
2019-12-23,JPYUSD,0.00914160
2019-12-24,AUDUSD,0.69230000
2019-12-24,CHFUSD,1.01967982
2019-12-24,EURUSD,1.10840000
2019-12-24,GBPUSD,1.29550000
2019-12-24,JPYUSD,0.00914244
2019-12-26,AUDUSD,0.69390000
2019-12-26,CHFUSD,1.01957586
2019-12-26,EURUSD,1.11020000
2019-12-26,GBPUSD,1.30070000
2019-12-26,JPYUSD,0.00911826
2019-12-27,AUDUSD,0.69780000
2019-12-27,CHFUSD,1.02658865
2019-12-27,EURUSD,1.11740000
2019-12-27,GBPUSD,1.30900000
2019-12-27,JPYUSD,0.00913492
2019-12-30,AUDUSD,0.70040000
2019-12-30,CHFUSD,1.03337811
2019-12-30,EURUSD,1.12170000
2019-12-30,GBPUSD,1.31400000
2019-12-30,JPYUSD,0.00918695
2019-12-31,AUDUSD,0.70300000
2019-12-31,CHFUSD,1.03337811
2019-12-31,EURUSD,1.12270000
2019-12-31,GBPUSD,1.32690000
2019-12-31,JPYUSD,0.00920217
2020-01-02,AUDUSD,0.69820000
2020-01-02,CHFUSD,1.02870075
2020-01-02,EURUSD,1.11660000
2020-01-02,GBPUSD,1.31280000
2020-01-02,JPYUSD,0.00922254
2020-01-03,AUDUSD,0.69630000
2020-01-03,CHFUSD,1.03060909
2020-01-03,EURUSD,1.11730000
2020-01-03,GBPUSD,1.30910000
2020-01-03,JPYUSD,0.00926441
2020-01-06,AUDUSD,0.69320000
2020-01-06,CHFUSD,1.03220479
2020-01-06,EURUSD,1.11870000
2020-01-06,GBPUSD,1.31630000
2020-01-06,JPYUSD,0.00922850
2020-01-07,AUDUSD,0.68610000
2020-01-07,CHFUSD,1.02923014
2020-01-07,EURUSD,1.11380000
2020-01-07,GBPUSD,1.31270000
2020-01-07,JPYUSD,0.00921404
2020-01-08,AUDUSD,0.68700000
2020-01-08,CHFUSD,1.02827763
2020-01-08,EURUSD,1.11170000
2020-01-08,GBPUSD,1.31100000
2020-01-08,JPYUSD,0.00917179
2020-01-09,AUDUSD,0.68560000
2020-01-09,CHFUSD,1.02838338
2020-01-09,EURUSD,1.11060000
2020-01-09,GBPUSD,1.30690000
2020-01-09,JPYUSD,0.00913492
2020-01-10,AUDUSD,0.69030000
2020-01-10,CHFUSD,1.02785487
2020-01-10,EURUSD,1.11190000
2020-01-10,GBPUSD,1.30600000
2020-01-10,JPYUSD,0.00913242
2020-01-13,AUDUSD,0.69110000
2020-01-13,CHFUSD,1.03039670
2020-01-13,EURUSD,1.11380000
2020-01-13,GBPUSD,1.29830000
2020-01-13,JPYUSD,0.00909670
2020-01-14,AUDUSD,0.69050000
2020-01-14,CHFUSD,1.03337811
2020-01-14,EURUSD,1.11300000
2020-01-14,GBPUSD,1.30180000
2020-01-14,JPYUSD,0.00908678
2020-01-15,AUDUSD,0.69110000
2020-01-15,CHFUSD,1.03799045
2020-01-15,EURUSD,1.11600000
2020-01-15,GBPUSD,1.30300000
2020-01-15,JPYUSD,0.00909587
2020-01-16,AUDUSD,0.68950000
2020-01-16,CHFUSD,1.03626943
2020-01-16,EURUSD,1.11310000
2020-01-16,GBPUSD,1.30760000
2020-01-16,JPYUSD,0.00907771
2020-01-17,AUDUSD,0.68770000
2020-01-17,CHFUSD,1.03273779
2020-01-17,EURUSD,1.10930000
2020-01-17,GBPUSD,1.30290000
2020-01-17,JPYUSD,0.00907771
2020-01-21,AUDUSD,0.68530000
2020-01-21,CHFUSD,1.03295114
2020-01-21,EURUSD,1.10960000
2020-01-21,GBPUSD,1.30470000
2020-01-21,JPYUSD,0.00909504
2020-01-22,AUDUSD,0.68360000
2020-01-22,CHFUSD,1.03135314
2020-01-22,EURUSD,1.10850000
2020-01-22,GBPUSD,1.31360000
2020-01-22,JPYUSD,0.00909670
2020-01-23,AUDUSD,0.68340000
2020-01-23,CHFUSD,1.03114044
2020-01-23,EURUSD,1.10410000
2020-01-23,GBPUSD,1.31040000
2020-01-23,JPYUSD,0.00914160
2020-01-24,AUDUSD,0.68240000
2020-01-24,CHFUSD,1.02965404
2020-01-24,EURUSD,1.10260000
2020-01-24,GBPUSD,1.30710000
2020-01-24,JPYUSD,0.00914829
2020-01-27,AUDUSD,0.67570000
2020-01-27,CHFUSD,1.03145952
2020-01-27,EURUSD,1.10190000
2020-01-27,GBPUSD,1.30540000
2020-01-27,JPYUSD,0.00917852
2020-01-28,AUDUSD,0.67530000
2020-01-28,CHFUSD,1.02690491
2020-01-28,EURUSD,1.10080000
2020-01-28,GBPUSD,1.29960000
2020-01-28,JPYUSD,0.00916003
2020-01-29,AUDUSD,0.67440000
2020-01-29,CHFUSD,1.02595670
2020-01-29,EURUSD,1.10040000
2020-01-29,GBPUSD,1.30120000
2020-01-29,JPYUSD,0.00916170
2020-01-30,AUDUSD,0.67150000
2020-01-30,CHFUSD,1.03177879
2020-01-30,EURUSD,1.10320000
2020-01-30,GBPUSD,1.31060000
2020-01-30,JPYUSD,0.00919540
2020-01-31,AUDUSD,0.66990000
2020-01-31,CHFUSD,1.03680664
2020-01-31,EURUSD,1.10820000
2020-01-31,GBPUSD,1.31950000
2020-01-31,JPYUSD,0.00921659
2020-02-03,AUDUSD,0.66880000
2020-02-03,CHFUSD,1.03573278
2020-02-03,EURUSD,1.10620000
2020-02-03,GBPUSD,1.30060000
2020-02-03,JPYUSD,0.00920895
2020-02-04,AUDUSD,0.67320000
2020-02-04,CHFUSD,1.03167234
2020-02-04,EURUSD,1.10430000
2020-02-04,GBPUSD,1.30290000
2020-02-04,JPYUSD,0.00913993
2020-02-05,AUDUSD,0.67480000
2020-02-05,CHFUSD,1.02785487
2020-02-05,EURUSD,1.10060000
2020-02-05,GBPUSD,1.30000000
2020-02-05,JPYUSD,0.00911245
2020-02-06,AUDUSD,0.67380000
2020-02-06,CHFUSD,1.02564103
2020-02-06,EURUSD,1.09790000
2020-02-06,GBPUSD,1.29350000
2020-02-06,JPYUSD,0.00910001
2020-02-07,AUDUSD,0.66790000
2020-02-07,CHFUSD,1.02280863
2020-02-07,EURUSD,1.09500000
2020-02-07,GBPUSD,1.29080000
2020-02-07,JPYUSD,0.00910664
2020-02-10,AUDUSD,0.66740000
2020-02-10,CHFUSD,1.02270403
2020-02-10,EURUSD,1.09160000
2020-02-10,GBPUSD,1.29190000
2020-02-10,JPYUSD,0.00910996
2020-02-11,AUDUSD,0.67120000
2020-02-11,CHFUSD,1.02448520
2020-02-11,EURUSD,1.09170000
2020-02-11,GBPUSD,1.29450000
2020-02-11,JPYUSD,0.00910913
2020-02-12,AUDUSD,0.67460000
2020-02-12,CHFUSD,1.02385584
2020-02-12,EURUSD,1.08930000
2020-02-12,GBPUSD,1.29780000
2020-02-12,JPYUSD,0.00909091
2020-02-13,AUDUSD,0.67290000
2020-02-13,CHFUSD,1.02165917
2020-02-13,EURUSD,1.08480000
2020-02-13,GBPUSD,1.30510000
2020-02-13,JPYUSD,0.00910664
2020-02-14,AUDUSD,0.67190000
2020-02-14,CHFUSD,1.01853738
2020-02-14,EURUSD,1.08390000
2020-02-14,GBPUSD,1.30390000
2020-02-14,JPYUSD,0.00910996
2020-02-18,AUDUSD,0.66930000
2020-02-18,CHFUSD,1.01895252
2020-02-18,EURUSD,1.08150000
2020-02-18,GBPUSD,1.30170000
2020-02-18,JPYUSD,0.00910747
2020-02-19,AUDUSD,0.66730000
2020-02-19,CHFUSD,1.01636345
2020-02-19,EURUSD,1.07940000
2020-02-19,GBPUSD,1.29340000
2020-02-19,JPYUSD,0.00899523
2020-02-20,AUDUSD,0.66180000
2020-02-20,CHFUSD,1.01719052
2020-02-20,EURUSD,1.07970000
2020-02-20,GBPUSD,1.28770000
2020-02-20,JPYUSD,0.00893975
2020-02-21,AUDUSD,0.66320000
2020-02-21,CHFUSD,1.02239035
2020-02-21,EURUSD,1.08550000
2020-02-21,GBPUSD,1.29660000
2020-02-21,JPYUSD,0.00894935
2020-02-24,AUDUSD,0.66120000
2020-02-24,CHFUSD,1.02291326
2020-02-24,EURUSD,1.08570000
2020-02-24,GBPUSD,1.29230000
2020-02-24,JPYUSD,0.00904486
2020-02-25,AUDUSD,0.65970000
2020-02-25,CHFUSD,1.02406554
2020-02-25,EURUSD,1.08680000
2020-02-25,GBPUSD,1.30040000
2020-02-25,JPYUSD,0.00907194
2020-02-26,AUDUSD,0.65560000
2020-02-26,CHFUSD,1.02469515
2020-02-26,EURUSD,1.08870000
2020-02-26,GBPUSD,1.29210000
2020-02-26,JPYUSD,0.00906125
2020-02-27,AUDUSD,0.65820000
2020-02-27,CHFUSD,1.02901832
2020-02-27,EURUSD,1.09770000
2020-02-27,GBPUSD,1.28760000
2020-02-27,JPYUSD,0.00907853
2020-02-28,AUDUSD,0.64950000
2020-02-28,CHFUSD,1.03401923
2020-02-28,EURUSD,1.10010000
2020-02-28,GBPUSD,1.27780000
2020-02-28,JPYUSD,0.00924898
2020-03-02,AUDUSD,0.65240000
2020-03-02,CHFUSD,1.04416832
2020-03-02,EURUSD,1.11640000
2020-03-02,GBPUSD,1.27910000
2020-03-02,JPYUSD,0.00925754
2020-03-03,AUDUSD,0.66170000
2020-03-03,CHFUSD,1.04569696
2020-03-03,EURUSD,1.11750000
2020-03-03,GBPUSD,1.28270000
2020-03-03,JPYUSD,0.00932140
2020-03-04,AUDUSD,0.66090000
2020-03-04,CHFUSD,1.04668202
2020-03-04,EURUSD,1.11300000
2020-03-04,GBPUSD,1.28360000
2020-03-04,JPYUSD,0.00931619
2020-03-05,AUDUSD,0.66000000
2020-03-05,CHFUSD,1.05407400
2020-03-05,EURUSD,1.12020000
2020-03-05,GBPUSD,1.29390000
2020-03-05,JPYUSD,0.00938438
2020-03-06,AUDUSD,0.66340000
2020-03-06,CHFUSD,1.06780566
2020-03-06,EURUSD,1.13190000
2020-03-06,GBPUSD,1.30100000
2020-03-06,JPYUSD,0.00949577
2020-03-09,AUDUSD,0.66540000
2020-03-09,CHFUSD,1.07573150
2020-03-09,EURUSD,1.14200000
2020-03-09,GBPUSD,1.31000000
2020-03-09,JPYUSD,0.00975419
2020-03-10,AUDUSD,0.64700000
2020-03-10,CHFUSD,1.07181136
2020-03-10,EURUSD,1.13420000
2020-03-10,GBPUSD,1.29330000
2020-03-10,JPYUSD,0.00964227
2020-03-11,AUDUSD,0.65120000
2020-03-11,CHFUSD,1.06598444
2020-03-11,EURUSD,1.12800000
2020-03-11,GBPUSD,1.28870000
2020-03-11,JPYUSD,0.00954107
2020-03-12,AUDUSD,0.62800000
2020-03-12,CHFUSD,1.04821803
2020-03-12,EURUSD,1.10810000
2020-03-12,GBPUSD,1.25410000
2020-03-12,JPYUSD,0.00946342
2020-03-13,AUDUSD,0.61610000
2020-03-13,CHFUSD,1.04810816
2020-03-13,EURUSD,1.10660000
2020-03-13,GBPUSD,1.24060000
2020-03-13,JPYUSD,0.00933271
2020-03-16,AUDUSD,0.61320000
2020-03-16,CHFUSD,1.05630083
2020-03-16,EURUSD,1.11390000
2020-03-16,GBPUSD,1.22780000
2020-03-16,JPYUSD,0.00946611
2020-03-17,AUDUSD,0.59760000
2020-03-17,CHFUSD,1.03659169
2020-03-17,EURUSD,1.09710000
2020-03-17,GBPUSD,1.20170000
2020-03-17,JPYUSD,0.00931012
2020-03-18,AUDUSD,0.58200000
2020-03-18,CHFUSD,1.02806621
2020-03-18,EURUSD,1.08330000
2020-03-18,GBPUSD,1.17600000
2020-03-18,JPYUSD,0.00922084
2020-03-19,AUDUSD,0.58590000
2020-03-19,CHFUSD,1.01553773
2020-03-19,EURUSD,1.06990000
2020-03-19,GBPUSD,1.16620000
2020-03-19,JPYUSD,0.00908430
2020-03-20,AUDUSD,0.58410000
2020-03-20,CHFUSD,1.01358200
2020-03-20,EURUSD,1.06820000
2020-03-20,GBPUSD,1.17430000
2020-03-20,JPYUSD,0.00898473
2020-03-23,AUDUSD,0.57550000
2020-03-23,CHFUSD,1.01791531
2020-03-23,EURUSD,1.07600000
2020-03-23,GBPUSD,1.14920000
2020-03-23,JPYUSD,0.00897989
2020-03-24,AUDUSD,0.59270000
2020-03-24,CHFUSD,1.01905635
2020-03-24,EURUSD,1.07940000
2020-03-24,GBPUSD,1.17840000
2020-03-24,JPYUSD,0.00897344
2020-03-25,AUDUSD,0.59570000
2020-03-25,CHFUSD,1.02239035
2020-03-25,EURUSD,1.08350000
2020-03-25,GBPUSD,1.17630000
2020-03-25,JPYUSD,0.00897424
2020-03-26,AUDUSD,0.60540000
2020-03-26,CHFUSD,1.03680664
2020-03-26,EURUSD,1.10250000
2020-03-26,GBPUSD,1.21400000
2020-03-26,JPYUSD,0.00913659
2020-03-27,AUDUSD,0.61260000
2020-03-27,CHFUSD,1.04624398
2020-03-27,EURUSD,1.10590000
2020-03-27,GBPUSD,1.23600000
2020-03-27,JPYUSD,0.00924556
2020-03-30,AUDUSD,0.61450000
2020-03-30,CHFUSD,1.04101603
2020-03-30,EURUSD,1.10180000
2020-03-30,GBPUSD,1.23920000
2020-03-30,JPYUSD,0.00925412
2020-03-31,AUDUSD,0.61390000
2020-03-31,CHFUSD,1.03874520
2020-03-31,EURUSD,1.10160000
2020-03-31,GBPUSD,1.24540000
2020-03-31,JPYUSD,0.00929973
2020-04-01,AUDUSD,0.61070000
2020-04-01,CHFUSD,1.03359173
2020-04-01,EURUSD,1.09340000
2020-04-01,GBPUSD,1.23940000
2020-04-01,JPYUSD,0.00934143
2020-04-02,AUDUSD,0.60470000
2020-04-02,CHFUSD,1.02806621
2020-04-02,EURUSD,1.08620000
2020-04-02,GBPUSD,1.23800000
2020-04-02,JPYUSD,0.00927214
2020-04-03,AUDUSD,0.60010000
2020-04-03,CHFUSD,1.02280863
2020-04-03,EURUSD,1.07970000
2020-04-03,GBPUSD,1.22280000
2020-04-03,JPYUSD,0.00921404
2020-04-06,AUDUSD,0.60960000
2020-04-06,CHFUSD,1.02375102
2020-04-06,EURUSD,1.08080000
2020-04-06,GBPUSD,1.22980000
2020-04-06,JPYUSD,0.00916506
2020-04-07,AUDUSD,0.61870000
2020-04-07,CHFUSD,1.03018440
2020-04-07,EURUSD,1.08860000
2020-04-07,GBPUSD,1.23430000
2020-04-07,JPYUSD,0.00917684
2020-04-08,AUDUSD,0.62230000
2020-04-08,CHFUSD,1.02986612
2020-04-08,EURUSD,1.08640000
2020-04-08,GBPUSD,1.23940000
2020-04-08,JPYUSD,0.00919963
2020-04-09,AUDUSD,0.63090000
2020-04-09,CHFUSD,1.03519669
2020-04-09,EURUSD,1.09310000
2020-04-09,GBPUSD,1.24580000
2020-04-09,JPYUSD,0.00922679
2020-04-10,AUDUSD,0.63490000
2020-04-10,CHFUSD,1.03648425
2020-04-10,EURUSD,1.09510000
2020-04-10,GBPUSD,1.24850000
2020-04-10,JPYUSD,0.00922594
2020-04-13,AUDUSD,0.63800000
2020-04-13,CHFUSD,1.03369857
2020-04-13,EURUSD,1.09060000
2020-04-13,GBPUSD,1.25180000
2020-04-13,JPYUSD,0.00929454
2020-04-14,AUDUSD,0.64190000
2020-04-14,CHFUSD,1.04101603
2020-04-14,EURUSD,1.09710000
2020-04-14,GBPUSD,1.26170000
2020-04-14,JPYUSD,0.00933881
2020-04-15,AUDUSD,0.63280000
2020-04-15,CHFUSD,1.03659169
2020-04-15,EURUSD,1.09090000
2020-04-15,GBPUSD,1.25230000
2020-04-15,JPYUSD,0.00930925
2020-04-16,AUDUSD,0.63010000
2020-04-16,CHFUSD,1.03145952
2020-04-16,EURUSD,1.08400000
2020-04-16,GBPUSD,1.24330000
2020-04-16,JPYUSD,0.00928333
2020-04-17,AUDUSD,0.63570000
2020-04-17,CHFUSD,1.03498241
2020-04-17,EURUSD,1.08830000
2020-04-17,GBPUSD,1.25030000
2020-04-17,JPYUSD,0.00930060
2020-04-20,AUDUSD,0.63870000
2020-04-20,CHFUSD,1.03412616
2020-04-20,EURUSD,1.08740000
2020-04-20,GBPUSD,1.24670000
2020-04-20,JPYUSD,0.00928591
2020-04-21,AUDUSD,0.62790000
2020-04-21,CHFUSD,1.03188525
2020-04-21,EURUSD,1.08540000
2020-04-21,GBPUSD,1.22660000
2020-04-21,JPYUSD,0.00928591
2020-04-22,AUDUSD,0.63200000
2020-04-22,CHFUSD,1.02976007
2020-04-22,EURUSD,1.08290000
2020-04-22,GBPUSD,1.23320000
2020-04-22,JPYUSD,0.00927558
2020-04-23,AUDUSD,0.63880000
2020-04-23,CHFUSD,1.02764361
2020-04-23,EURUSD,1.08150000
2020-04-23,GBPUSD,1.23690000
2020-04-23,JPYUSD,0.00928936
2020-04-24,AUDUSD,0.63770000
2020-04-24,CHFUSD,1.02564103
2020-04-24,EURUSD,1.07980000
2020-04-24,GBPUSD,1.23350000
2020-04-24,JPYUSD,0.00930752
2020-04-27,AUDUSD,0.64600000
2020-04-27,CHFUSD,1.02501025
2020-04-27,EURUSD,1.08290000
2020-04-27,GBPUSD,1.24210000
2020-04-27,JPYUSD,0.00932662
2020-04-28,AUDUSD,0.64990000
2020-04-28,CHFUSD,1.02637791
2020-04-28,EURUSD,1.08360000
2020-04-28,GBPUSD,1.24380000
2020-04-28,JPYUSD,0.00936067
2020-04-29,AUDUSD,0.65360000
2020-04-29,CHFUSD,1.02585146
2020-04-29,EURUSD,1.08530000
2020-04-29,GBPUSD,1.24290000
2020-04-29,JPYUSD,0.00937471
2020-04-30,AUDUSD,0.65230000
2020-04-30,CHFUSD,1.03423312
2020-04-30,EURUSD,1.09340000
2020-04-30,GBPUSD,1.26020000
2020-04-30,JPYUSD,0.00935104
2020-05-01,AUDUSD,0.64240000
2020-05-01,CHFUSD,1.04177518
2020-05-01,EURUSD,1.09980000
2020-05-01,GBPUSD,1.25090000
2020-05-01,JPYUSD,0.00936680
2020-05-04,AUDUSD,0.64120000
2020-05-04,CHFUSD,1.03659169
2020-05-04,EURUSD,1.09110000
2020-05-04,GBPUSD,1.24300000
2020-05-04,JPYUSD,0.00936154
2020-05-05,AUDUSD,0.64580000
2020-05-05,CHFUSD,1.02870075
2020-05-05,EURUSD,1.08440000
2020-05-05,GBPUSD,1.24490000
2020-05-05,JPYUSD,0.00938791
2020-05-06,AUDUSD,0.64140000
2020-05-06,CHFUSD,1.02616727
2020-05-06,EURUSD,1.08060000
2020-05-06,GBPUSD,1.23470000
2020-05-06,JPYUSD,0.00942774
2020-05-07,AUDUSD,0.65000000
2020-05-07,CHFUSD,1.02606197
2020-05-07,EURUSD,1.08150000
2020-05-07,GBPUSD,1.23490000
2020-05-07,JPYUSD,0.00940203
2020-05-08,AUDUSD,0.65430000
2020-05-08,CHFUSD,1.03103413
2020-05-08,EURUSD,1.08540000
2020-05-08,GBPUSD,1.24360000
2020-05-08,JPYUSD,0.00938967
2020-05-11,AUDUSD,0.64720000
2020-05-11,CHFUSD,1.02859494
2020-05-11,EURUSD,1.08180000
2020-05-11,GBPUSD,1.23300000
2020-05-11,JPYUSD,0.00928505
2020-05-12,AUDUSD,0.65090000
2020-05-12,CHFUSD,1.03305785
2020-05-12,EURUSD,1.08640000
2020-05-12,GBPUSD,1.22990000
2020-05-12,JPYUSD,0.00931706
2020-05-13,AUDUSD,0.64630000
2020-05-13,CHFUSD,1.03050289
2020-05-13,EURUSD,1.08370000
2020-05-13,GBPUSD,1.22250000
2020-05-13,JPYUSD,0.00935279
2020-05-14,AUDUSD,0.64220000
2020-05-14,CHFUSD,1.02806621
2020-05-14,EURUSD,1.08000000
2020-05-14,GBPUSD,1.21940000
2020-05-14,JPYUSD,0.00933794
2020-05-15,AUDUSD,0.64100000
2020-05-15,CHFUSD,1.02817191
2020-05-15,EURUSD,1.08160000
2020-05-15,GBPUSD,1.21290000
2020-05-15,JPYUSD,0.00932227
2020-05-18,AUDUSD,0.65130000
2020-05-18,CHFUSD,1.03103413
2020-05-18,EURUSD,1.09040000
2020-05-18,GBPUSD,1.22110000
2020-05-18,JPYUSD,0.00932401
2020-05-19,AUDUSD,0.65670000
2020-05-19,CHFUSD,1.02827763
2020-05-19,EURUSD,1.09370000
2020-05-19,GBPUSD,1.22550000
2020-05-19,JPYUSD,0.00926870
2020-05-20,AUDUSD,0.66010000
2020-05-20,CHFUSD,1.03637683
2020-05-20,EURUSD,1.09800000
2020-05-20,GBPUSD,1.22570000
2020-05-20,JPYUSD,0.00930579
2020-05-21,AUDUSD,0.65620000
2020-05-21,CHFUSD,1.03060909
2020-05-21,EURUSD,1.09530000
2020-05-21,GBPUSD,1.22270000
2020-05-21,JPYUSD,0.00928591
2020-05-22,AUDUSD,0.65280000
2020-05-22,CHFUSD,1.02859494
2020-05-22,EURUSD,1.08940000
2020-05-22,GBPUSD,1.21780000
2020-05-22,JPYUSD,0.00930233
2020-05-26,AUDUSD,0.66440000
2020-05-26,CHFUSD,1.03434009
2020-05-26,EURUSD,1.09700000
2020-05-26,GBPUSD,1.23370000
2020-05-26,JPYUSD,0.00929023
2020-05-27,AUDUSD,0.65900000
2020-05-27,CHFUSD,1.03135314
2020-05-27,EURUSD,1.09690000
2020-05-27,GBPUSD,1.22310000
2020-05-27,JPYUSD,0.00927730
2020-05-28,AUDUSD,0.66640000
2020-05-28,CHFUSD,1.03712923
2020-05-28,EURUSD,1.10690000
2020-05-28,GBPUSD,1.23250000
2020-05-28,JPYUSD,0.00928764
2020-05-29,AUDUSD,0.66420000
2020-05-29,CHFUSD,1.03971720
2020-05-29,EURUSD,1.11070000
2020-05-29,GBPUSD,1.23200000
2020-05-29,JPYUSD,0.00927902
2020-06-01,AUDUSD,0.67850000
2020-06-01,CHFUSD,1.04025798
2020-06-01,EURUSD,1.11230000
2020-06-01,GBPUSD,1.24720000
2020-06-01,JPYUSD,0.00929714
2020-06-02,AUDUSD,0.68720000
2020-06-02,CHFUSD,1.03917697
2020-06-02,EURUSD,1.11660000
2020-06-02,GBPUSD,1.25310000
2020-06-02,JPYUSD,0.00920810
2020-06-03,AUDUSD,0.69480000
2020-06-03,CHFUSD,1.04025798
2020-06-03,EURUSD,1.12460000
2020-06-03,GBPUSD,1.26000000
2020-06-03,JPYUSD,0.00918442
2020-06-04,AUDUSD,0.69440000
2020-06-04,CHFUSD,1.04547831
2020-06-04,EURUSD,1.13220000
2020-06-04,GBPUSD,1.26080000
2020-06-04,JPYUSD,0.00917431
2020-06-05,AUDUSD,0.69830000
2020-06-05,CHFUSD,1.03928497
2020-06-05,EURUSD,1.12970000
2020-06-05,GBPUSD,1.27030000
2020-06-05,JPYUSD,0.00911743
2020-06-08,AUDUSD,0.69950000
2020-06-08,CHFUSD,1.04525975
2020-06-08,EURUSD,1.12930000
2020-06-08,GBPUSD,1.26940000
2020-06-08,JPYUSD,0.00921999
2020-06-09,AUDUSD,0.69640000
2020-06-09,CHFUSD,1.05407400
2020-06-09,EURUSD,1.13480000
2020-06-09,GBPUSD,1.27360000
2020-06-09,JPYUSD,0.00928850
2020-06-10,AUDUSD,0.70040000
2020-06-10,CHFUSD,1.05820106
2020-06-10,EURUSD,1.13550000
2020-06-10,GBPUSD,1.27580000
2020-06-10,JPYUSD,0.00932401
2020-06-11,AUDUSD,0.68890000
2020-06-11,CHFUSD,1.06587082
2020-06-11,EURUSD,1.13780000
2020-06-11,GBPUSD,1.26350000
2020-06-11,JPYUSD,0.00937471
2020-06-12,AUDUSD,0.68540000
2020-06-12,CHFUSD,1.05097215
2020-06-12,EURUSD,1.12530000
2020-06-12,GBPUSD,1.25270000
2020-06-12,JPYUSD,0.00931446
2020-06-15,AUDUSD,0.68510000
2020-06-15,CHFUSD,1.05229927
2020-06-15,EURUSD,1.12700000
2020-06-15,GBPUSD,1.25430000
2020-06-15,JPYUSD,0.00931706
2020-06-16,AUDUSD,0.68860000
2020-06-16,CHFUSD,1.05329682
2020-06-16,EURUSD,1.12590000
2020-06-16,GBPUSD,1.25860000
2020-06-16,JPYUSD,0.00931532
2020-06-17,AUDUSD,0.68970000
2020-06-17,CHFUSD,1.05130362
2020-06-17,EURUSD,1.12190000
2020-06-17,GBPUSD,1.25260000
2020-06-17,JPYUSD,0.00932314
2020-06-18,AUDUSD,0.68470000
2020-06-18,CHFUSD,1.05152471
2020-06-18,EURUSD,1.12160000
2020-06-18,GBPUSD,1.24300000
2020-06-18,JPYUSD,0.00936505
2020-06-19,AUDUSD,0.68560000
2020-06-19,CHFUSD,1.05053052
2020-06-19,EURUSD,1.11890000
2020-06-19,GBPUSD,1.23620000
2020-06-19,JPYUSD,0.00935541
2020-06-22,AUDUSD,0.69040000
2020-06-22,CHFUSD,1.05540897
2020-06-22,EURUSD,1.12600000
2020-06-22,GBPUSD,1.24470000
2020-06-22,JPYUSD,0.00935979
2020-06-23,AUDUSD,0.69550000
2020-06-23,CHFUSD,1.05954651
2020-06-23,EURUSD,1.13220000
2020-06-23,GBPUSD,1.25310000
2020-06-23,JPYUSD,0.00939496
2020-06-24,AUDUSD,0.68750000
2020-06-24,CHFUSD,1.05585471
2020-06-24,EURUSD,1.12720000
2020-06-24,GBPUSD,1.24320000
2020-06-24,JPYUSD,0.00936067
2020-06-25,AUDUSD,0.68680000
2020-06-25,CHFUSD,1.05429626
2020-06-25,EURUSD,1.12210000
2020-06-25,GBPUSD,1.24060000
2020-06-25,JPYUSD,0.00932749
2020-06-26,AUDUSD,0.68610000
2020-06-26,CHFUSD,1.05485232
2020-06-26,EURUSD,1.12150000
2020-06-26,GBPUSD,1.23370000
2020-06-26,JPYUSD,0.00932923
2020-06-29,AUDUSD,0.68510000
2020-06-29,CHFUSD,1.05218855
2020-06-29,EURUSD,1.12370000
2020-06-29,GBPUSD,1.22790000
2020-06-29,JPYUSD,0.00928419
2020-06-30,AUDUSD,0.68930000
2020-06-30,CHFUSD,1.05630083
2020-06-30,EURUSD,1.12370000
2020-06-30,GBPUSD,1.23690000
2020-06-30,JPYUSD,0.00927902
2020-07-01,AUDUSD,0.69170000
2020-07-01,CHFUSD,1.05764146
2020-07-01,EURUSD,1.12590000
2020-07-01,GBPUSD,1.24740000
2020-07-01,JPYUSD,0.00930233
2020-07-02,AUDUSD,0.69210000
2020-07-02,CHFUSD,1.05764146
2020-07-02,EURUSD,1.12370000
2020-07-02,GBPUSD,1.24690000
2020-07-02,JPYUSD,0.00929800
2020-07-06,AUDUSD,0.69730000
2020-07-06,CHFUSD,1.06202209
2020-07-06,EURUSD,1.13070000
2020-07-06,GBPUSD,1.24820000
2020-07-06,JPYUSD,0.00930233
2020-07-07,AUDUSD,0.69720000
2020-07-07,CHFUSD,1.06269926
2020-07-07,EURUSD,1.12990000
2020-07-07,GBPUSD,1.25720000
2020-07-07,JPYUSD,0.00929973
2020-07-08,AUDUSD,0.69670000
2020-07-08,CHFUSD,1.06587082
2020-07-08,EURUSD,1.13290000
2020-07-08,GBPUSD,1.25930000
2020-07-08,JPYUSD,0.00931185
2020-07-09,AUDUSD,0.69580000
2020-07-09,CHFUSD,1.06416942
2020-07-09,EURUSD,1.12980000
2020-07-09,GBPUSD,1.26140000
2020-07-09,JPYUSD,0.00932227
2020-07-10,AUDUSD,0.69590000
2020-07-10,CHFUSD,1.06439596
2020-07-10,EURUSD,1.13180000
2020-07-10,GBPUSD,1.26540000
2020-07-10,JPYUSD,0.00936593
2020-07-13,AUDUSD,0.69830000
2020-07-13,CHFUSD,1.06269926
2020-07-13,EURUSD,1.13640000
2020-07-13,GBPUSD,1.26140000
2020-07-13,JPYUSD,0.00932662
2020-07-14,AUDUSD,0.69700000
2020-07-14,CHFUSD,1.06553010
2020-07-14,EURUSD,1.14060000
2020-07-14,GBPUSD,1.25460000
2020-07-14,JPYUSD,0.00932836
2020-07-15,AUDUSD,0.70030000
2020-07-15,CHFUSD,1.05943426
2020-07-15,EURUSD,1.14060000
2020-07-15,GBPUSD,1.25860000
2020-07-15,JPYUSD,0.00935279
2020-07-16,AUDUSD,0.70080000
2020-07-16,CHFUSD,1.06022053
2020-07-16,EURUSD,1.14330000
2020-07-16,GBPUSD,1.26210000
2020-07-16,JPYUSD,0.00934143
2020-07-17,AUDUSD,0.69940000
2020-07-17,CHFUSD,1.06518960
2020-07-17,EURUSD,1.14380000
2020-07-17,GBPUSD,1.25500000
2020-07-17,JPYUSD,0.00934056
2020-07-20,AUDUSD,0.70090000
2020-07-20,CHFUSD,1.06507615
2020-07-20,EURUSD,1.14420000
2020-07-20,GBPUSD,1.26580000
2020-07-20,JPYUSD,0.00932749
2020-07-21,AUDUSD,0.71110000
2020-07-21,CHFUSD,1.07066381
2020-07-21,EURUSD,1.14950000
2020-07-21,GBPUSD,1.27360000
2020-07-21,JPYUSD,0.00936154
2020-07-22,AUDUSD,0.71470000
2020-07-22,CHFUSD,1.07665805
2020-07-22,EURUSD,1.15870000
2020-07-22,GBPUSD,1.27290000
2020-07-22,JPYUSD,0.00933010
2020-07-23,AUDUSD,0.71360000
2020-07-23,CHFUSD,1.08108108
2020-07-23,EURUSD,1.16230000
2020-07-23,GBPUSD,1.27590000
2020-07-23,JPYUSD,0.00936067
2020-07-24,AUDUSD,0.70940000
2020-07-24,CHFUSD,1.08436348
2020-07-24,EURUSD,1.16350000
2020-07-24,GBPUSD,1.27910000
2020-07-24,JPYUSD,0.00945269
2020-07-27,AUDUSD,0.71340000
2020-07-27,CHFUSD,1.08648414
2020-07-27,EURUSD,1.17500000
2020-07-27,GBPUSD,1.28870000
2020-07-27,JPYUSD,0.00949758
2020-07-28,AUDUSD,0.71610000
2020-07-28,CHFUSD,1.09063148
2020-07-28,EURUSD,1.17330000
2020-07-28,GBPUSD,1.29500000
2020-07-28,JPYUSD,0.00952109
2020-07-29,AUDUSD,0.71680000
2020-07-29,CHFUSD,1.09397221
2020-07-29,EURUSD,1.17700000
2020-07-29,GBPUSD,1.29740000
2020-07-29,JPYUSD,0.00951837
2020-07-30,AUDUSD,0.71390000
2020-07-30,CHFUSD,1.09649123
2020-07-30,EURUSD,1.17910000
2020-07-30,GBPUSD,1.30350000
2020-07-30,JPYUSD,0.00951928
2020-07-31,AUDUSD,0.71590000
2020-07-31,CHFUSD,1.09733348
2020-07-31,EURUSD,1.18220000
2020-07-31,GBPUSD,1.31330000
2020-07-31,JPYUSD,0.00945358
2020-08-03,AUDUSD,0.71070000
2020-08-03,CHFUSD,1.08766587
2020-08-03,EURUSD,1.17500000
2020-08-03,GBPUSD,1.30530000
2020-08-03,JPYUSD,0.00942418
2020-08-04,AUDUSD,0.71500000
2020-08-04,CHFUSD,1.09241861
2020-08-04,EURUSD,1.17660000
2020-08-04,GBPUSD,1.30590000
2020-08-04,JPYUSD,0.00944555
2020-08-05,AUDUSD,0.72160000
2020-08-05,CHFUSD,1.10460621
2020-08-05,EURUSD,1.18980000
2020-08-05,GBPUSD,1.31410000
2020-08-05,JPYUSD,0.00948407
2020-08-06,AUDUSD,0.72280000
2020-08-06,CHFUSD,1.09878035
2020-08-06,EURUSD,1.18560000
2020-08-06,GBPUSD,1.31470000
2020-08-06,JPYUSD,0.00947688
2020-08-07,AUDUSD,0.71630000
2020-08-07,CHFUSD,1.09409190
2020-08-07,EURUSD,1.17760000
2020-08-07,GBPUSD,1.30430000
2020-08-07,JPYUSD,0.00944109
2020-08-10,AUDUSD,0.71620000
2020-08-10,CHFUSD,1.09241861
2020-08-10,EURUSD,1.17560000
2020-08-10,GBPUSD,1.30820000
2020-08-10,JPYUSD,0.00944733
2020-08-11,AUDUSD,0.71550000
2020-08-11,CHFUSD,1.09134563
2020-08-11,EURUSD,1.17640000
2020-08-11,GBPUSD,1.30770000
2020-08-11,JPYUSD,0.00938438
2020-08-12,AUDUSD,0.71670000
2020-08-12,CHFUSD,1.09781535
2020-08-12,EURUSD,1.17960000
2020-08-12,GBPUSD,1.30470000
2020-08-12,JPYUSD,0.00935891
2020-08-13,AUDUSD,0.71600000
2020-08-13,CHFUSD,1.09926349
2020-08-13,EURUSD,1.18180000
2020-08-13,GBPUSD,1.30820000
2020-08-13,JPYUSD,0.00935541
2020-08-14,AUDUSD,0.71680000
2020-08-14,CHFUSD,1.09998900
2020-08-14,EURUSD,1.18330000
2020-08-14,GBPUSD,1.31080000
2020-08-14,JPYUSD,0.00939055
2020-08-17,AUDUSD,0.72110000
2020-08-17,CHFUSD,1.10399647
2020-08-17,EURUSD,1.18690000
2020-08-17,GBPUSD,1.31050000
2020-08-17,JPYUSD,0.00943663
2020-08-18,AUDUSD,0.72350000
2020-08-18,CHFUSD,1.10754236
2020-08-18,EURUSD,1.19280000
2020-08-18,GBPUSD,1.32280000
2020-08-18,JPYUSD,0.00948677
2020-08-19,AUDUSD,0.72340000
2020-08-19,CHFUSD,1.09721308
2020-08-19,EURUSD,1.18980000
2020-08-19,GBPUSD,1.31910000
2020-08-19,JPYUSD,0.00945984
2020-08-20,AUDUSD,0.71780000
2020-08-20,CHFUSD,1.10107906
2020-08-20,EURUSD,1.18620000
2020-08-20,GBPUSD,1.31900000
2020-08-20,JPYUSD,0.00945090
2020-08-21,AUDUSD,0.71560000
2020-08-21,CHFUSD,1.09517030
2020-08-21,EURUSD,1.17750000
2020-08-21,GBPUSD,1.30980000
2020-08-21,JPYUSD,0.00944465
2020-08-24,AUDUSD,0.71740000
2020-08-24,CHFUSD,1.09781535
2020-08-24,EURUSD,1.18030000
2020-08-24,GBPUSD,1.30780000
2020-08-24,JPYUSD,0.00944287
2020-08-25,AUDUSD,0.71800000
2020-08-25,CHFUSD,1.10023105
2020-08-25,EURUSD,1.18180000
2020-08-25,GBPUSD,1.31360000
2020-08-25,JPYUSD,0.00939850
2020-08-26,AUDUSD,0.72220000
2020-08-26,CHFUSD,1.10059432
2020-08-26,EURUSD,1.18130000
2020-08-26,GBPUSD,1.31860000
2020-08-26,JPYUSD,0.00942241
2020-08-27,AUDUSD,0.72600000
2020-08-27,CHFUSD,1.10168558
2020-08-27,EURUSD,1.18240000
2020-08-27,GBPUSD,1.32290000
2020-08-27,JPYUSD,0.00939673
2020-08-28,AUDUSD,0.73520000
2020-08-28,CHFUSD,1.10607234
2020-08-28,EURUSD,1.19010000
2020-08-28,GBPUSD,1.33410000
2020-08-28,JPYUSD,0.00949668
2020-08-31,AUDUSD,0.73880000
2020-08-31,CHFUSD,1.10963160
2020-08-31,EURUSD,1.19500000
2020-08-31,GBPUSD,1.33750000
2020-08-31,JPYUSD,0.00944822
2020-09-01,AUDUSD,0.73750000
2020-09-01,CHFUSD,1.10229277
2020-09-01,EURUSD,1.19490000
2020-09-01,GBPUSD,1.34160000
2020-09-01,JPYUSD,0.00943396
2020-09-02,AUDUSD,0.73190000
2020-09-02,CHFUSD,1.09805644
2020-09-02,EURUSD,1.18400000
2020-09-02,GBPUSD,1.33150000
2020-09-02,JPYUSD,0.00942063
2020-09-03,AUDUSD,0.72720000
2020-09-03,CHFUSD,1.09841828
2020-09-03,EURUSD,1.18320000
2020-09-03,GBPUSD,1.32630000
2020-09-03,JPYUSD,0.00942152
2020-09-04,AUDUSD,0.72640000
2020-09-04,CHFUSD,1.09325462
2020-09-04,EURUSD,1.18200000
2020-09-04,GBPUSD,1.32300000
2020-09-04,JPYUSD,0.00940380
2020-09-08,AUDUSD,0.72300000
2020-09-08,CHFUSD,1.09098844
2020-09-08,EURUSD,1.17890000
2020-09-08,GBPUSD,1.30390000
2020-09-08,JPYUSD,0.00943663
2020-09-09,AUDUSD,0.72750000
2020-09-09,CHFUSD,1.09517030
2020-09-09,EURUSD,1.18100000
2020-09-09,GBPUSD,1.30110000
2020-09-09,JPYUSD,0.00941354
2020-09-10,AUDUSD,0.72870000
2020-09-10,CHFUSD,1.10168558
2020-09-10,EURUSD,1.18800000
2020-09-10,GBPUSD,1.28460000
2020-09-10,JPYUSD,0.00941708
2020-09-11,AUDUSD,0.72770000
2020-09-11,CHFUSD,1.09986802
2020-09-11,EURUSD,1.18310000
2020-09-11,GBPUSD,1.27880000
2020-09-11,JPYUSD,0.00941886
2020-09-14,AUDUSD,0.72990000
2020-09-14,CHFUSD,1.10241429
2020-09-14,EURUSD,1.18740000
2020-09-14,GBPUSD,1.28760000
2020-09-14,JPYUSD,0.00946253
2020-09-15,AUDUSD,0.72960000
2020-09-15,CHFUSD,1.10071547
2020-09-15,EURUSD,1.18460000
2020-09-15,GBPUSD,1.28660000
2020-09-15,JPYUSD,0.00947867
2020-09-16,AUDUSD,0.73360000
2020-09-16,CHFUSD,1.10132159
2020-09-16,EURUSD,1.18350000
2020-09-16,GBPUSD,1.29800000
2020-09-16,JPYUSD,0.00952925
2020-09-17,AUDUSD,0.72890000
2020-09-17,CHFUSD,1.09914267
2020-09-17,EURUSD,1.18230000
2020-09-17,GBPUSD,1.29550000
2020-09-17,JPYUSD,0.00954472
2020-09-18,AUDUSD,0.73110000
2020-09-18,CHFUSD,1.09938434
2020-09-18,EURUSD,1.18570000
2020-09-18,GBPUSD,1.29500000
2020-09-18,JPYUSD,0.00957488
2020-09-21,AUDUSD,0.72120000
2020-09-21,CHFUSD,1.09134563
2020-09-21,EURUSD,1.17370000
2020-09-21,GBPUSD,1.27940000
2020-09-21,JPYUSD,0.00955201
2020-09-22,AUDUSD,0.71730000
2020-09-22,CHFUSD,1.08695652
2020-09-22,EURUSD,1.17030000
2020-09-22,GBPUSD,1.27260000
2020-09-22,JPYUSD,0.00951928
2020-09-23,AUDUSD,0.70930000
2020-09-23,CHFUSD,1.08307159
2020-09-23,EURUSD,1.16770000
2020-09-23,GBPUSD,1.27500000
2020-09-23,JPYUSD,0.00949307
2020-09-24,AUDUSD,0.70460000
2020-09-24,CHFUSD,1.07944732
2020-09-24,EURUSD,1.16660000
2020-09-24,GBPUSD,1.27390000
2020-09-24,JPYUSD,0.00948587
2020-09-25,AUDUSD,0.70120000
2020-09-25,CHFUSD,1.07631041
2020-09-25,EURUSD,1.16180000
2020-09-25,GBPUSD,1.27060000
2020-09-25,JPYUSD,0.00947059
2020-09-28,AUDUSD,0.70670000
2020-09-28,CHFUSD,1.08143182
2020-09-28,EURUSD,1.16600000
2020-09-28,GBPUSD,1.28650000
2020-09-28,JPYUSD,0.00947867
2020-09-29,AUDUSD,0.71090000
2020-09-29,CHFUSD,1.08518719
2020-09-29,EURUSD,1.17170000
2020-09-29,GBPUSD,1.28470000
2020-09-29,JPYUSD,0.00946253
2020-09-30,AUDUSD,0.71600000
2020-09-30,CHFUSD,1.08837614
2020-09-30,EURUSD,1.17230000
2020-09-30,GBPUSD,1.29210000
2020-09-30,JPYUSD,0.00947149
2020-10-01,AUDUSD,0.71890000
2020-10-01,CHFUSD,1.08944329
2020-10-01,EURUSD,1.17520000
2020-10-01,GBPUSD,1.29010000
2020-10-01,JPYUSD,0.00947598
2020-10-02,AUDUSD,0.71470000
2020-10-02,CHFUSD,1.08648414
2020-10-02,EURUSD,1.17060000
2020-10-02,GBPUSD,1.29280000
2020-10-02,JPYUSD,0.00949127
2020-10-05,AUDUSD,0.71810000
2020-10-05,CHFUSD,1.09253797
2020-10-05,EURUSD,1.17840000
2020-10-05,GBPUSD,1.29720000
2020-10-05,JPYUSD,0.00946074
2020-10-06,AUDUSD,0.71490000
2020-10-06,CHFUSD,1.09253797
2020-10-06,EURUSD,1.17780000
2020-10-06,GBPUSD,1.29450000
2020-10-06,JPYUSD,0.00946611
2020-10-07,AUDUSD,0.71400000
2020-10-07,CHFUSD,1.09075044
2020-10-07,EURUSD,1.17660000
2020-10-07,GBPUSD,1.29140000
2020-10-07,JPYUSD,0.00943663
2020-10-08,AUDUSD,0.71580000
2020-10-08,CHFUSD,1.08979948
2020-10-08,EURUSD,1.17530000
2020-10-08,GBPUSD,1.29440000
2020-10-08,JPYUSD,0.00943574
2020-10-09,AUDUSD,0.72370000
2020-10-09,CHFUSD,1.09853894
2020-10-09,EURUSD,1.18190000
2020-10-09,GBPUSD,1.30030000
2020-10-09,JPYUSD,0.00945895
2020-10-13,AUDUSD,0.71650000
2020-10-13,CHFUSD,1.09325462
2020-10-13,EURUSD,1.17370000
2020-10-13,GBPUSD,1.29680000
2020-10-13,JPYUSD,0.00947418
2020-10-14,AUDUSD,0.71690000
2020-10-14,CHFUSD,1.09565027
2020-10-14,EURUSD,1.17550000
2020-10-14,GBPUSD,1.30230000
2020-10-14,JPYUSD,0.00951656
2020-10-15,AUDUSD,0.70790000
2020-10-15,CHFUSD,1.09373291
2020-10-15,EURUSD,1.17010000
2020-10-15,GBPUSD,1.29170000
2020-10-15,JPYUSD,0.00948947
2020-10-16,AUDUSD,0.70830000
2020-10-16,CHFUSD,1.09253797
2020-10-16,EURUSD,1.17170000
2020-10-16,GBPUSD,1.29310000
2020-10-16,JPYUSD,0.00948677
2020-10-19,AUDUSD,0.70900000
2020-10-19,CHFUSD,1.09986802
2020-10-19,EURUSD,1.17880000
2020-10-19,GBPUSD,1.29980000
2020-10-19,JPYUSD,0.00948587
2020-10-20,AUDUSD,0.70570000
2020-10-20,CHFUSD,1.10241429
2020-10-20,EURUSD,1.18240000
2020-10-20,GBPUSD,1.29510000
2020-10-20,JPYUSD,0.00947329
2020-10-21,AUDUSD,0.71200000
2020-10-21,CHFUSD,1.10595001
2020-10-21,EURUSD,1.18700000
2020-10-21,GBPUSD,1.31430000
2020-10-21,JPYUSD,0.00956206
2020-10-22,AUDUSD,0.71090000
2020-10-22,CHFUSD,1.10204981
2020-10-22,EURUSD,1.18240000
2020-10-22,GBPUSD,1.30900000
2020-10-22,JPYUSD,0.00953471
2020-10-23,AUDUSD,0.71180000
2020-10-23,CHFUSD,1.10436223
2020-10-23,EURUSD,1.18440000
2020-10-23,GBPUSD,1.30390000
2020-10-23,JPYUSD,0.00954381
2020-10-26,AUDUSD,0.71200000
2020-10-26,CHFUSD,1.10217128
2020-10-26,EURUSD,1.18160000
2020-10-26,GBPUSD,1.30210000
2020-10-26,JPYUSD,0.00953652
2020-10-27,AUDUSD,0.71430000
2020-10-27,CHFUSD,1.10302228
2020-10-27,EURUSD,1.18340000
2020-10-27,GBPUSD,1.30670000
2020-10-27,JPYUSD,0.00957488
2020-10-28,AUDUSD,0.70670000
2020-10-28,CHFUSD,1.09926349
2020-10-28,EURUSD,1.17510000
2020-10-28,GBPUSD,1.29970000
2020-10-28,JPYUSD,0.00958497
2020-10-29,AUDUSD,0.70060000
2020-10-29,CHFUSD,1.09039363
2020-10-29,EURUSD,1.16580000
2020-10-29,GBPUSD,1.28900000
2020-10-29,JPYUSD,0.00955201
2020-10-30,AUDUSD,0.70230000
2020-10-30,CHFUSD,1.09110747
2020-10-30,EURUSD,1.16470000
2020-10-30,GBPUSD,1.29330000
2020-10-30,JPYUSD,0.00956572
2020-11-02,AUDUSD,0.70450000
2020-11-02,CHFUSD,1.08695652
2020-11-02,EURUSD,1.16340000
2020-11-02,GBPUSD,1.29040000
2020-11-02,JPYUSD,0.00954198
2020-11-03,AUDUSD,0.71590000
2020-11-03,CHFUSD,1.09577033
2020-11-03,EURUSD,1.17240000
2020-11-03,GBPUSD,1.30500000
2020-11-03,JPYUSD,0.00956938
2020-11-04,AUDUSD,0.71920000
2020-11-04,CHFUSD,1.09805644
2020-11-04,EURUSD,1.17300000
2020-11-04,GBPUSD,1.30210000
2020-11-04,JPYUSD,0.00957946
2020-11-05,AUDUSD,0.72650000
2020-11-05,CHFUSD,1.10338740
2020-11-05,EURUSD,1.18090000
2020-11-05,GBPUSD,1.31160000
2020-11-05,JPYUSD,0.00964599
2020-11-06,AUDUSD,0.72680000
2020-11-06,CHFUSD,1.11284220
2020-11-06,EURUSD,1.18860000
2020-11-06,GBPUSD,1.31620000
2020-11-06,JPYUSD,0.00967867
2020-11-09,AUDUSD,0.72750000
2020-11-09,CHFUSD,1.09565027
2020-11-09,EURUSD,1.18110000
2020-11-09,GBPUSD,1.31370000
2020-11-09,JPYUSD,0.00947149
2020-11-10,AUDUSD,0.72730000
2020-11-10,CHFUSD,1.09457093
2020-11-10,EURUSD,1.18100000
2020-11-10,GBPUSD,1.32340000
2020-11-10,JPYUSD,0.00949127
2020-11-12,AUDUSD,0.72670000
2020-11-12,CHFUSD,1.09457093
2020-11-12,EURUSD,1.18140000
2020-11-12,GBPUSD,1.31420000
2020-11-12,JPYUSD,0.00950932
2020-11-13,AUDUSD,0.72560000
2020-11-13,CHFUSD,1.09493047
2020-11-13,EURUSD,1.18240000
2020-11-13,GBPUSD,1.31760000
2020-11-13,JPYUSD,0.00955932
2020-11-16,AUDUSD,0.73230000
2020-11-16,CHFUSD,1.09637101
2020-11-16,EURUSD,1.18440000
2020-11-16,GBPUSD,1.31970000
2020-11-16,JPYUSD,0.00956572
2020-11-17,AUDUSD,0.72980000
2020-11-17,CHFUSD,1.09781535
2020-11-17,EURUSD,1.18620000
2020-11-17,GBPUSD,1.32470000
2020-11-17,JPYUSD,0.00959693
2020-11-18,AUDUSD,0.73250000
2020-11-18,CHFUSD,1.09938434
2020-11-18,EURUSD,1.18690000
2020-11-18,GBPUSD,1.32990000
2020-11-18,JPYUSD,0.00964134
2020-11-19,AUDUSD,0.72650000
2020-11-19,CHFUSD,1.09661147
2020-11-19,EURUSD,1.18430000
2020-11-19,GBPUSD,1.32250000
2020-11-19,JPYUSD,0.00962927
2020-11-20,AUDUSD,0.73150000
2020-11-20,CHFUSD,1.09673174
2020-11-20,EURUSD,1.18570000
2020-11-20,GBPUSD,1.32940000
2020-11-20,JPYUSD,0.00963298
2020-11-23,AUDUSD,0.72790000
2020-11-23,CHFUSD,1.09517030
2020-11-23,EURUSD,1.18260000
2020-11-23,GBPUSD,1.33000000
2020-11-23,JPYUSD,0.00957671
2020-11-24,AUDUSD,0.73510000
2020-11-24,CHFUSD,1.09637101
2020-11-24,EURUSD,1.18740000
2020-11-24,GBPUSD,1.33500000
2020-11-24,JPYUSD,0.00955932
2020-11-25,AUDUSD,0.73600000
2020-11-25,CHFUSD,1.10011001
2020-11-25,EURUSD,1.19080000
2020-11-25,GBPUSD,1.33780000
2020-11-25,JPYUSD,0.00957946
2020-11-30,AUDUSD,0.73510000
2020-11-30,CHFUSD,1.10375276
2020-11-30,EURUSD,1.19480000
2020-11-30,GBPUSD,1.33380000
2020-11-30,JPYUSD,0.00958038
2020-12-01,AUDUSD,0.73550000
2020-12-01,CHFUSD,1.11049417
2020-12-01,EURUSD,1.20390000
2020-12-01,GBPUSD,1.33920000
2020-12-01,JPYUSD,0.00957854
2020-12-02,AUDUSD,0.73950000
2020-12-02,CHFUSD,1.11594688
2020-12-02,EURUSD,1.20930000
2020-12-02,GBPUSD,1.33480000
2020-12-02,JPYUSD,0.00956755
2020-12-03,AUDUSD,0.74440000
2020-12-03,CHFUSD,1.12283854
2020-12-03,EURUSD,1.21520000
2020-12-03,GBPUSD,1.34960000
2020-12-03,JPYUSD,0.00963670
2020-12-04,AUDUSD,0.74380000
2020-12-04,CHFUSD,1.12258644
2020-12-04,EURUSD,1.21420000
2020-12-04,GBPUSD,1.34850000
2020-12-04,JPYUSD,0.00960061
2020-12-07,AUDUSD,0.74490000
2020-12-07,CHFUSD,1.12460639
2020-12-07,EURUSD,1.21380000
2020-12-07,GBPUSD,1.33530000
2020-12-07,JPYUSD,0.00961446
2020-12-08,AUDUSD,0.74140000
2020-12-08,CHFUSD,1.12536574
2020-12-08,EURUSD,1.21110000
2020-12-08,GBPUSD,1.33580000
2020-12-08,JPYUSD,0.00960246
2020-12-09,AUDUSD,0.74510000
2020-12-09,CHFUSD,1.12346927
2020-12-09,EURUSD,1.20800000
2020-12-09,GBPUSD,1.33920000
2020-12-09,JPYUSD,0.00958957
2020-12-10,AUDUSD,0.75200000
2020-12-10,CHFUSD,1.12637982
2020-12-10,EURUSD,1.21180000
2020-12-10,GBPUSD,1.32930000
2020-12-10,JPYUSD,0.00958773
2020-12-11,AUDUSD,0.75320000
2020-12-11,CHFUSD,1.12334307
2020-12-11,EURUSD,1.21120000
2020-12-11,GBPUSD,1.31970000
2020-12-11,JPYUSD,0.00962649
2020-12-14,AUDUSD,0.75370000
2020-12-14,CHFUSD,1.12714157
2020-12-14,EURUSD,1.21450000
2020-12-14,GBPUSD,1.33240000
2020-12-14,JPYUSD,0.00960984
2020-12-15,AUDUSD,0.75550000
2020-12-15,CHFUSD,1.12879558
2020-12-15,EURUSD,1.21580000
2020-12-15,GBPUSD,1.34340000
2020-12-15,JPYUSD,0.00964413
2020-12-16,AUDUSD,0.75650000
2020-12-16,CHFUSD,1.12854080
2020-12-16,EURUSD,1.21750000
2020-12-16,GBPUSD,1.35030000
2020-12-16,JPYUSD,0.00965344
2020-12-17,AUDUSD,0.76200000
2020-12-17,CHFUSD,1.13109377
2020-12-17,EURUSD,1.22580000
2020-12-17,GBPUSD,1.36090000
2020-12-17,JPYUSD,0.00969650
2020-12-18,AUDUSD,0.76150000
2020-12-18,CHFUSD,1.12994350
2020-12-18,EURUSD,1.22360000
2020-12-18,GBPUSD,1.34970000
2020-12-18,JPYUSD,0.00967586
2020-12-21,AUDUSD,0.75750000
2020-12-21,CHFUSD,1.12879558
2020-12-21,EURUSD,1.22300000
2020-12-21,GBPUSD,1.33540000
2020-12-21,JPYUSD,0.00966744
2020-12-22,AUDUSD,0.75310000
2020-12-22,CHFUSD,1.12498594
2020-12-22,EURUSD,1.21720000
2020-12-22,GBPUSD,1.33490000
2020-12-22,JPYUSD,0.00965065
2020-12-23,AUDUSD,0.75870000
2020-12-23,CHFUSD,1.12587255
2020-12-23,EURUSD,1.21940000
2020-12-23,GBPUSD,1.35100000
2020-12-23,JPYUSD,0.00965997
2020-12-28,AUDUSD,0.75680000
2020-12-28,CHFUSD,1.12384806
2020-12-28,EURUSD,1.22130000
2020-12-28,GBPUSD,1.34470000
2020-12-28,JPYUSD,0.00963020
2020-12-29,AUDUSD,0.76230000
2020-12-29,CHFUSD,1.13147771
2020-12-29,EURUSD,1.22520000
2020-12-29,GBPUSD,1.35120000
2020-12-29,JPYUSD,0.00966184
2020-12-30,AUDUSD,0.76820000
2020-12-30,CHFUSD,1.13224638
2020-12-30,EURUSD,1.22800000
2020-12-30,GBPUSD,1.36050000
2020-12-30,JPYUSD,0.00967961
2020-12-31,AUDUSD,0.77090000
2020-12-31,CHFUSD,1.13109377
2020-12-31,EURUSD,1.22300000
2020-12-31,GBPUSD,1.36620000
2020-12-31,JPYUSD,0.00969086
2021-01-04,AUDUSD,0.76570000
2021-01-04,CHFUSD,1.13494496
2021-01-04,EURUSD,1.22540000
2021-01-04,GBPUSD,1.35510000
2021-01-04,JPYUSD,0.00969086
2021-01-05,AUDUSD,0.77520000
2021-01-05,CHFUSD,1.13843352
2021-01-05,EURUSD,1.22950000
2021-01-05,GBPUSD,1.36200000
2021-01-05,JPYUSD,0.00973710
2021-01-06,AUDUSD,0.77870000
2021-01-06,CHFUSD,1.13507378
2021-01-06,EURUSD,1.22900000
2021-01-06,GBPUSD,1.35930000
2021-01-06,JPYUSD,0.00968523
2021-01-07,AUDUSD,0.77550000
2021-01-07,CHFUSD,1.13109377
2021-01-07,EURUSD,1.22650000
2021-01-07,GBPUSD,1.35510000
2021-01-07,JPYUSD,0.00963020
2021-01-08,AUDUSD,0.77780000
2021-01-08,CHFUSD,1.13083795
2021-01-08,EURUSD,1.22520000
2021-01-08,GBPUSD,1.35830000
2021-01-08,JPYUSD,0.00962557
2021-01-11,AUDUSD,0.77140000
2021-01-11,CHFUSD,1.12397437
2021-01-11,EURUSD,1.21690000
2021-01-11,GBPUSD,1.35220000
2021-01-11,JPYUSD,0.00960061
2021-01-12,AUDUSD,0.77320000
2021-01-12,CHFUSD,1.12460639
2021-01-12,EURUSD,1.21680000
2021-01-12,GBPUSD,1.36370000
2021-01-12,JPYUSD,0.00960707
2021-01-13,AUDUSD,0.77400000
2021-01-13,CHFUSD,1.12688754
2021-01-13,EURUSD,1.21590000
2021-01-13,GBPUSD,1.36310000
2021-01-13,JPYUSD,0.00962371
2021-01-14,AUDUSD,0.77900000
2021-01-14,CHFUSD,1.12739572
2021-01-14,EURUSD,1.21560000
2021-01-14,GBPUSD,1.36900000
2021-01-14,JPYUSD,0.00964692
2021-01-15,AUDUSD,0.77230000
2021-01-15,CHFUSD,1.12435350
2021-01-15,EURUSD,1.20990000
2021-01-15,GBPUSD,1.35990000
2021-01-15,JPYUSD,0.00963391
2021-01-19,AUDUSD,0.77030000
2021-01-19,CHFUSD,1.12511251
2021-01-19,EURUSD,1.21260000
2021-01-19,GBPUSD,1.36270000
2021-01-19,JPYUSD,0.00962835
2021-01-21,AUDUSD,0.77540000
2021-01-21,CHFUSD,1.12739572
2021-01-21,EURUSD,1.21430000
2021-01-21,GBPUSD,1.37210000
2021-01-21,JPYUSD,0.00965531
2021-01-22,AUDUSD,0.77280000
2021-01-22,CHFUSD,1.12956060
2021-01-22,EURUSD,1.21790000
2021-01-22,GBPUSD,1.36850000
2021-01-22,JPYUSD,0.00963763
2021-01-25,AUDUSD,0.77030000
2021-01-25,CHFUSD,1.12587255
2021-01-25,EURUSD,1.21380000
2021-01-25,GBPUSD,1.36680000
2021-01-25,JPYUSD,0.00963577
2021-01-26,AUDUSD,0.77370000
2021-01-26,CHFUSD,1.12612613
2021-01-26,EURUSD,1.21470000
2021-01-26,GBPUSD,1.37290000
2021-01-26,JPYUSD,0.00964413
2021-01-27,AUDUSD,0.76800000
2021-01-27,CHFUSD,1.12485939
2021-01-27,EURUSD,1.21010000
2021-01-27,GBPUSD,1.36880000
2021-01-27,JPYUSD,0.00960707
2021-01-28,AUDUSD,0.76740000
2021-01-28,CHFUSD,1.12523911
2021-01-28,EURUSD,1.21220000
2021-01-28,GBPUSD,1.37270000
2021-01-28,JPYUSD,0.00958681
2021-01-29,AUDUSD,0.76610000
2021-01-29,CHFUSD,1.12296463
2021-01-29,EURUSD,1.21350000
2021-01-29,GBPUSD,1.37230000
2021-01-29,JPYUSD,0.00955657
2021-02-01,AUDUSD,0.76250000
2021-02-01,CHFUSD,1.11544897
2021-02-01,EURUSD,1.20700000
2021-02-01,GBPUSD,1.36720000
2021-02-01,JPYUSD,0.00952653
2021-02-02,AUDUSD,0.75860000
2021-02-02,CHFUSD,1.11271837
2021-02-02,EURUSD,1.20200000
2021-02-02,GBPUSD,1.36440000
2021-02-02,JPYUSD,0.00951565
2021-02-03,AUDUSD,0.76220000
2021-02-03,CHFUSD,1.11197598
2021-02-03,EURUSD,1.20250000
2021-02-03,GBPUSD,1.36520000
2021-02-03,JPYUSD,0.00951928
2021-02-04,AUDUSD,0.75990000
2021-02-04,CHFUSD,1.10729709
2021-02-04,EURUSD,1.19740000
2021-02-04,GBPUSD,1.36650000
2021-02-04,JPYUSD,0.00948497
2021-02-05,AUDUSD,0.76560000
2021-02-05,CHFUSD,1.11160516
2021-02-05,EURUSD,1.20350000
2021-02-05,GBPUSD,1.37140000
2021-02-05,JPYUSD,0.00948407
2021-02-08,AUDUSD,0.77020000
2021-02-08,CHFUSD,1.11284220
2021-02-08,EURUSD,1.20450000
2021-02-08,GBPUSD,1.37380000
2021-02-08,JPYUSD,0.00950661
2021-02-09,AUDUSD,0.77240000
2021-02-09,CHFUSD,1.11982083
2021-02-09,EURUSD,1.21060000
2021-02-09,GBPUSD,1.37960000
2021-02-09,JPYUSD,0.00955840
2021-02-10,AUDUSD,0.77350000
2021-02-10,CHFUSD,1.12473288
2021-02-10,EURUSD,1.21320000
2021-02-10,GBPUSD,1.38500000
2021-02-10,JPYUSD,0.00955384
2021-02-11,AUDUSD,0.77560000
2021-02-11,CHFUSD,1.12271247
2021-02-11,EURUSD,1.21270000
2021-02-11,GBPUSD,1.38220000
2021-02-11,JPYUSD,0.00954654
2021-02-12,AUDUSD,0.77620000
2021-02-12,CHFUSD,1.12220851
2021-02-12,EURUSD,1.21260000
2021-02-12,GBPUSD,1.38550000
2021-02-12,JPYUSD,0.00952925
2021-02-16,AUDUSD,0.77590000
2021-02-16,CHFUSD,1.12069932
2021-02-16,EURUSD,1.21070000
2021-02-16,GBPUSD,1.39100000
2021-02-16,JPYUSD,0.00944465
2021-02-17,AUDUSD,0.77400000
2021-02-17,CHFUSD,1.11296605
2021-02-17,EURUSD,1.20420000
2021-02-17,GBPUSD,1.38480000
2021-02-17,JPYUSD,0.00944912
2021-02-18,AUDUSD,0.77500000
2021-02-18,CHFUSD,1.11507583
2021-02-18,EURUSD,1.20780000
2021-02-18,GBPUSD,1.39560000
2021-02-18,JPYUSD,0.00946163
2021-02-19,AUDUSD,0.78730000
2021-02-19,CHFUSD,1.11756817
2021-02-19,EURUSD,1.21360000
2021-02-19,GBPUSD,1.40250000
2021-02-19,JPYUSD,0.00947149
2021-02-22,AUDUSD,0.79160000
2021-02-22,CHFUSD,1.11632061
2021-02-22,EURUSD,1.21550000
2021-02-22,GBPUSD,1.40770000
2021-02-22,JPYUSD,0.00951837
2021-02-23,AUDUSD,0.79020000
2021-02-23,CHFUSD,1.10840168
2021-02-23,EURUSD,1.21420000
2021-02-23,GBPUSD,1.40920000
2021-02-23,JPYUSD,0.00950480
2021-02-24,AUDUSD,0.79350000
2021-02-24,CHFUSD,1.10204981
2021-02-24,EURUSD,1.21430000
2021-02-24,GBPUSD,1.41060000
2021-02-24,JPYUSD,0.00944198
2021-02-25,AUDUSD,0.79530000
2021-02-25,CHFUSD,1.10705192
2021-02-25,EURUSD,1.22290000
2021-02-25,GBPUSD,1.41050000
2021-02-25,JPYUSD,0.00941442
2021-02-26,AUDUSD,0.77200000
2021-02-26,CHFUSD,1.09986802
2021-02-26,EURUSD,1.20930000
2021-02-26,GBPUSD,1.39470000
2021-02-26,JPYUSD,0.00937734
2021-03-01,AUDUSD,0.77760000
2021-03-01,CHFUSD,1.09433136
2021-03-01,EURUSD,1.20540000
2021-03-01,GBPUSD,1.39380000
2021-03-01,JPYUSD,0.00937383
2021-03-02,AUDUSD,0.78220000
2021-03-02,CHFUSD,1.09397221
2021-03-02,EURUSD,1.20790000
2021-03-02,GBPUSD,1.39620000
2021-03-02,JPYUSD,0.00936768
2021-03-03,AUDUSD,0.78080000
2021-03-03,CHFUSD,1.08932462
2021-03-03,EURUSD,1.20730000
2021-03-03,GBPUSD,1.39780000
2021-03-03,JPYUSD,0.00935279
2021-03-04,AUDUSD,0.78070000
2021-03-04,CHFUSD,1.08026358
2021-03-04,EURUSD,1.20450000
2021-03-04,GBPUSD,1.39990000
2021-03-04,JPYUSD,0.00929541
2021-03-05,AUDUSD,0.76650000
2021-03-05,CHFUSD,1.07469103
2021-03-05,EURUSD,1.19140000
2021-03-05,GBPUSD,1.38170000
2021-03-05,JPYUSD,0.00923873
2021-03-08,AUDUSD,0.76530000
2021-03-08,CHFUSD,1.06894709
2021-03-08,EURUSD,1.18490000
2021-03-08,GBPUSD,1.38100000
2021-03-08,JPYUSD,0.00918105
2021-03-09,AUDUSD,0.76990000
2021-03-09,CHFUSD,1.07619458
2021-03-09,EURUSD,1.18850000
2021-03-09,GBPUSD,1.38840000
2021-03-09,JPYUSD,0.00920471
2021-03-10,AUDUSD,0.77210000
2021-03-10,CHFUSD,1.07330686
2021-03-10,EURUSD,1.19000000
2021-03-10,GBPUSD,1.38990000
2021-03-10,JPYUSD,0.00920980
2021-03-11,AUDUSD,0.77730000
2021-03-11,CHFUSD,1.08178278
2021-03-11,EURUSD,1.19780000
2021-03-11,GBPUSD,1.39800000
2021-03-11,JPYUSD,0.00922169
2021-03-12,AUDUSD,0.77720000
2021-03-12,CHFUSD,1.07747010
2021-03-12,EURUSD,1.19520000
2021-03-12,GBPUSD,1.39250000
2021-03-12,JPYUSD,0.00918527
2021-03-15,AUDUSD,0.77290000
2021-03-15,CHFUSD,1.07723796
2021-03-15,EURUSD,1.19170000
2021-03-15,GBPUSD,1.38660000
2021-03-15,JPYUSD,0.00916506
2021-03-16,AUDUSD,0.77480000
2021-03-16,CHFUSD,1.07979700
2021-03-16,EURUSD,1.18950000
2021-03-16,GBPUSD,1.38920000
2021-03-16,JPYUSD,0.00917347
2021-03-17,AUDUSD,0.77090000
2021-03-17,CHFUSD,1.07805088
2021-03-17,EURUSD,1.19050000
2021-03-17,GBPUSD,1.38880000
2021-03-17,JPYUSD,0.00915583
2021-03-18,AUDUSD,0.77950000
2021-03-18,CHFUSD,1.07747010
2021-03-18,EURUSD,1.19260000
2021-03-18,GBPUSD,1.39380000
2021-03-18,JPYUSD,0.00917684
2021-03-19,AUDUSD,0.77460000
2021-03-19,CHFUSD,1.07515321
2021-03-19,EURUSD,1.19090000
2021-03-19,GBPUSD,1.38720000
2021-03-19,JPYUSD,0.00918695
2021-03-22,AUDUSD,0.77500000
2021-03-22,CHFUSD,1.08307159
2021-03-22,EURUSD,1.19320000
2021-03-22,GBPUSD,1.38560000
2021-03-22,JPYUSD,0.00920217
2021-03-23,AUDUSD,0.76820000
2021-03-23,CHFUSD,1.07215611
2021-03-23,EURUSD,1.18720000
2021-03-23,GBPUSD,1.37950000
2021-03-23,JPYUSD,0.00920726
2021-03-24,AUDUSD,0.76220000
2021-03-24,CHFUSD,1.06894709
2021-03-24,EURUSD,1.18310000
2021-03-24,GBPUSD,1.37230000
2021-03-24,JPYUSD,0.00919033
2021-03-25,AUDUSD,0.75700000
2021-03-25,CHFUSD,1.06462259
2021-03-25,EURUSD,1.17770000
2021-03-25,GBPUSD,1.37220000
2021-03-25,JPYUSD,0.00916338
2021-03-26,AUDUSD,0.76290000
2021-03-26,CHFUSD,1.06405618
2021-03-26,EURUSD,1.17980000
2021-03-26,GBPUSD,1.37940000
2021-03-26,JPYUSD,0.00912825
2021-03-29,AUDUSD,0.76430000
2021-03-29,CHFUSD,1.06598444
2021-03-29,EURUSD,1.17790000
2021-03-29,GBPUSD,1.37930000
2021-03-29,JPYUSD,0.00911328
2021-03-30,AUDUSD,0.76070000
2021-03-30,CHFUSD,1.06078286
2021-03-30,EURUSD,1.17240000
2021-03-30,GBPUSD,1.37290000
2021-03-30,JPYUSD,0.00907523
2021-03-31,AUDUSD,0.76130000
2021-03-31,CHFUSD,1.06179656
2021-03-31,EURUSD,1.17430000
2021-03-31,GBPUSD,1.37950000
2021-03-31,JPYUSD,0.00904077
2021-04-01,AUDUSD,0.76040000
2021-04-01,CHFUSD,1.06281220
2021-04-01,EURUSD,1.17720000
2021-04-01,GBPUSD,1.38250000
2021-04-01,JPYUSD,0.00904077
2021-04-02,AUDUSD,0.76070000
2021-04-02,CHFUSD,1.06168383
2021-04-02,EURUSD,1.17630000
2021-04-02,GBPUSD,1.38250000
2021-04-02,JPYUSD,0.00903587
2021-04-05,AUDUSD,0.76570000
2021-04-05,CHFUSD,1.06849022
2021-04-05,EURUSD,1.18100000
2021-04-05,GBPUSD,1.39070000
2021-04-05,JPYUSD,0.00908430
2021-04-06,AUDUSD,0.76600000
2021-04-06,CHFUSD,1.07238606
2021-04-06,EURUSD,1.18520000
2021-04-06,GBPUSD,1.38490000
2021-04-06,JPYUSD,0.00910498
2021-04-07,AUDUSD,0.76270000
2021-04-07,CHFUSD,1.07828337
2021-04-07,EURUSD,1.18900000
2021-04-07,GBPUSD,1.37570000
2021-04-07,JPYUSD,0.00911826
2021-04-08,AUDUSD,0.76400000
2021-04-08,CHFUSD,1.08119797
2021-04-08,EURUSD,1.19040000
2021-04-08,GBPUSD,1.37390000
2021-04-08,JPYUSD,0.00915332
2021-04-09,AUDUSD,0.76310000
2021-04-09,CHFUSD,1.08119797
2021-04-09,EURUSD,1.18970000
2021-04-09,GBPUSD,1.37340000
2021-04-09,JPYUSD,0.00912076
2021-04-12,AUDUSD,0.76200000
2021-04-12,CHFUSD,1.08365843
2021-04-12,EURUSD,1.19070000
2021-04-12,GBPUSD,1.37410000
2021-04-12,JPYUSD,0.00913826
2021-04-13,AUDUSD,0.76290000
2021-04-13,CHFUSD,1.08542277
2021-04-13,EURUSD,1.19390000
2021-04-13,GBPUSD,1.37420000
2021-04-13,JPYUSD,0.00915835
2021-04-14,AUDUSD,0.77310000
2021-04-14,CHFUSD,1.08365843
2021-04-14,EURUSD,1.19740000
2021-04-14,GBPUSD,1.37900000
2021-04-14,JPYUSD,0.00918021
2021-04-15,AUDUSD,0.77460000
2021-04-15,CHFUSD,1.08377588
2021-04-15,EURUSD,1.19640000
2021-04-15,GBPUSD,1.37810000
2021-04-15,JPYUSD,0.00919287
2021-04-16,AUDUSD,0.77340000
2021-04-16,CHFUSD,1.08742932
2021-04-16,EURUSD,1.19800000
2021-04-16,GBPUSD,1.38260000
2021-04-16,JPYUSD,0.00919287
2021-04-19,AUDUSD,0.77590000
2021-04-19,CHFUSD,1.09229929
2021-04-19,EURUSD,1.20280000
2021-04-19,GBPUSD,1.39770000
2021-04-19,JPYUSD,0.00925155
2021-04-20,AUDUSD,0.77420000
2021-04-20,CHFUSD,1.09349371
2021-04-20,EURUSD,1.20450000
2021-04-20,GBPUSD,1.39550000
2021-04-20,JPYUSD,0.00925326
2021-04-21,AUDUSD,0.77550000
2021-04-21,CHFUSD,1.09098844
2021-04-21,EURUSD,1.20330000
2021-04-21,GBPUSD,1.39360000
2021-04-21,JPYUSD,0.00925155
2021-04-22,AUDUSD,0.77250000
2021-04-22,CHFUSD,1.08908734
2021-04-22,EURUSD,1.20120000
2021-04-22,GBPUSD,1.38510000
2021-04-22,JPYUSD,0.00924471
2021-04-23,AUDUSD,0.77390000
2021-04-23,CHFUSD,1.09265734
2021-04-23,EURUSD,1.20690000
2021-04-23,GBPUSD,1.38450000
2021-04-23,JPYUSD,0.00926441
2021-04-26,AUDUSD,0.78020000
2021-04-26,CHFUSD,1.09349371
2021-04-26,EURUSD,1.20830000
2021-04-26,GBPUSD,1.38900000
2021-04-26,JPYUSD,0.00924898
2021-04-27,AUDUSD,0.77750000
2021-04-27,CHFUSD,1.09481060
2021-04-27,EURUSD,1.20790000
2021-04-27,GBPUSD,1.39080000
2021-04-27,JPYUSD,0.00921150
2021-04-28,AUDUSD,0.77680000
2021-04-28,CHFUSD,1.09601052
2021-04-28,EURUSD,1.20980000
2021-04-28,GBPUSD,1.39170000
2021-04-28,JPYUSD,0.00919033
2021-04-29,AUDUSD,0.77590000
2021-04-29,CHFUSD,1.09902187
2021-04-29,EURUSD,1.21100000
2021-04-29,GBPUSD,1.39560000
2021-04-29,JPYUSD,0.00917936
2021-04-30,AUDUSD,0.77160000
2021-04-30,CHFUSD,1.09565027
2021-04-30,EURUSD,1.20300000
2021-04-30,GBPUSD,1.38380000
2021-04-30,JPYUSD,0.00914662
2021-05-03,AUDUSD,0.77580000
2021-05-03,CHFUSD,1.09697236
2021-05-03,EURUSD,1.20590000
2021-05-03,GBPUSD,1.39130000
2021-05-03,JPYUSD,0.00916758
2021-05-04,AUDUSD,0.76880000
2021-05-04,CHFUSD,1.09457093
2021-05-04,EURUSD,1.20140000
2021-05-04,GBPUSD,1.38730000
2021-05-04,JPYUSD,0.00914578
2021-05-05,AUDUSD,0.77500000
2021-05-05,CHFUSD,1.09529025
2021-05-05,EURUSD,1.20030000
2021-05-05,GBPUSD,1.39130000
2021-05-05,JPYUSD,0.00915164
2021-05-06,AUDUSD,0.77680000
2021-05-06,CHFUSD,1.09938434
2021-05-06,EURUSD,1.20490000
2021-05-06,GBPUSD,1.38800000
2021-05-06,JPYUSD,0.00916003
2021-05-07,AUDUSD,0.78610000
2021-05-07,CHFUSD,1.11000111
2021-05-07,EURUSD,1.21650000
2021-05-07,GBPUSD,1.40000000
2021-05-07,JPYUSD,0.00921489
2021-05-10,AUDUSD,0.78760000
2021-05-10,CHFUSD,1.11284220
2021-05-10,EURUSD,1.21700000
2021-05-10,GBPUSD,1.41530000
2021-05-10,JPYUSD,0.00919963
2021-05-11,AUDUSD,0.78430000
2021-05-11,CHFUSD,1.10864745
2021-05-11,EURUSD,1.21690000
2021-05-11,GBPUSD,1.41490000
2021-05-11,JPYUSD,0.00921404
2021-05-12,AUDUSD,0.77340000
2021-05-12,CHFUSD,1.10035211
2021-05-12,EURUSD,1.20740000
2021-05-12,GBPUSD,1.40810000
2021-05-12,JPYUSD,0.00912992
2021-05-13,AUDUSD,0.77230000
2021-05-13,CHFUSD,1.10277900
2021-05-13,EURUSD,1.20700000
2021-05-13,GBPUSD,1.40330000
2021-05-13,JPYUSD,0.00912742
2021-05-14,AUDUSD,0.77760000
2021-05-14,CHFUSD,1.10852455
2021-05-14,EURUSD,1.21410000
2021-05-14,GBPUSD,1.40960000
2021-05-14,JPYUSD,0.00914328
2021-05-17,AUDUSD,0.77650000
2021-05-17,CHFUSD,1.10913931
2021-05-17,EURUSD,1.21550000
2021-05-17,GBPUSD,1.41270000
2021-05-17,JPYUSD,0.00916003
2021-05-18,AUDUSD,0.77820000
2021-05-18,CHFUSD,1.11284220
2021-05-18,EURUSD,1.22030000
2021-05-18,GBPUSD,1.41840000
2021-05-18,JPYUSD,0.00917347
2021-05-19,AUDUSD,0.77530000
2021-05-19,CHFUSD,1.11074086
2021-05-19,EURUSD,1.22160000
2021-05-19,GBPUSD,1.41690000
2021-05-19,JPYUSD,0.00919456
2021-05-20,AUDUSD,0.77800000
2021-05-20,CHFUSD,1.11296605
2021-05-20,EURUSD,1.22250000
2021-05-20,GBPUSD,1.41820000
2021-05-20,JPYUSD,0.00919202
2021-05-21,AUDUSD,0.77310000
2021-05-21,CHFUSD,1.11271837
2021-05-21,EURUSD,1.21780000
2021-05-21,GBPUSD,1.41580000
2021-05-21,JPYUSD,0.00917936
2021-05-24,AUDUSD,0.77410000
2021-05-24,CHFUSD,1.11445447
2021-05-24,EURUSD,1.22100000
2021-05-24,GBPUSD,1.41470000
2021-05-24,JPYUSD,0.00919033
2021-05-25,AUDUSD,0.77410000
2021-05-25,CHFUSD,1.11470293
2021-05-25,EURUSD,1.22330000
2021-05-25,GBPUSD,1.41230000
2021-05-25,JPYUSD,0.00917852
2021-05-26,AUDUSD,0.77430000
2021-05-26,CHFUSD,1.11445447
2021-05-26,EURUSD,1.22040000
2021-05-26,GBPUSD,1.41290000
2021-05-26,JPYUSD,0.00916590
2021-05-27,AUDUSD,0.77360000
2021-05-27,CHFUSD,1.11395789
2021-05-27,EURUSD,1.21940000
2021-05-27,GBPUSD,1.41720000
2021-05-27,JPYUSD,0.00910664
2021-05-28,AUDUSD,0.77060000
2021-05-28,CHFUSD,1.11172874
2021-05-28,EURUSD,1.21940000
2021-05-28,GBPUSD,1.41880000
2021-05-28,JPYUSD,0.00910498
2021-06-01,AUDUSD,0.77650000
2021-06-01,CHFUSD,1.11681930
2021-06-01,EURUSD,1.22410000
2021-06-01,GBPUSD,1.41680000
2021-06-01,JPYUSD,0.00913826
2021-06-02,AUDUSD,0.77520000
2021-06-02,CHFUSD,1.11358575
2021-06-02,EURUSD,1.22130000
2021-06-02,GBPUSD,1.41770000
2021-06-02,JPYUSD,0.00912492
2021-06-03,AUDUSD,0.76520000
2021-06-03,CHFUSD,1.10485029
2021-06-03,EURUSD,1.21220000
2021-06-03,GBPUSD,1.40990000
2021-06-03,JPYUSD,0.00906783
2021-06-04,AUDUSD,0.77420000
2021-06-04,CHFUSD,1.11234705
2021-06-04,EURUSD,1.21730000
2021-06-04,GBPUSD,1.41750000
2021-06-04,JPYUSD,0.00913910
2021-06-07,AUDUSD,0.77650000
2021-06-07,CHFUSD,1.11495150
2021-06-07,EURUSD,1.22000000
2021-06-07,GBPUSD,1.41790000
2021-06-07,JPYUSD,0.00915332
2021-06-08,AUDUSD,0.77410000
2021-06-08,CHFUSD,1.11569787
2021-06-08,EURUSD,1.21800000
2021-06-08,GBPUSD,1.41460000
2021-06-08,JPYUSD,0.00913492
2021-06-09,AUDUSD,0.77310000
2021-06-09,CHFUSD,1.11632061
2021-06-09,EURUSD,1.21840000
2021-06-09,GBPUSD,1.41240000
2021-06-09,JPYUSD,0.00912326
2021-06-10,AUDUSD,0.77520000
2021-06-10,CHFUSD,1.11719361
2021-06-10,EURUSD,1.21730000
2021-06-10,GBPUSD,1.41650000
2021-06-10,JPYUSD,0.00913325
2021-06-11,AUDUSD,0.76960000
2021-06-11,CHFUSD,1.11197598
2021-06-11,EURUSD,1.21010000
2021-06-11,GBPUSD,1.41140000
2021-06-11,JPYUSD,0.00911162
2021-06-14,AUDUSD,0.77180000
2021-06-14,CHFUSD,1.11222333
2021-06-14,EURUSD,1.21260000
2021-06-14,GBPUSD,1.41160000
2021-06-14,JPYUSD,0.00909256
2021-06-15,AUDUSD,0.76760000
2021-06-15,CHFUSD,1.11296605
2021-06-15,EURUSD,1.21200000
2021-06-15,GBPUSD,1.40730000
2021-06-15,JPYUSD,0.00908100
2021-06-16,AUDUSD,0.77120000
2021-06-16,CHFUSD,1.11284220
2021-06-16,EURUSD,1.21190000
2021-06-16,GBPUSD,1.41100000
2021-06-16,JPYUSD,0.00910084
2021-06-17,AUDUSD,0.75550000
2021-06-17,CHFUSD,1.09015589
2021-06-17,EURUSD,1.19110000
2021-06-17,GBPUSD,1.39160000
2021-06-17,JPYUSD,0.00906783
2021-06-18,AUDUSD,0.74990000
2021-06-18,CHFUSD,1.08518719
2021-06-18,EURUSD,1.18720000
2021-06-18,GBPUSD,1.38170000
2021-06-18,JPYUSD,0.00907359
2021-06-21,AUDUSD,0.75280000
2021-06-21,CHFUSD,1.08885017
2021-06-21,EURUSD,1.19090000
2021-06-21,GBPUSD,1.39150000
2021-06-21,JPYUSD,0.00907276
2021-06-22,AUDUSD,0.75280000
2021-06-22,CHFUSD,1.08695652
2021-06-22,EURUSD,1.19100000
2021-06-22,GBPUSD,1.39210000
2021-06-22,JPYUSD,0.00902935
2021-06-23,AUDUSD,0.75890000
2021-06-23,CHFUSD,1.09063148
2021-06-23,EURUSD,1.19500000
2021-06-23,GBPUSD,1.39770000
2021-06-23,JPYUSD,0.00902039
2021-06-24,AUDUSD,0.75730000
2021-06-24,CHFUSD,1.08837614
2021-06-24,EURUSD,1.19270000
2021-06-24,GBPUSD,1.39070000
2021-06-24,JPYUSD,0.00901632
2021-06-25,AUDUSD,0.75950000
2021-06-25,CHFUSD,1.08991826
2021-06-25,EURUSD,1.19400000
2021-06-25,GBPUSD,1.38990000
2021-06-25,JPYUSD,0.00902690
2021-06-28,AUDUSD,0.75740000
2021-06-28,CHFUSD,1.08885017
2021-06-28,EURUSD,1.19380000
2021-06-28,GBPUSD,1.38950000
2021-06-28,JPYUSD,0.00904977
2021-06-29,AUDUSD,0.75170000
2021-06-29,CHFUSD,1.08683839
2021-06-29,EURUSD,1.19050000
2021-06-29,GBPUSD,1.38450000
2021-06-29,JPYUSD,0.00904732
2021-06-30,AUDUSD,0.74960000
2021-06-30,CHFUSD,1.08073057
2021-06-30,EURUSD,1.18480000
2021-06-30,GBPUSD,1.38060000
2021-06-30,JPYUSD,0.00900495
2021-07-01,AUDUSD,0.74720000
2021-07-01,CHFUSD,1.08073057
2021-07-01,EURUSD,1.18570000
2021-07-01,GBPUSD,1.37800000
2021-07-01,JPYUSD,0.00896379
2021-07-02,AUDUSD,0.74990000
2021-07-02,CHFUSD,1.08412836
2021-07-02,EURUSD,1.18480000
2021-07-02,GBPUSD,1.37950000
2021-07-02,JPYUSD,0.00898634
2021-07-06,AUDUSD,0.74960000
2021-07-06,CHFUSD,1.08166577
2021-07-06,EURUSD,1.18160000
2021-07-06,GBPUSD,1.37920000
2021-07-06,JPYUSD,0.00903669
2021-07-07,AUDUSD,0.74850000
2021-07-07,CHFUSD,1.08084738
2021-07-07,EURUSD,1.18030000
2021-07-07,GBPUSD,1.37920000
2021-07-07,JPYUSD,0.00903996
2021-07-08,AUDUSD,0.74370000
2021-07-08,CHFUSD,1.09253797
2021-07-08,EURUSD,1.18400000
2021-07-08,GBPUSD,1.37670000
2021-07-08,JPYUSD,0.00910581
2021-07-09,AUDUSD,0.74800000
2021-07-09,CHFUSD,1.09277675
2021-07-09,EURUSD,1.18610000
2021-07-09,GBPUSD,1.38420000
2021-07-09,JPYUSD,0.00907606
2021-07-12,AUDUSD,0.74900000
2021-07-12,CHFUSD,1.09241861
2021-07-12,EURUSD,1.18580000
2021-07-12,GBPUSD,1.38860000
2021-07-12,JPYUSD,0.00906125
2021-07-13,AUDUSD,0.74710000
2021-07-13,CHFUSD,1.09122654
2021-07-13,EURUSD,1.18130000
2021-07-13,GBPUSD,1.38470000
2021-07-13,JPYUSD,0.00906125
2021-07-14,AUDUSD,0.74690000
2021-07-14,CHFUSD,1.09241861
2021-07-14,EURUSD,1.18260000
2021-07-14,GBPUSD,1.38540000
2021-07-14,JPYUSD,0.00908843
2021-07-15,AUDUSD,0.74360000
2021-07-15,CHFUSD,1.08861311
2021-07-15,EURUSD,1.18060000
2021-07-15,GBPUSD,1.38490000
2021-07-15,JPYUSD,0.00908678
2021-07-16,AUDUSD,0.74090000
2021-07-16,CHFUSD,1.08790252
2021-07-16,EURUSD,1.18100000
2021-07-16,GBPUSD,1.37850000
2021-07-16,JPYUSD,0.00908018
2021-07-19,AUDUSD,0.73430000
2021-07-19,CHFUSD,1.08944329
2021-07-19,EURUSD,1.18040000
2021-07-19,GBPUSD,1.36900000
2021-07-19,JPYUSD,0.00913659
2021-07-20,AUDUSD,0.73250000
2021-07-20,CHFUSD,1.08483402
2021-07-20,EURUSD,1.17760000
2021-07-20,GBPUSD,1.36150000
2021-07-20,JPYUSD,0.00909753
2021-07-21,AUDUSD,0.73570000
2021-07-21,CHFUSD,1.08944329
2021-07-21,EURUSD,1.17990000
2021-07-21,GBPUSD,1.36950000
2021-07-21,JPYUSD,0.00907276
2021-07-22,AUDUSD,0.73650000
2021-07-22,CHFUSD,1.08754758
2021-07-22,EURUSD,1.17710000
2021-07-22,GBPUSD,1.37500000
2021-07-22,JPYUSD,0.00908265
2021-07-23,AUDUSD,0.73640000
2021-07-23,CHFUSD,1.08565845
2021-07-23,EURUSD,1.17610000
2021-07-23,GBPUSD,1.37490000
2021-07-23,JPYUSD,0.00904814
2021-07-26,AUDUSD,0.73860000
2021-07-26,CHFUSD,1.09206072
2021-07-26,EURUSD,1.18100000
2021-07-26,GBPUSD,1.38290000
2021-07-26,JPYUSD,0.00906536
2021-07-27,AUDUSD,0.73680000
2021-07-27,CHFUSD,1.09469075
2021-07-27,EURUSD,1.18310000
2021-07-27,GBPUSD,1.38840000
2021-07-27,JPYUSD,0.00912076
2021-07-28,AUDUSD,0.73490000
2021-07-28,CHFUSD,1.09481060
2021-07-28,EURUSD,1.18090000
2021-07-28,GBPUSD,1.38840000
2021-07-28,JPYUSD,0.00908595
2021-07-29,AUDUSD,0.74000000
2021-07-29,CHFUSD,1.10350916
2021-07-29,EURUSD,1.18860000
2021-07-29,GBPUSD,1.39660000
2021-07-29,JPYUSD,0.00912992
2021-07-30,AUDUSD,0.73510000
2021-07-30,CHFUSD,1.10363095
2021-07-30,EURUSD,1.18640000
2021-07-30,GBPUSD,1.39130000
2021-07-30,JPYUSD,0.00911577
2021-08-02,AUDUSD,0.73640000
2021-08-02,CHFUSD,1.10485029
2021-08-02,EURUSD,1.18730000
2021-08-02,GBPUSD,1.38860000
2021-08-02,JPYUSD,0.00915583
2021-08-03,AUDUSD,0.73850000
2021-08-03,CHFUSD,1.10533879
2021-08-03,EURUSD,1.18590000
2021-08-03,GBPUSD,1.39050000
2021-08-03,JPYUSD,0.00916674
2021-08-04,AUDUSD,0.73780000
2021-08-04,CHFUSD,1.10363095
2021-08-04,EURUSD,1.18410000
2021-08-04,GBPUSD,1.39120000
2021-08-04,JPYUSD,0.00913743
2021-08-05,AUDUSD,0.74090000
2021-08-05,CHFUSD,1.10253583
2021-08-05,EURUSD,1.18380000
2021-08-05,GBPUSD,1.39290000
2021-08-05,JPYUSD,0.00911162
2021-08-06,AUDUSD,0.73570000
2021-08-06,CHFUSD,1.09385255
2021-08-06,EURUSD,1.17610000
2021-08-06,GBPUSD,1.38730000
2021-08-06,JPYUSD,0.00907276
2021-08-09,AUDUSD,0.73400000
2021-08-09,CHFUSD,1.08802089
2021-08-09,EURUSD,1.17490000
2021-08-09,GBPUSD,1.38520000
2021-08-09,JPYUSD,0.00907029
2021-08-10,AUDUSD,0.73460000
2021-08-10,CHFUSD,1.08389334
2021-08-10,EURUSD,1.17220000
2021-08-10,GBPUSD,1.38400000
2021-08-10,JPYUSD,0.00904650
2021-08-11,AUDUSD,0.73740000
2021-08-11,CHFUSD,1.08518719
2021-08-11,EURUSD,1.17370000
2021-08-11,GBPUSD,1.38660000
2021-08-11,JPYUSD,0.00905223
2021-08-12,AUDUSD,0.73450000
2021-08-12,CHFUSD,1.08342362
2021-08-12,EURUSD,1.17360000
2021-08-12,GBPUSD,1.38330000
2021-08-12,JPYUSD,0.00906125
2021-08-13,AUDUSD,0.73770000
2021-08-13,CHFUSD,1.09146475
2021-08-13,EURUSD,1.17960000
2021-08-13,GBPUSD,1.38570000
2021-08-13,JPYUSD,0.00911162
2021-08-16,AUDUSD,0.73390000
2021-08-16,CHFUSD,1.09613066
2021-08-16,EURUSD,1.17760000
2021-08-16,GBPUSD,1.38490000
2021-08-16,JPYUSD,0.00915248
2021-08-17,AUDUSD,0.72540000
2021-08-17,CHFUSD,1.09361330
2021-08-17,EURUSD,1.17140000
2021-08-17,GBPUSD,1.37390000
2021-08-17,JPYUSD,0.00912492
2021-08-18,AUDUSD,0.72360000
2021-08-18,CHFUSD,1.08944329
2021-08-18,EURUSD,1.17020000
2021-08-18,GBPUSD,1.37490000
2021-08-18,JPYUSD,0.00909753
2021-08-19,AUDUSD,0.71700000
2021-08-19,CHFUSD,1.09015589
2021-08-19,EURUSD,1.16930000
2021-08-19,GBPUSD,1.36730000
2021-08-19,JPYUSD,0.00911162
2021-08-20,AUDUSD,0.71330000
2021-08-20,CHFUSD,1.08979948
2021-08-20,EURUSD,1.16900000
2021-08-20,GBPUSD,1.36250000
2021-08-20,JPYUSD,0.00910996
2021-08-23,AUDUSD,0.72080000
2021-08-23,CHFUSD,1.09445113
2021-08-23,EURUSD,1.17320000
2021-08-23,GBPUSD,1.37170000
2021-08-23,JPYUSD,0.00910913
2021-08-24,AUDUSD,0.72540000
2021-08-24,CHFUSD,1.09529025
2021-08-24,EURUSD,1.17460000
2021-08-24,GBPUSD,1.37160000
2021-08-24,JPYUSD,0.00911743
2021-08-25,AUDUSD,0.72660000
2021-08-25,CHFUSD,1.09445113
2021-08-25,EURUSD,1.17580000
2021-08-25,GBPUSD,1.37230000
2021-08-25,JPYUSD,0.00908843
2021-08-26,AUDUSD,0.72480000
2021-08-26,CHFUSD,1.09003706
2021-08-26,EURUSD,1.17610000
2021-08-26,GBPUSD,1.37120000
2021-08-26,JPYUSD,0.00908348
2021-08-27,AUDUSD,0.73090000
2021-08-27,CHFUSD,1.09625082
2021-08-27,EURUSD,1.17940000
2021-08-27,GBPUSD,1.37690000
2021-08-27,JPYUSD,0.00910415
2021-08-30,AUDUSD,0.72950000
2021-08-30,CHFUSD,1.09027475
2021-08-30,EURUSD,1.17950000
2021-08-30,GBPUSD,1.37580000
2021-08-30,JPYUSD,0.00909835
2021-08-31,AUDUSD,0.73070000
2021-08-31,CHFUSD,1.09158389
2021-08-31,EURUSD,1.18000000
2021-08-31,GBPUSD,1.37470000
2021-08-31,JPYUSD,0.00908678
2021-09-01,AUDUSD,0.73690000
2021-09-01,CHFUSD,1.09349371
2021-09-01,EURUSD,1.18500000
2021-09-01,GBPUSD,1.37900000
2021-09-01,JPYUSD,0.00908843
2021-09-02,AUDUSD,0.74010000
2021-09-02,CHFUSD,1.09182225
2021-09-02,EURUSD,1.18580000
2021-09-02,GBPUSD,1.38250000
2021-09-02,JPYUSD,0.00909008
2021-09-03,AUDUSD,0.74420000
2021-09-03,CHFUSD,1.09457093
2021-09-03,EURUSD,1.18840000
2021-09-03,GBPUSD,1.38620000
2021-09-03,JPYUSD,0.00912076
2021-09-07,AUDUSD,0.73940000
2021-09-07,CHFUSD,1.08944329
2021-09-07,EURUSD,1.18490000
2021-09-07,GBPUSD,1.37920000
2021-09-07,JPYUSD,0.00907688
2021-09-08,AUDUSD,0.73680000
2021-09-08,CHFUSD,1.08471635
2021-09-08,EURUSD,1.18180000
2021-09-08,GBPUSD,1.37610000
2021-09-08,JPYUSD,0.00906454
2021-09-09,AUDUSD,0.73800000
2021-09-09,CHFUSD,1.09015589
2021-09-09,EURUSD,1.18270000
2021-09-09,GBPUSD,1.38550000
2021-09-09,JPYUSD,0.00911079
2021-09-10,AUDUSD,0.73660000
2021-09-10,CHFUSD,1.08932462
2021-09-10,EURUSD,1.18210000
2021-09-10,GBPUSD,1.38470000
2021-09-10,JPYUSD,0.00909670
2021-09-13,AUDUSD,0.73700000
2021-09-13,CHFUSD,1.08542277
2021-09-13,EURUSD,1.18090000
2021-09-13,GBPUSD,1.38440000
2021-09-13,JPYUSD,0.00909587
2021-09-14,AUDUSD,0.73350000
2021-09-14,CHFUSD,1.08778418
2021-09-14,EURUSD,1.18240000
2021-09-14,GBPUSD,1.38480000
2021-09-14,JPYUSD,0.00911910
2021-09-15,AUDUSD,0.73240000
2021-09-15,CHFUSD,1.08742932
2021-09-15,EURUSD,1.18110000
2021-09-15,GBPUSD,1.38370000
2021-09-15,JPYUSD,0.00914077
2021-09-16,AUDUSD,0.72880000
2021-09-16,CHFUSD,1.08096422
2021-09-16,EURUSD,1.17640000
2021-09-16,GBPUSD,1.37850000
2021-09-16,JPYUSD,0.00911826
2021-09-17,AUDUSD,0.72760000
2021-09-17,CHFUSD,1.07434465
2021-09-17,EURUSD,1.17340000
2021-09-17,GBPUSD,1.37550000
2021-09-17,JPYUSD,0.00909587
2021-09-20,AUDUSD,0.72480000
2021-09-20,CHFUSD,1.07793468
2021-09-20,EURUSD,1.17290000
2021-09-20,GBPUSD,1.36560000
2021-09-20,JPYUSD,0.00913492
2021-09-21,AUDUSD,0.72400000
2021-09-21,CHFUSD,1.08283703
2021-09-21,EURUSD,1.17240000
2021-09-21,GBPUSD,1.36630000
2021-09-21,JPYUSD,0.00914662
2021-09-22,AUDUSD,0.72640000
2021-09-22,CHFUSD,1.08424591
2021-09-22,EURUSD,1.17390000
2021-09-22,GBPUSD,1.36690000
2021-09-22,JPYUSD,0.00912492
2021-09-23,AUDUSD,0.72970000
2021-09-23,CHFUSD,1.08189982
2021-09-23,EURUSD,1.17350000
2021-09-23,GBPUSD,1.37450000
2021-09-23,JPYUSD,0.00907688
2021-09-24,AUDUSD,0.72580000
2021-09-24,CHFUSD,1.08154878
2021-09-24,EURUSD,1.17150000
2021-09-24,GBPUSD,1.36810000
2021-09-24,JPYUSD,0.00903179
2021-09-27,AUDUSD,0.72840000
2021-09-27,CHFUSD,1.08038029
2021-09-27,EURUSD,1.17020000
2021-09-27,GBPUSD,1.37120000
2021-09-27,JPYUSD,0.00901144
2021-09-28,AUDUSD,0.72370000
2021-09-28,CHFUSD,1.07735402
2021-09-28,EURUSD,1.16810000
2021-09-28,GBPUSD,1.35370000
2021-09-28,JPYUSD,0.00898230
2021-09-29,AUDUSD,0.71900000
2021-09-29,CHFUSD,1.07123728
2021-09-29,EURUSD,1.16120000
2021-09-29,GBPUSD,1.34390000
2021-09-29,JPYUSD,0.00894214
2021-09-30,AUDUSD,0.72280000
2021-09-30,CHFUSD,1.07077846
2021-09-30,EURUSD,1.15770000
2021-09-30,GBPUSD,1.34700000
2021-09-30,JPYUSD,0.00896861
2021-10-01,AUDUSD,0.72710000
2021-10-01,CHFUSD,1.07561579
2021-10-01,EURUSD,1.15980000
2021-10-01,GBPUSD,1.35720000
2021-10-01,JPYUSD,0.00901144
2021-10-04,AUDUSD,0.72840000
2021-10-04,CHFUSD,1.08131488
2021-10-04,EURUSD,1.16220000
2021-10-04,GBPUSD,1.36020000
2021-10-04,JPYUSD,0.00901388
2021-10-05,AUDUSD,0.72950000
2021-10-05,CHFUSD,1.07863229
2021-10-05,EURUSD,1.16090000
2021-10-05,GBPUSD,1.36400000
2021-10-05,JPYUSD,0.00897747
2021-10-06,AUDUSD,0.72580000
2021-10-06,CHFUSD,1.07770234
2021-10-06,EURUSD,1.15460000
2021-10-06,GBPUSD,1.35690000
2021-10-06,JPYUSD,0.00898230
2021-10-07,AUDUSD,0.73210000
2021-10-07,CHFUSD,1.07758621
2021-10-07,EURUSD,1.15610000
2021-10-07,GBPUSD,1.36340000
2021-10-07,JPYUSD,0.00896861
2021-10-08,AUDUSD,0.73080000
2021-10-08,CHFUSD,1.07851596
2021-10-08,EURUSD,1.15720000
2021-10-08,GBPUSD,1.36300000
2021-10-08,JPYUSD,0.00891663
2021-10-12,AUDUSD,0.73660000
2021-10-12,CHFUSD,1.07503763
2021-10-12,EURUSD,1.15410000
2021-10-12,GBPUSD,1.36050000
2021-10-12,JPYUSD,0.00879585
2021-10-13,AUDUSD,0.73710000
2021-10-13,CHFUSD,1.07991361
2021-10-13,EURUSD,1.15680000
2021-10-13,GBPUSD,1.36450000
2021-10-13,JPYUSD,0.00881135
2021-10-14,AUDUSD,0.74190000
2021-10-14,CHFUSD,1.08318891
2021-10-14,EURUSD,1.15910000
2021-10-14,GBPUSD,1.36840000
2021-10-14,JPYUSD,0.00880359
2021-10-15,AUDUSD,0.74160000
2021-10-15,CHFUSD,1.08213397
2021-10-15,EURUSD,1.15940000
2021-10-15,GBPUSD,1.37560000
2021-10-15,JPYUSD,0.00874814
2021-10-18,AUDUSD,0.74170000
2021-10-18,CHFUSD,1.08318891
2021-10-18,EURUSD,1.16090000
2021-10-18,GBPUSD,1.37260000
2021-10-18,JPYUSD,0.00875503
2021-10-19,AUDUSD,0.74810000
2021-10-19,CHFUSD,1.08377588
2021-10-19,EURUSD,1.16320000
2021-10-19,GBPUSD,1.38070000
2021-10-19,JPYUSD,0.00875120
2021-10-20,AUDUSD,0.75120000
2021-10-20,CHFUSD,1.08731108
2021-10-20,EURUSD,1.16430000
2021-10-20,GBPUSD,1.38210000
2021-10-20,JPYUSD,0.00875350
2021-10-21,AUDUSD,0.74920000
2021-10-21,CHFUSD,1.09015589
2021-10-21,EURUSD,1.16430000
2021-10-21,GBPUSD,1.38120000
2021-10-21,JPYUSD,0.00879121
2021-10-22,AUDUSD,0.74630000
2021-10-22,CHFUSD,1.09122654
2021-10-22,EURUSD,1.16320000
2021-10-22,GBPUSD,1.37410000
2021-10-22,JPYUSD,0.00880747
2021-10-25,AUDUSD,0.74940000
2021-10-25,CHFUSD,1.08778418
2021-10-25,EURUSD,1.16090000
2021-10-25,GBPUSD,1.37730000
2021-10-25,JPYUSD,0.00879507
2021-10-26,AUDUSD,0.74970000
2021-10-26,CHFUSD,1.08648414
2021-10-26,EURUSD,1.15900000
2021-10-26,GBPUSD,1.37720000
2021-10-26,JPYUSD,0.00875733
2021-10-27,AUDUSD,0.75150000
2021-10-27,CHFUSD,1.08896875
2021-10-27,EURUSD,1.16000000
2021-10-27,GBPUSD,1.37390000
2021-10-27,JPYUSD,0.00879121
2021-10-28,AUDUSD,0.75470000
2021-10-28,CHFUSD,1.09613066
2021-10-28,EURUSD,1.16850000
2021-10-28,GBPUSD,1.38040000
2021-10-28,JPYUSD,0.00881990
2021-10-29,AUDUSD,0.75100000
2021-10-29,CHFUSD,1.09110747
2021-10-29,EURUSD,1.15520000
2021-10-29,GBPUSD,1.36860000
2021-10-29,JPYUSD,0.00876962
2021-11-01,AUDUSD,0.75340000
2021-11-01,CHFUSD,1.09829764
2021-11-01,EURUSD,1.15910000
2021-11-01,GBPUSD,1.36790000
2021-11-01,JPYUSD,0.00875733
2021-11-02,AUDUSD,0.74290000
2021-11-02,CHFUSD,1.09349371
2021-11-02,EURUSD,1.15810000
2021-11-02,GBPUSD,1.36120000
2021-11-02,JPYUSD,0.00878889
2021-11-03,AUDUSD,0.74300000
2021-11-03,CHFUSD,1.09637101
2021-11-03,EURUSD,1.15840000
2021-11-03,GBPUSD,1.36590000
2021-11-03,JPYUSD,0.00876732
2021-11-04,AUDUSD,0.74020000
2021-11-04,CHFUSD,1.09565027
2021-11-04,EURUSD,1.15460000
2021-11-04,GBPUSD,1.34940000
2021-11-04,JPYUSD,0.00880049
2021-11-05,AUDUSD,0.74080000
2021-11-05,CHFUSD,1.09493047
2021-11-05,EURUSD,1.15540000
2021-11-05,GBPUSD,1.34910000
2021-11-05,JPYUSD,0.00881446
2021-11-08,AUDUSD,0.74290000
2021-11-08,CHFUSD,1.09505037
2021-11-08,EURUSD,1.15900000
2021-11-08,GBPUSD,1.35630000
2021-11-08,JPYUSD,0.00883783
2021-11-09,AUDUSD,0.73690000
2021-11-09,CHFUSD,1.09673174
2021-11-09,EURUSD,1.15890000
2021-11-09,GBPUSD,1.35510000
2021-11-09,JPYUSD,0.00885975
2021-11-10,AUDUSD,0.73600000
2021-11-10,CHFUSD,1.09122654
2021-11-10,EURUSD,1.15170000
2021-11-10,GBPUSD,1.34700000
2021-11-10,JPYUSD,0.00878040
2021-11-12,AUDUSD,0.73220000
2021-11-12,CHFUSD,1.08565845
2021-11-12,EURUSD,1.14430000
2021-11-12,GBPUSD,1.34120000
2021-11-12,JPYUSD,0.00877963
2021-11-15,AUDUSD,0.73610000
2021-11-15,CHFUSD,1.08495172
2021-11-15,EURUSD,1.14210000
2021-11-15,GBPUSD,1.34440000
2021-11-15,JPYUSD,0.00877501
2021-11-16,AUDUSD,0.73090000
2021-11-16,CHFUSD,1.07550011
2021-11-16,EURUSD,1.13330000
2021-11-16,GBPUSD,1.34290000
2021-11-16,JPYUSD,0.00872448
2021-11-17,AUDUSD,0.72730000
2021-11-17,CHFUSD,1.07688994
2021-11-17,EURUSD,1.13220000
2021-11-17,GBPUSD,1.34880000
2021-11-17,JPYUSD,0.00874661
2021-11-18,AUDUSD,0.72700000
2021-11-18,CHFUSD,1.07991361
2021-11-18,EURUSD,1.13580000
2021-11-18,GBPUSD,1.34890000
2021-11-18,JPYUSD,0.00875503
2021-11-19,AUDUSD,0.72570000
2021-11-19,CHFUSD,1.07968041
2021-11-19,EURUSD,1.13180000
2021-11-19,GBPUSD,1.34740000
2021-11-19,JPYUSD,0.00878657
2021-11-22,AUDUSD,0.72350000
2021-11-22,CHFUSD,1.07526882
2021-11-22,EURUSD,1.12600000
2021-11-22,GBPUSD,1.34120000
2021-11-22,JPYUSD,0.00871916
2021-11-23,AUDUSD,0.72220000
2021-11-23,CHFUSD,1.07238606
2021-11-23,EURUSD,1.12650000
2021-11-23,GBPUSD,1.33880000
2021-11-23,JPYUSD,0.00869716
2021-11-24,AUDUSD,0.71970000
2021-11-24,CHFUSD,1.06906136
2021-11-24,EURUSD,1.11960000
2021-11-24,GBPUSD,1.33320000
2021-11-24,JPYUSD,0.00867002
2021-11-26,AUDUSD,0.71240000
2021-11-26,CHFUSD,1.08295430
2021-11-26,EURUSD,1.13020000
2021-11-26,GBPUSD,1.33220000
2021-11-26,JPYUSD,0.00881368
2021-11-29,AUDUSD,0.71190000
2021-11-29,CHFUSD,1.08108108
2021-11-29,EURUSD,1.12610000
2021-11-29,GBPUSD,1.32910000
2021-11-29,JPYUSD,0.00879121
2021-11-30,AUDUSD,0.70880000
2021-11-30,CHFUSD,1.08495172
2021-11-30,EURUSD,1.12870000
2021-11-30,GBPUSD,1.32520000
2021-11-30,JPYUSD,0.00883236
2021-12-01,AUDUSD,0.71320000
2021-12-01,CHFUSD,1.08754758
2021-12-01,EURUSD,1.13230000
2021-12-01,GBPUSD,1.33080000
2021-12-01,JPYUSD,0.00886368
2021-12-02,AUDUSD,0.70970000
2021-12-02,CHFUSD,1.08636611
2021-12-02,EURUSD,1.13060000
2021-12-02,GBPUSD,1.33050000
2021-12-02,JPYUSD,0.00884173
2021-12-03,AUDUSD,0.70110000
2021-12-03,CHFUSD,1.08873163
2021-12-03,EURUSD,1.13080000
2021-12-03,GBPUSD,1.32340000
2021-12-03,JPYUSD,0.00885897
2021-12-06,AUDUSD,0.70440000
2021-12-06,CHFUSD,1.08038029
2021-12-06,EURUSD,1.12820000
2021-12-06,GBPUSD,1.32520000
2021-12-06,JPYUSD,0.00882535
2021-12-07,AUDUSD,0.71130000
2021-12-07,CHFUSD,1.07944732
2021-12-07,EURUSD,1.12470000
2021-12-07,GBPUSD,1.32360000
2021-12-07,JPYUSD,0.00880204
2021-12-08,AUDUSD,0.71670000
2021-12-08,CHFUSD,1.08495172
2021-12-08,EURUSD,1.13300000
2021-12-08,GBPUSD,1.32360000
2021-12-08,JPYUSD,0.00878503
2021-12-09,AUDUSD,0.71460000
2021-12-09,CHFUSD,1.07991361
2021-12-09,EURUSD,1.12850000
2021-12-09,GBPUSD,1.31880000
2021-12-09,JPYUSD,0.00880824
2021-12-10,AUDUSD,0.71770000
2021-12-10,CHFUSD,1.08636611
2021-12-10,EURUSD,1.13120000
2021-12-10,GBPUSD,1.32620000
2021-12-10,JPYUSD,0.00882145
2021-12-13,AUDUSD,0.71230000
2021-12-13,CHFUSD,1.08554060
2021-12-13,EURUSD,1.12980000
2021-12-13,GBPUSD,1.32330000
2021-12-13,JPYUSD,0.00881679
2021-12-14,AUDUSD,0.71030000
2021-12-14,CHFUSD,1.08271979
2021-12-14,EURUSD,1.12670000
2021-12-14,GBPUSD,1.32250000
2021-12-14,JPYUSD,0.00880049
2021-12-15,AUDUSD,0.71250000
2021-12-15,CHFUSD,1.08014690
2021-12-15,EURUSD,1.12610000
2021-12-15,GBPUSD,1.32140000
2021-12-15,JPYUSD,0.00878503
2021-12-16,AUDUSD,0.71910000
2021-12-16,CHFUSD,1.08518719
2021-12-16,EURUSD,1.13090000
2021-12-16,GBPUSD,1.33250000
2021-12-16,JPYUSD,0.00879740
2021-12-17,AUDUSD,0.71480000
2021-12-17,CHFUSD,1.08389334
2021-12-17,EURUSD,1.12770000
2021-12-17,GBPUSD,1.32690000
2021-12-17,JPYUSD,0.00880592
2021-12-20,AUDUSD,0.71170000
2021-12-20,CHFUSD,1.08695652
2021-12-20,EURUSD,1.12980000
2021-12-20,GBPUSD,1.32220000
2021-12-20,JPYUSD,0.00881446
2021-12-21,AUDUSD,0.71400000
2021-12-21,CHFUSD,1.08201688
2021-12-21,EURUSD,1.12720000
2021-12-21,GBPUSD,1.32530000
2021-12-21,JPYUSD,0.00876347
2021-12-22,AUDUSD,0.72150000
2021-12-22,CHFUSD,1.08683839
2021-12-22,EURUSD,1.13240000
2021-12-22,GBPUSD,1.33450000
2021-12-22,JPYUSD,0.00875503
2021-12-23,AUDUSD,0.72400000
2021-12-23,CHFUSD,1.08861311
2021-12-23,EURUSD,1.13200000
2021-12-23,GBPUSD,1.34100000
2021-12-23,JPYUSD,0.00873973
2021-12-27,AUDUSD,0.72380000
2021-12-27,CHFUSD,1.08991826
2021-12-27,EURUSD,1.13290000
2021-12-27,GBPUSD,1.34380000
2021-12-27,JPYUSD,0.00870701
2021-12-28,AUDUSD,0.72330000
2021-12-28,CHFUSD,1.09086942
2021-12-28,EURUSD,1.13140000
2021-12-28,GBPUSD,1.34320000
2021-12-28,JPYUSD,0.00871460
2021-12-29,AUDUSD,0.72410000
2021-12-29,CHFUSD,1.09301563
2021-12-29,EURUSD,1.13370000
2021-12-29,GBPUSD,1.34750000
2021-12-29,JPYUSD,0.00869792
2021-12-30,AUDUSD,0.72600000
2021-12-30,CHFUSD,1.09337415
2021-12-30,EURUSD,1.13180000
2021-12-30,GBPUSD,1.35000000
2021-12-30,JPYUSD,0.00868282
2022-01-03,AUDUSD,0.71950000
2022-01-03,CHFUSD,1.08837614
2022-01-03,EURUSD,1.12900000
2022-01-03,GBPUSD,1.34690000
2022-01-03,JPYUSD,0.00867528
2022-01-04,AUDUSD,0.72410000
2022-01-04,CHFUSD,1.09241861
2022-01-04,EURUSD,1.12960000
2022-01-04,GBPUSD,1.35440000
2022-01-04,JPYUSD,0.00861178
2022-01-05,AUDUSD,0.72600000
2022-01-05,CHFUSD,1.09158389
2022-01-05,EURUSD,1.13350000
2022-01-05,GBPUSD,1.35730000
2022-01-05,JPYUSD,0.00862738
2022-01-06,AUDUSD,0.71680000
2022-01-06,CHFUSD,1.08742932
2022-01-06,EURUSD,1.13070000
2022-01-06,GBPUSD,1.35390000
2022-01-06,JPYUSD,0.00863707
2022-01-07,AUDUSD,0.71860000
2022-01-07,CHFUSD,1.08802089
2022-01-07,EURUSD,1.13580000
2022-01-07,GBPUSD,1.35830000
2022-01-07,JPYUSD,0.00864977
2022-01-10,AUDUSD,0.71700000
2022-01-10,CHFUSD,1.08084738
2022-01-10,EURUSD,1.13280000
2022-01-10,GBPUSD,1.35670000
2022-01-10,JPYUSD,0.00868508
2022-01-11,AUDUSD,0.71980000
2022-01-11,CHFUSD,1.08260258
2022-01-11,EURUSD,1.13630000
2022-01-11,GBPUSD,1.36220000
2022-01-11,JPYUSD,0.00866701
2022-01-12,AUDUSD,0.72770000
2022-01-12,CHFUSD,1.09481060
2022-01-12,EURUSD,1.14310000
2022-01-12,GBPUSD,1.36980000
2022-01-12,JPYUSD,0.00871536
2022-01-13,AUDUSD,0.72990000
2022-01-13,CHFUSD,1.09865964
2022-01-13,EURUSD,1.14640000
2022-01-13,GBPUSD,1.37240000
2022-01-13,JPYUSD,0.00876732
2022-01-14,AUDUSD,0.72220000
2022-01-14,CHFUSD,1.09493047
2022-01-14,EURUSD,1.14140000
2022-01-14,GBPUSD,1.36700000
2022-01-14,JPYUSD,0.00878040
2022-01-18,AUDUSD,0.71880000
2022-01-18,CHFUSD,1.09075044
2022-01-18,EURUSD,1.13360000
2022-01-18,GBPUSD,1.35880000
2022-01-18,JPYUSD,0.00872600
2022-01-19,AUDUSD,0.72260000
2022-01-19,CHFUSD,1.09229929
2022-01-19,EURUSD,1.13460000
2022-01-19,GBPUSD,1.36250000
2022-01-19,JPYUSD,0.00875044
2022-01-20,AUDUSD,0.72660000
2022-01-20,CHFUSD,1.09206072
2022-01-20,EURUSD,1.13360000
2022-01-20,GBPUSD,1.36420000
2022-01-20,JPYUSD,0.00876578
2022-01-21,AUDUSD,0.71990000
2022-01-21,CHFUSD,1.09649123
2022-01-21,EURUSD,1.13460000
2022-01-21,GBPUSD,1.35620000
2022-01-21,JPYUSD,0.00879353
2022-01-24,AUDUSD,0.71010000
2022-01-24,CHFUSD,1.09337415
2022-01-24,EURUSD,1.13100000
2022-01-24,GBPUSD,1.34470000
2022-01-24,JPYUSD,0.00878580
2022-01-25,AUDUSD,0.71380000
2022-01-25,CHFUSD,1.08766587
2022-01-25,EURUSD,1.12830000
2022-01-25,GBPUSD,1.34950000
2022-01-25,JPYUSD,0.00878117
2022-01-26,AUDUSD,0.71670000
2022-01-26,CHFUSD,1.08542277
2022-01-26,EURUSD,1.12790000
2022-01-26,GBPUSD,1.35160000
2022-01-26,JPYUSD,0.00874661
2022-01-27,AUDUSD,0.70440000
2022-01-27,CHFUSD,1.07319167
2022-01-27,EURUSD,1.11410000
2022-01-27,GBPUSD,1.33850000
2022-01-27,JPYUSD,0.00866026
2022-01-28,AUDUSD,0.69980000
2022-01-28,CHFUSD,1.07550011
2022-01-28,EURUSD,1.11600000
2022-01-28,GBPUSD,1.34170000
2022-01-28,JPYUSD,0.00867980
2022-01-31,AUDUSD,0.70640000
2022-01-31,CHFUSD,1.07492207
2022-01-31,EURUSD,1.12120000
2022-01-31,GBPUSD,1.34390000
2022-01-31,JPYUSD,0.00867905
2022-02-01,AUDUSD,0.71100000
2022-02-01,CHFUSD,1.08330625
2022-02-01,EURUSD,1.12390000
2022-02-01,GBPUSD,1.35050000
2022-02-01,JPYUSD,0.00871308
2022-02-02,AUDUSD,0.71250000
2022-02-02,CHFUSD,1.08861311
2022-02-02,EURUSD,1.12990000
2022-02-02,GBPUSD,1.35650000
2022-02-02,JPYUSD,0.00874432
2022-02-03,AUDUSD,0.71430000
2022-02-03,CHFUSD,1.08542277
2022-02-03,EURUSD,1.14250000
2022-02-03,GBPUSD,1.36020000
2022-02-03,JPYUSD,0.00870474
2022-02-04,AUDUSD,0.70670000
2022-02-04,CHFUSD,1.08131488
2022-02-04,EURUSD,1.14550000
2022-02-04,GBPUSD,1.35430000
2022-02-04,JPYUSD,0.00867905
2022-02-07,AUDUSD,0.71110000
2022-02-07,CHFUSD,1.08189982
2022-02-07,EURUSD,1.14340000
2022-02-07,GBPUSD,1.35330000
2022-02-07,JPYUSD,0.00868885
2022-02-08,AUDUSD,0.71330000
2022-02-08,CHFUSD,1.08178278
2022-02-08,EURUSD,1.14160000
2022-02-08,GBPUSD,1.35520000
2022-02-08,JPYUSD,0.00864902
2022-02-09,AUDUSD,0.71830000
2022-02-09,CHFUSD,1.08307159
2022-02-09,EURUSD,1.14350000
2022-02-09,GBPUSD,1.35400000
2022-02-09,JPYUSD,0.00866251
2022-02-10,AUDUSD,0.72450000
2022-02-10,CHFUSD,1.08342362
2022-02-10,EURUSD,1.14870000
2022-02-10,GBPUSD,1.36360000
2022-02-10,JPYUSD,0.00863260
2022-02-11,AUDUSD,0.71770000
2022-02-11,CHFUSD,1.08049703
2022-02-11,EURUSD,1.14040000
2022-02-11,GBPUSD,1.36010000
2022-02-11,JPYUSD,0.00862738
2022-02-14,AUDUSD,0.71270000
2022-02-14,CHFUSD,1.07933081
2022-02-14,EURUSD,1.13060000
2022-02-14,GBPUSD,1.35160000
2022-02-14,JPYUSD,0.00864155
2022-02-15,AUDUSD,0.71520000
2022-02-15,CHFUSD,1.08014690
2022-02-15,EURUSD,1.13630000
2022-02-15,GBPUSD,1.35390000
2022-02-15,JPYUSD,0.00864753
2022-02-16,AUDUSD,0.71830000
2022-02-16,CHFUSD,1.08471635
2022-02-16,EURUSD,1.13810000
2022-02-16,GBPUSD,1.35850000
2022-02-16,JPYUSD,0.00866476
2022-02-17,AUDUSD,0.71950000
2022-02-17,CHFUSD,1.08672028
2022-02-17,EURUSD,1.13640000
2022-02-17,GBPUSD,1.36240000
2022-02-17,JPYUSD,0.00869338
2022-02-18,AUDUSD,0.71740000
2022-02-18,CHFUSD,1.08577633
2022-02-18,EURUSD,1.13270000
2022-02-18,GBPUSD,1.35850000
2022-02-18,JPYUSD,0.00868961
2022-02-22,AUDUSD,0.72260000
2022-02-22,CHFUSD,1.08648414
2022-02-22,EURUSD,1.13420000
2022-02-22,GBPUSD,1.35970000
2022-02-22,JPYUSD,0.00870019
2022-02-23,AUDUSD,0.72450000
2022-02-23,CHFUSD,1.08944329
2022-02-23,EURUSD,1.13160000
2022-02-23,GBPUSD,1.35550000
2022-02-23,JPYUSD,0.00868659
2022-02-24,AUDUSD,0.71330000
2022-02-24,CHFUSD,1.07921433
2022-02-24,EURUSD,1.11540000
2022-02-24,GBPUSD,1.33600000
2022-02-24,JPYUSD,0.00866176
2022-02-25,AUDUSD,0.72180000
2022-02-25,CHFUSD,1.07828337
2022-02-25,EURUSD,1.12610000
2022-02-25,GBPUSD,1.34070000
2022-02-25,JPYUSD,0.00864902
2022-02-28,AUDUSD,0.72610000
2022-02-28,CHFUSD,1.08944329
2022-02-28,EURUSD,1.12240000
2022-02-28,GBPUSD,1.34190000
2022-02-28,JPYUSD,0.00868734
2022-03-01,AUDUSD,0.72480000
2022-03-01,CHFUSD,1.08861311
2022-03-01,EURUSD,1.11030000
2022-03-01,GBPUSD,1.33180000
2022-03-01,JPYUSD,0.00870549
2022-03-02,AUDUSD,0.72820000
2022-03-02,CHFUSD,1.08506944
2022-03-02,EURUSD,1.11020000
2022-03-02,GBPUSD,1.33650000
2022-03-02,JPYUSD,0.00865127
2022-03-03,AUDUSD,0.73150000
2022-03-03,CHFUSD,1.08648414
2022-03-03,EURUSD,1.10530000
2022-03-03,GBPUSD,1.33260000
2022-03-03,JPYUSD,0.00864528
2022-03-04,AUDUSD,0.73620000
2022-03-04,CHFUSD,1.08896875
2022-03-04,EURUSD,1.09120000
2022-03-04,GBPUSD,1.32140000
2022-03-04,JPYUSD,0.00872220
2022-03-07,AUDUSD,0.73210000
2022-03-07,CHFUSD,1.07909787
2022-03-07,EURUSD,1.08600000
2022-03-07,GBPUSD,1.31150000
2022-03-07,JPYUSD,0.00866476
2022-03-08,AUDUSD,0.72620000
2022-03-08,CHFUSD,1.07503763
2022-03-08,EURUSD,1.08810000
2022-03-08,GBPUSD,1.31010000
2022-03-08,JPYUSD,0.00864753
2022-03-09,AUDUSD,0.73230000
2022-03-09,CHFUSD,1.07944732
2022-03-09,EURUSD,1.10690000
2022-03-09,GBPUSD,1.31600000
2022-03-09,JPYUSD,0.00863036
2022-03-10,AUDUSD,0.73610000
2022-03-10,CHFUSD,1.07596299
2022-03-10,EURUSD,1.10070000
2022-03-10,GBPUSD,1.31080000
2022-03-10,JPYUSD,0.00861698
2022-03-11,AUDUSD,0.73080000
2022-03-11,CHFUSD,1.07227107
2022-03-11,EURUSD,1.09370000
2022-03-11,GBPUSD,1.30630000
2022-03-11,JPYUSD,0.00854117
2022-03-14,AUDUSD,0.72280000
2022-03-14,CHFUSD,1.06860440
2022-03-14,EURUSD,1.09790000
2022-03-14,GBPUSD,1.30440000
2022-03-14,JPYUSD,0.00847458
2022-03-15,AUDUSD,0.71960000
2022-03-15,CHFUSD,1.06213489
2022-03-15,EURUSD,1.09740000
2022-03-15,GBPUSD,1.30650000
2022-03-15,JPYUSD,0.00846095
2022-03-16,AUDUSD,0.72510000
2022-03-16,CHFUSD,1.06224772
2022-03-16,EURUSD,1.09960000
2022-03-16,GBPUSD,1.30960000
2022-03-16,JPYUSD,0.00844024
2022-03-17,AUDUSD,0.73880000
2022-03-17,CHFUSD,1.06963312
2022-03-17,EURUSD,1.11100000
2022-03-17,GBPUSD,1.31590000
2022-03-17,JPYUSD,0.00844238
2022-03-18,AUDUSD,0.74020000
2022-03-18,CHFUSD,1.07100782
2022-03-18,EURUSD,1.10440000
2022-03-18,GBPUSD,1.31690000
2022-03-18,JPYUSD,0.00839137
2022-03-21,AUDUSD,0.74190000
2022-03-21,CHFUSD,1.07492207
2022-03-21,EURUSD,1.10480000
2022-03-21,GBPUSD,1.32010000
2022-03-21,JPYUSD,0.00839278
2022-03-22,AUDUSD,0.74380000
2022-03-22,CHFUSD,1.07238606
2022-03-22,EURUSD,1.10220000
2022-03-22,GBPUSD,1.32580000
2022-03-22,JPYUSD,0.00828775
2022-03-23,AUDUSD,0.74980000
2022-03-23,CHFUSD,1.07319167
2022-03-23,EURUSD,1.10010000
2022-03-23,GBPUSD,1.32120000
2022-03-23,JPYUSD,0.00826310
2022-03-24,AUDUSD,0.75050000
2022-03-24,CHFUSD,1.07434465
2022-03-24,EURUSD,1.10060000
2022-03-24,GBPUSD,1.31830000
2022-03-24,JPYUSD,0.00819135
2022-03-25,AUDUSD,0.75010000
2022-03-25,CHFUSD,1.07434465
2022-03-25,EURUSD,1.09850000
2022-03-25,GBPUSD,1.31930000
2022-03-25,JPYUSD,0.00819807
2022-03-28,AUDUSD,0.74830000
2022-03-28,CHFUSD,1.07020548
2022-03-28,EURUSD,1.09770000
2022-03-28,GBPUSD,1.30910000
2022-03-28,JPYUSD,0.00811359
2022-03-29,AUDUSD,0.75020000
2022-03-29,CHFUSD,1.07492207
2022-03-29,EURUSD,1.11040000
2022-03-29,GBPUSD,1.31250000
2022-03-29,JPYUSD,0.00815594
2022-03-30,AUDUSD,0.75080000
2022-03-30,CHFUSD,1.08307159
2022-03-30,EURUSD,1.11630000
2022-03-30,GBPUSD,1.31490000
2022-03-30,JPYUSD,0.00819874
2022-03-31,AUDUSD,0.74990000
2022-03-31,CHFUSD,1.08565845
2022-03-31,EURUSD,1.10930000
2022-03-31,GBPUSD,1.31520000
2022-03-31,JPYUSD,0.00823452
2022-04-01,AUDUSD,0.74930000
2022-04-01,CHFUSD,1.08038029
2022-04-01,EURUSD,1.10430000
2022-04-01,GBPUSD,1.31140000
2022-04-01,JPYUSD,0.00815661
2022-04-04,AUDUSD,0.75490000
2022-04-04,CHFUSD,1.08038029
2022-04-04,EURUSD,1.09920000
2022-04-04,GBPUSD,1.31160000
2022-04-04,JPYUSD,0.00814996
2022-04-05,AUDUSD,0.75980000
2022-04-05,CHFUSD,1.07619458
2022-04-05,EURUSD,1.09210000
2022-04-05,GBPUSD,1.31010000
2022-04-05,JPYUSD,0.00809848
2022-04-06,AUDUSD,0.75420000
2022-04-06,CHFUSD,1.07238606
2022-04-06,EURUSD,1.09130000
2022-04-06,GBPUSD,1.30820000
2022-04-06,JPYUSD,0.00808407
2022-04-07,AUDUSD,0.74720000
2022-04-07,CHFUSD,1.07158165
2022-04-07,EURUSD,1.09000000
2022-04-07,GBPUSD,1.30600000
2022-04-07,JPYUSD,0.00807754
2022-04-08,AUDUSD,0.74610000
2022-04-08,CHFUSD,1.07146684
2022-04-08,EURUSD,1.08740000
2022-04-08,GBPUSD,1.30320000
2022-04-08,JPYUSD,0.00804441
2022-04-11,AUDUSD,0.74200000
2022-04-11,CHFUSD,1.07434465
2022-04-11,EURUSD,1.08750000
2022-04-11,GBPUSD,1.30330000
2022-04-11,JPYUSD,0.00796495
2022-04-12,AUDUSD,0.74800000
2022-04-12,CHFUSD,1.07503763
2022-04-12,EURUSD,1.08520000
2022-04-12,GBPUSD,1.30310000
2022-04-12,JPYUSD,0.00798403
2022-04-13,AUDUSD,0.74300000
2022-04-13,CHFUSD,1.07123728
2022-04-13,EURUSD,1.08740000
2022-04-13,GBPUSD,1.30720000
2022-04-13,JPYUSD,0.00796749
2022-04-14,AUDUSD,0.74040000
2022-04-14,CHFUSD,1.06089540
2022-04-14,EURUSD,1.07960000
2022-04-14,GBPUSD,1.30520000
2022-04-14,JPYUSD,0.00794155
2022-04-15,AUDUSD,0.74010000
2022-04-15,CHFUSD,1.06033294
2022-04-15,EURUSD,1.08120000
2022-04-15,GBPUSD,1.30660000
2022-04-15,JPYUSD,0.00791703
2022-04-18,AUDUSD,0.73530000
2022-04-18,CHFUSD,1.05920983
2022-04-18,EURUSD,1.07850000
2022-04-18,GBPUSD,1.30190000
2022-04-18,JPYUSD,0.00788830
2022-04-19,AUDUSD,0.73700000
2022-04-19,CHFUSD,1.05462982
2022-04-19,EURUSD,1.07890000
2022-04-19,GBPUSD,1.30090000
2022-04-19,JPYUSD,0.00777907
2022-04-20,AUDUSD,0.74520000
2022-04-20,CHFUSD,1.05607773
2022-04-20,EURUSD,1.08570000
2022-04-20,GBPUSD,1.30550000
2022-04-20,JPYUSD,0.00782718
2022-04-21,AUDUSD,0.73760000
2022-04-21,CHFUSD,1.04898773
2022-04-21,EURUSD,1.08390000
2022-04-21,GBPUSD,1.30420000
2022-04-21,JPYUSD,0.00777484
2022-04-22,AUDUSD,0.72570000
2022-04-22,CHFUSD,1.04307917
2022-04-22,EURUSD,1.07900000
2022-04-22,GBPUSD,1.28480000
2022-04-22,JPYUSD,0.00776518
2022-04-25,AUDUSD,0.71470000
2022-04-25,CHFUSD,1.04329682
2022-04-25,EURUSD,1.07030000
2022-04-25,GBPUSD,1.26980000
2022-04-25,JPYUSD,0.00783331
2022-04-26,AUDUSD,0.71450000
2022-04-26,CHFUSD,1.04058273
2022-04-26,EURUSD,1.06610000
2022-04-26,GBPUSD,1.26170000
2022-04-26,JPYUSD,0.00785114
2022-04-27,AUDUSD,0.71240000
2022-04-27,CHFUSD,1.03145952
2022-04-27,EURUSD,1.05490000
2022-04-27,GBPUSD,1.25470000
2022-04-27,JPYUSD,0.00778574
2022-04-28,AUDUSD,0.70770000
2022-04-28,CHFUSD,1.02838338
2022-04-28,EURUSD,1.05000000
2022-04-28,GBPUSD,1.24430000
2022-04-28,JPYUSD,0.00763709
2022-04-29,AUDUSD,0.71010000
2022-04-29,CHFUSD,1.02848915
2022-04-29,EURUSD,1.05370000
2022-04-29,GBPUSD,1.25650000
2022-04-29,JPYUSD,0.00770179
2022-05-02,AUDUSD,0.70580000
2022-05-02,CHFUSD,1.02354145
2022-05-02,EURUSD,1.05210000
2022-05-02,GBPUSD,1.25230000
2022-05-02,JPYUSD,0.00768167
2022-05-03,AUDUSD,0.70990000
2022-05-03,CHFUSD,1.02197241
2022-05-03,EURUSD,1.05320000
2022-05-03,GBPUSD,1.25100000
2022-05-03,JPYUSD,0.00768699
2022-05-04,AUDUSD,0.71450000
2022-05-04,CHFUSD,1.01739750
2022-05-04,EURUSD,1.05390000
2022-05-04,GBPUSD,1.24870000
2022-05-04,JPYUSD,0.00769408
2022-05-05,AUDUSD,0.70890000
2022-05-05,CHFUSD,1.01276079
2022-05-05,EURUSD,1.05070000
2022-05-05,GBPUSD,1.23340000
2022-05-05,JPYUSD,0.00766812
2022-05-06,AUDUSD,0.70910000
2022-05-06,CHFUSD,1.01440454
2022-05-06,EURUSD,1.05720000
2022-05-06,GBPUSD,1.23440000
2022-05-06,JPYUSD,0.00767165
2022-05-09,AUDUSD,0.69890000
2022-05-09,CHFUSD,1.00735368
2022-05-09,EURUSD,1.05590000
2022-05-09,GBPUSD,1.23350000
2022-05-09,JPYUSD,0.00767048
2022-05-10,AUDUSD,0.69250000
2022-05-10,CHFUSD,1.00512614
2022-05-10,EURUSD,1.05310000
2022-05-10,GBPUSD,1.23130000
2022-05-10,JPYUSD,0.00767990
2022-05-11,AUDUSD,0.69940000
2022-05-11,CHFUSD,1.00938730
2022-05-11,EURUSD,1.05370000
2022-05-11,GBPUSD,1.23170000
2022-05-11,JPYUSD,0.00768049
2022-05-12,AUDUSD,0.68520000
2022-05-12,CHFUSD,0.99960016
2022-05-12,EURUSD,1.03760000
2022-05-12,GBPUSD,1.21980000
2022-05-12,JPYUSD,0.00780640
2022-05-13,AUDUSD,0.69180000
2022-05-13,CHFUSD,0.99860196
2022-05-13,EURUSD,1.04100000
2022-05-13,GBPUSD,1.22420000
2022-05-13,JPYUSD,0.00773814
2022-05-16,AUDUSD,0.69430000
2022-05-16,CHFUSD,0.99720782
2022-05-16,EURUSD,1.04200000
2022-05-16,GBPUSD,1.22700000
2022-05-16,JPYUSD,0.00774293
2022-05-17,AUDUSD,0.70130000
2022-05-17,CHFUSD,1.00694794
2022-05-17,EURUSD,1.05320000
2022-05-17,GBPUSD,1.24680000
2022-05-17,JPYUSD,0.00773335
2022-05-18,AUDUSD,0.69980000
2022-05-18,CHFUSD,1.00989699
2022-05-18,EURUSD,1.04940000
2022-05-18,GBPUSD,1.23960000
2022-05-18,JPYUSD,0.00779910
2022-05-19,AUDUSD,0.70570000
2022-05-19,CHFUSD,1.02785487
2022-05-19,EURUSD,1.05870000
2022-05-19,GBPUSD,1.25040000
2022-05-19,JPYUSD,0.00783576
2022-05-20,AUDUSD,0.70320000
2022-05-20,CHFUSD,1.02574623
2022-05-20,EURUSD,1.05590000
2022-05-20,GBPUSD,1.24920000
2022-05-20,JPYUSD,0.00782105
2022-05-23,AUDUSD,0.70990000
2022-05-23,CHFUSD,1.03476821
2022-05-23,EURUSD,1.06680000
2022-05-23,GBPUSD,1.25710000
2022-05-23,JPYUSD,0.00782595
2022-05-24,AUDUSD,0.70810000
2022-05-24,CHFUSD,1.04199229
2022-05-24,EURUSD,1.07440000
2022-05-24,GBPUSD,1.25440000
2022-05-24,JPYUSD,0.00790139
2022-05-25,AUDUSD,0.70660000
2022-05-25,CHFUSD,1.03766732
2022-05-25,EURUSD,1.06580000
2022-05-25,GBPUSD,1.25390000
2022-05-25,JPYUSD,0.00785484
2022-05-26,AUDUSD,0.70780000
2022-05-26,CHFUSD,1.04220948
2022-05-26,EURUSD,1.07250000
2022-05-26,GBPUSD,1.25820000
2022-05-26,JPYUSD,0.00785978
2022-05-27,AUDUSD,0.71550000
2022-05-27,CHFUSD,1.04438642
2022-05-27,EURUSD,1.07090000
2022-05-27,GBPUSD,1.26130000
2022-05-27,JPYUSD,0.00786535
2022-05-31,AUDUSD,0.71880000
2022-05-31,CHFUSD,1.04493208
2022-05-31,EURUSD,1.07310000
2022-05-31,GBPUSD,1.26240000
2022-05-31,JPYUSD,0.00778028
2022-06-01,AUDUSD,0.71640000
2022-06-01,CHFUSD,1.03691414
2022-06-01,EURUSD,1.06460000
2022-06-01,GBPUSD,1.24720000
2022-06-01,JPYUSD,0.00768699
2022-06-02,AUDUSD,0.72510000
2022-06-02,CHFUSD,1.04253545
2022-06-02,EURUSD,1.07330000
2022-06-02,GBPUSD,1.25570000
2022-06-02,JPYUSD,0.00770238
2022-06-03,AUDUSD,0.72090000
2022-06-03,CHFUSD,1.03896104
2022-06-03,EURUSD,1.07210000
2022-06-03,GBPUSD,1.24960000
2022-06-03,JPYUSD,0.00765052
2022-06-06,AUDUSD,0.72070000
2022-06-06,CHFUSD,1.03199174
2022-06-06,EURUSD,1.06990000
2022-06-06,GBPUSD,1.25440000
2022-06-06,JPYUSD,0.00760167
2022-06-07,AUDUSD,0.72120000
2022-06-07,CHFUSD,1.02764361
2022-06-07,EURUSD,1.06970000
2022-06-07,GBPUSD,1.25940000
2022-06-07,JPYUSD,0.00754546
2022-06-08,AUDUSD,0.72180000
2022-06-08,CHFUSD,1.02564103
2022-06-08,EURUSD,1.07400000
2022-06-08,GBPUSD,1.25570000
2022-06-08,JPYUSD,0.00745935
2022-06-09,AUDUSD,0.71200000
2022-06-09,CHFUSD,1.02270403
2022-06-09,EURUSD,1.06560000
2022-06-09,GBPUSD,1.25110000
2022-06-09,JPYUSD,0.00745935
2022-06-10,AUDUSD,0.70540000
2022-06-10,CHFUSD,1.01153146
2022-06-10,EURUSD,1.05210000
2022-06-10,GBPUSD,1.23300000
2022-06-10,JPYUSD,0.00745212
2022-06-13,AUDUSD,0.69460000
2022-06-13,CHFUSD,1.00341160
2022-06-13,EURUSD,1.04360000
2022-06-13,GBPUSD,1.21700000
2022-06-13,JPYUSD,0.00745601
2022-06-14,AUDUSD,0.68850000
2022-06-14,CHFUSD,0.99840256
2022-06-14,EURUSD,1.04160000
2022-06-14,GBPUSD,1.20110000
2022-06-14,JPYUSD,0.00741345
2022-06-15,AUDUSD,0.69460000
2022-06-15,CHFUSD,0.99790440
2022-06-15,EURUSD,1.03880000
2022-06-15,GBPUSD,1.20570000
2022-06-15,JPYUSD,0.00743494
2022-06-16,AUDUSD,0.69980000
2022-06-16,CHFUSD,1.03487530
2022-06-16,EURUSD,1.05310000
2022-06-16,GBPUSD,1.23410000
2022-06-16,JPYUSD,0.00759590
2022-06-17,AUDUSD,0.69230000
2022-06-17,CHFUSD,1.02912422
2022-06-17,EURUSD,1.04730000
2022-06-17,GBPUSD,1.22010000
2022-06-17,JPYUSD,0.00739973
2022-06-21,AUDUSD,0.69750000
2022-06-21,CHFUSD,1.03519669
2022-06-21,EURUSD,1.05480000
2022-06-21,GBPUSD,1.22770000
2022-06-21,JPYUSD,0.00733945
2022-06-22,AUDUSD,0.69340000
2022-06-22,CHFUSD,1.04004160
2022-06-22,EURUSD,1.05830000
2022-06-22,GBPUSD,1.22800000
2022-06-22,JPYUSD,0.00735024
2022-06-23,AUDUSD,0.68930000
2022-06-23,CHFUSD,1.04101603
2022-06-23,EURUSD,1.05030000
2022-06-23,GBPUSD,1.22400000
2022-06-23,JPYUSD,0.00742280
2022-06-24,AUDUSD,0.69460000
2022-06-24,CHFUSD,1.04504128
2022-06-24,EURUSD,1.05390000
2022-06-24,GBPUSD,1.22730000
2022-06-24,JPYUSD,0.00739536
2022-06-27,AUDUSD,0.69420000
2022-06-27,CHFUSD,1.04701078
2022-06-27,EURUSD,1.06010000
2022-06-27,GBPUSD,1.23050000
2022-06-27,JPYUSD,0.00739317
2022-06-28,AUDUSD,0.69160000
2022-06-28,CHFUSD,1.04569696
2022-06-28,EURUSD,1.05340000
2022-06-28,GBPUSD,1.22000000
2022-06-28,JPYUSD,0.00734268
2022-06-29,AUDUSD,0.68870000
2022-06-29,CHFUSD,1.04810816
2022-06-29,EURUSD,1.04770000
2022-06-29,GBPUSD,1.21510000
2022-06-29,JPYUSD,0.00732601
2022-06-30,AUDUSD,0.69050000
2022-06-30,CHFUSD,1.04712042
2022-06-30,EURUSD,1.04690000
2022-06-30,GBPUSD,1.21620000
2022-06-30,JPYUSD,0.00736974
2022-07-01,AUDUSD,0.67890000
2022-07-01,CHFUSD,1.03917697
2022-07-01,EURUSD,1.04090000
2022-07-01,GBPUSD,1.20480000
2022-07-01,JPYUSD,0.00740247
2022-07-05,AUDUSD,0.67740000
2022-07-05,CHFUSD,1.03199174
2022-07-05,EURUSD,1.02540000
2022-07-05,GBPUSD,1.19320000
2022-07-05,JPYUSD,0.00736811
2022-07-06,AUDUSD,0.67740000
2022-07-06,CHFUSD,1.02944204
2022-07-06,EURUSD,1.01730000
2022-07-06,GBPUSD,1.19070000
2022-07-06,JPYUSD,0.00737137
2022-07-07,AUDUSD,0.68270000
2022-07-07,CHFUSD,1.02732690
2022-07-07,EURUSD,1.01590000
2022-07-07,GBPUSD,1.19940000
2022-07-07,JPYUSD,0.00735348
2022-07-08,AUDUSD,0.68580000
2022-07-08,CHFUSD,1.02301790
2022-07-08,EURUSD,1.01780000
2022-07-08,GBPUSD,1.20360000
2022-07-08,JPYUSD,0.00734430
2022-07-11,AUDUSD,0.67500000
2022-07-11,CHFUSD,1.02103329
2022-07-11,EURUSD,1.00880000
2022-07-11,GBPUSD,1.19070000
2022-07-11,JPYUSD,0.00728385
2022-07-12,AUDUSD,0.67720000
2022-07-12,CHFUSD,1.01916021
2022-07-12,EURUSD,1.00690000
2022-07-12,GBPUSD,1.19050000
2022-07-12,JPYUSD,0.00731636
2022-07-13,AUDUSD,0.67860000
2022-07-13,CHFUSD,1.02207686
2022-07-13,EURUSD,1.00810000
2022-07-13,GBPUSD,1.19190000
2022-07-13,JPYUSD,0.00728120
2022-07-14,AUDUSD,0.67440000
2022-07-14,CHFUSD,1.01739750
2022-07-14,EURUSD,1.00280000
2022-07-14,GBPUSD,1.18270000
2022-07-14,JPYUSD,0.00719735
2022-07-15,AUDUSD,0.67930000
2022-07-15,CHFUSD,1.02291326
2022-07-15,EURUSD,1.00890000
2022-07-15,GBPUSD,1.18570000
2022-07-15,JPYUSD,0.00721657
2022-07-18,AUDUSD,0.68380000
2022-07-18,CHFUSD,1.02417042
2022-07-18,EURUSD,1.01600000
2022-07-18,GBPUSD,1.19890000
2022-07-18,JPYUSD,0.00723432
2022-07-19,AUDUSD,0.69040000
2022-07-19,CHFUSD,1.03273779
2022-07-19,EURUSD,1.02380000
2022-07-19,GBPUSD,1.20220000
2022-07-19,JPYUSD,0.00724953
2022-07-20,AUDUSD,0.68970000
2022-07-20,CHFUSD,1.02870075
2022-07-20,EURUSD,1.02170000
2022-07-20,GBPUSD,1.19890000
2022-07-20,JPYUSD,0.00723798
2022-07-21,AUDUSD,0.68960000
2022-07-21,CHFUSD,1.03167234
2022-07-21,EURUSD,1.01970000
2022-07-21,GBPUSD,1.19680000
2022-07-21,JPYUSD,0.00724953
2022-07-22,AUDUSD,0.69480000
2022-07-22,CHFUSD,1.04025798
2022-07-22,EURUSD,1.02250000
2022-07-22,GBPUSD,1.20190000
2022-07-22,JPYUSD,0.00734646
2022-07-25,AUDUSD,0.69540000
2022-07-25,CHFUSD,1.03616206
2022-07-25,EURUSD,1.02110000
2022-07-25,GBPUSD,1.20420000
2022-07-25,JPYUSD,0.00731422
2022-07-26,AUDUSD,0.69390000
2022-07-26,CHFUSD,1.03799045
2022-07-26,EURUSD,1.01160000
2022-07-26,GBPUSD,1.20360000
2022-07-26,JPYUSD,0.00731957
2022-07-27,AUDUSD,0.69210000
2022-07-27,CHFUSD,1.03626943
2022-07-27,EURUSD,1.01080000
2022-07-27,GBPUSD,1.20270000
2022-07-27,JPYUSD,0.00728279
2022-07-28,AUDUSD,0.69710000
2022-07-28,CHFUSD,1.04515050
2022-07-28,EURUSD,1.01630000
2022-07-28,GBPUSD,1.21260000
2022-07-28,JPYUSD,0.00743771
2022-07-29,AUDUSD,0.69850000
2022-07-29,CHFUSD,1.05119310
2022-07-29,EURUSD,1.02020000
2022-07-29,GBPUSD,1.21830000
2022-07-29,JPYUSD,0.00750469
2022-08-01,AUDUSD,0.70350000
2022-08-01,CHFUSD,1.05418511
2022-08-01,EURUSD,1.02700000
2022-08-01,GBPUSD,1.22780000
2022-08-01,JPYUSD,0.00758725
2022-08-02,AUDUSD,0.69520000
2022-08-02,CHFUSD,1.04788850
2022-08-02,EURUSD,1.01940000
2022-08-02,GBPUSD,1.22180000
2022-08-02,JPYUSD,0.00755744
2022-08-03,AUDUSD,0.69300000
2022-08-03,CHFUSD,1.03842160
2022-08-03,EURUSD,1.01460000
2022-08-03,GBPUSD,1.21320000
2022-08-03,JPYUSD,0.00745268
2022-08-04,AUDUSD,0.69660000
2022-08-04,CHFUSD,1.04547831
2022-08-04,EURUSD,1.02210000
2022-08-04,GBPUSD,1.21410000
2022-08-04,JPYUSD,0.00750300
2022-08-05,AUDUSD,0.69010000
2022-08-05,CHFUSD,1.03788272
2022-08-05,EURUSD,1.01700000
2022-08-05,GBPUSD,1.20610000
2022-08-05,JPYUSD,0.00738934
2022-08-08,AUDUSD,0.69910000
2022-08-08,CHFUSD,1.04766894
2022-08-08,EURUSD,1.02070000
2022-08-08,GBPUSD,1.20980000
2022-08-08,JPYUSD,0.00742225
2022-08-09,AUDUSD,0.69730000
2022-08-09,CHFUSD,1.04986877
2022-08-09,EURUSD,1.02260000
2022-08-09,GBPUSD,1.20890000
2022-08-09,JPYUSD,0.00741015
2022-08-10,AUDUSD,0.70990000
2022-08-10,CHFUSD,1.06269926
2022-08-10,EURUSD,1.03370000
2022-08-10,GBPUSD,1.22450000
2022-08-10,JPYUSD,0.00754262
2022-08-11,AUDUSD,0.71190000
2022-08-11,CHFUSD,1.06484932
2022-08-11,EURUSD,1.03380000
2022-08-11,GBPUSD,1.22300000
2022-08-11,JPYUSD,0.00753807
2022-08-12,AUDUSD,0.71060000
2022-08-12,CHFUSD,1.06044539
2022-08-12,EURUSD,1.02570000
2022-08-12,GBPUSD,1.21320000
2022-08-12,JPYUSD,0.00748671
2022-08-15,AUDUSD,0.70460000
2022-08-15,CHFUSD,1.05831305
2022-08-15,EURUSD,1.01860000
2022-08-15,GBPUSD,1.20900000
2022-08-15,JPYUSD,0.00751145
2022-08-16,AUDUSD,0.70110000
2022-08-16,CHFUSD,1.05196718
2022-08-16,EURUSD,1.01740000
2022-08-16,GBPUSD,1.20900000
2022-08-16,JPYUSD,0.00744158
2022-08-17,AUDUSD,0.69140000
2022-08-17,CHFUSD,1.04854776
2022-08-17,EURUSD,1.01640000
2022-08-17,GBPUSD,1.20300000
2022-08-17,JPYUSD,0.00738552
2022-08-18,AUDUSD,0.69300000
2022-08-18,CHFUSD,1.04755919
2022-08-18,EURUSD,1.01140000
2022-08-18,GBPUSD,1.19700000
2022-08-18,JPYUSD,0.00739153
2022-08-19,AUDUSD,0.68700000
2022-08-19,CHFUSD,1.04275287
2022-08-19,EURUSD,1.00390000
2022-08-19,GBPUSD,1.18100000
2022-08-19,JPYUSD,0.00729874
2022-08-22,AUDUSD,0.68710000
2022-08-22,CHFUSD,1.03605470
2022-08-22,EURUSD,0.99360000
2022-08-22,GBPUSD,1.17520000
2022-08-22,JPYUSD,0.00726903
2022-08-23,AUDUSD,0.69430000
2022-08-23,CHFUSD,1.03820598
2022-08-23,EURUSD,0.99760000
2022-08-23,GBPUSD,1.18440000
2022-08-23,JPYUSD,0.00733353
2022-08-24,AUDUSD,0.69130000
2022-08-24,CHFUSD,1.03476821
2022-08-24,EURUSD,0.99670000
2022-08-24,GBPUSD,1.18020000
2022-08-24,JPYUSD,0.00730353
2022-08-25,AUDUSD,0.69610000
2022-08-25,CHFUSD,1.03648425
2022-08-25,EURUSD,0.99590000
2022-08-25,GBPUSD,1.18030000
2022-08-25,JPYUSD,0.00730834
2022-08-26,AUDUSD,0.69210000
2022-08-26,CHFUSD,1.03788272
2022-08-26,EURUSD,0.99980000
2022-08-26,GBPUSD,1.17780000
2022-08-26,JPYUSD,0.00729554
2022-08-29,AUDUSD,0.69090000
2022-08-29,CHFUSD,1.03220479
2022-08-29,EURUSD,1.00000000
2022-08-29,GBPUSD,1.17180000
2022-08-29,JPYUSD,0.00720773
2022-08-30,AUDUSD,0.68750000
2022-08-30,CHFUSD,1.02606197
2022-08-30,EURUSD,1.00180000
2022-08-30,GBPUSD,1.16510000
2022-08-30,JPYUSD,0.00720825
2022-08-31,AUDUSD,0.68660000
2022-08-31,CHFUSD,1.02585146
2022-08-31,EURUSD,1.00650000
2022-08-31,GBPUSD,1.16470000
2022-08-31,JPYUSD,0.00721033
2022-09-01,AUDUSD,0.67800000
2022-09-01,CHFUSD,1.01646676
2022-09-01,EURUSD,0.99500000
2022-09-01,GBPUSD,1.15410000
2022-09-01,JPYUSD,0.00714643
2022-09-02,AUDUSD,0.68450000
2022-09-02,CHFUSD,1.02030405
2022-09-02,EURUSD,1.00300000
2022-09-02,GBPUSD,1.15820000
2022-09-02,JPYUSD,0.00714133
2022-09-06,AUDUSD,0.67500000
2022-09-06,CHFUSD,1.01636345
2022-09-06,EURUSD,0.99140000
2022-09-06,GBPUSD,1.15490000
2022-09-06,JPYUSD,0.00699545
2022-09-07,AUDUSD,0.67310000
2022-09-07,CHFUSD,1.01957586
2022-09-07,EURUSD,0.99420000
2022-09-07,GBPUSD,1.14730000
2022-09-07,JPYUSD,0.00692569
2022-09-08,AUDUSD,0.67400000
2022-09-08,CHFUSD,1.02817191
2022-09-08,EURUSD,0.99560000
2022-09-08,GBPUSD,1.14890000
2022-09-08,JPYUSD,0.00694203
2022-09-09,AUDUSD,0.68460000
2022-09-09,CHFUSD,1.04123282
2022-09-09,EURUSD,1.00460000
2022-09-09,GBPUSD,1.16000000
2022-09-09,JPYUSD,0.00702050
2022-09-12,AUDUSD,0.68870000
2022-09-12,CHFUSD,1.05053052
2022-09-12,EURUSD,1.01290000
2022-09-12,GBPUSD,1.17010000
2022-09-12,JPYUSD,0.00702198
2022-09-13,AUDUSD,0.67630000
2022-09-13,CHFUSD,1.04079933
2022-09-13,EURUSD,0.99970000
2022-09-13,GBPUSD,1.15260000
2022-09-13,JPYUSD,0.00693001
2022-09-14,AUDUSD,0.67520000
2022-09-14,CHFUSD,1.04036621
2022-09-14,EURUSD,0.99930000
2022-09-14,GBPUSD,1.15640000
2022-09-14,JPYUSD,0.00699643
2022-09-15,AUDUSD,0.67080000
2022-09-15,CHFUSD,1.04090767
2022-09-15,EURUSD,0.99910000
2022-09-15,GBPUSD,1.14720000
2022-09-15,JPYUSD,0.00696524
2022-09-16,AUDUSD,0.67030000
2022-09-16,CHFUSD,1.03659169
2022-09-16,EURUSD,1.00130000
2022-09-16,GBPUSD,1.14190000
2022-09-16,JPYUSD,0.00699105
2022-09-19,AUDUSD,0.66940000
2022-09-19,CHFUSD,1.03487530
2022-09-19,EURUSD,1.00030000
2022-09-19,GBPUSD,1.14030000
2022-09-19,JPYUSD,0.00697642
2022-09-20,AUDUSD,0.67040000
2022-09-20,CHFUSD,1.03863731
2022-09-20,EURUSD,0.99940000
2022-09-20,GBPUSD,1.14050000
2022-09-20,JPYUSD,0.00696185
2022-09-21,AUDUSD,0.66610000
2022-09-21,CHFUSD,1.03605470
2022-09-21,EURUSD,0.98800000
2022-09-21,GBPUSD,1.13300000
2022-09-21,JPYUSD,0.00693770
2022-09-22,AUDUSD,0.66360000
2022-09-22,CHFUSD,1.01978381
2022-09-22,EURUSD,0.98410000
2022-09-22,GBPUSD,1.12690000
2022-09-22,JPYUSD,0.00703433
2022-09-23,AUDUSD,0.65430000
2022-09-23,CHFUSD,1.01874491
2022-09-23,EURUSD,0.97190000
2022-09-23,GBPUSD,1.09210000
2022-09-23,JPYUSD,0.00698422
2022-09-26,AUDUSD,0.64660000
2022-09-26,CHFUSD,1.00765820
2022-09-26,EURUSD,0.96230000
2022-09-26,GBPUSD,1.07030000
2022-09-26,JPYUSD,0.00692281
2022-09-27,AUDUSD,0.64450000
2022-09-27,CHFUSD,1.01050930
2022-09-27,EURUSD,0.96160000
2022-09-27,GBPUSD,1.07530000
2022-09-27,JPYUSD,0.00691037
2022-09-28,AUDUSD,0.65120000
2022-09-28,CHFUSD,1.02501025
2022-09-28,EURUSD,0.96810000
2022-09-28,GBPUSD,1.08320000
2022-09-28,JPYUSD,0.00693722
2022-09-29,AUDUSD,0.64900000
2022-09-29,CHFUSD,1.02061645
2022-09-29,EURUSD,0.97740000
2022-09-29,GBPUSD,1.10480000
2022-09-29,JPYUSD,0.00692281
2022-09-30,AUDUSD,0.64370000
2022-09-30,CHFUSD,1.01574403
2022-09-30,EURUSD,0.97830000
2022-09-30,GBPUSD,1.11340000
2022-09-30,JPYUSD,0.00691037
2022-10-03,AUDUSD,0.65010000
2022-10-03,CHFUSD,1.00715077
2022-10-03,EURUSD,0.98090000
2022-10-03,GBPUSD,1.12720000
2022-10-03,JPYUSD,0.00692042
2022-10-04,AUDUSD,0.64930000
2022-10-04,CHFUSD,1.01978381
2022-10-04,EURUSD,0.99770000
2022-10-04,GBPUSD,1.14460000
2022-10-04,JPYUSD,0.00692905
2022-10-05,AUDUSD,0.64660000
2022-10-05,CHFUSD,1.01646676
2022-10-05,EURUSD,0.98660000
2022-10-05,GBPUSD,1.12750000
2022-10-05,JPYUSD,0.00690942
2022-10-06,AUDUSD,0.64110000
2022-10-06,CHFUSD,1.01020305
2022-10-06,EURUSD,0.98060000
2022-10-06,GBPUSD,1.11330000
2022-10-06,JPYUSD,0.00689941
2022-10-07,AUDUSD,0.63930000
2022-10-07,CHFUSD,1.00867460
2022-10-07,EURUSD,0.97850000
2022-10-07,GBPUSD,1.11160000
2022-10-07,JPYUSD,0.00688753
2022-10-11,AUDUSD,0.63290000
2022-10-11,CHFUSD,1.00603622
2022-10-11,EURUSD,0.97570000
2022-10-11,GBPUSD,1.11680000
2022-10-11,JPYUSD,0.00687049
2022-10-12,AUDUSD,0.62730000
2022-10-12,CHFUSD,1.00200401
2022-10-12,EURUSD,0.96920000
2022-10-12,GBPUSD,1.10960000
2022-10-12,JPYUSD,0.00680874
2022-10-13,AUDUSD,0.62850000
2022-10-13,CHFUSD,1.00130169
2022-10-13,EURUSD,0.97800000
2022-10-13,GBPUSD,1.13440000
2022-10-13,JPYUSD,0.00679579
2022-10-14,AUDUSD,0.62190000
2022-10-14,CHFUSD,0.99512389
2022-10-14,EURUSD,0.97390000
2022-10-14,GBPUSD,1.12080000
2022-10-14,JPYUSD,0.00673582
2022-10-17,AUDUSD,0.63090000
2022-10-17,CHFUSD,1.00472219
2022-10-17,EURUSD,0.98430000
2022-10-17,GBPUSD,1.14270000
2022-10-17,JPYUSD,0.00672450
2022-10-18,AUDUSD,0.62810000
2022-10-18,CHFUSD,1.00381450
2022-10-18,EURUSD,0.98420000
2022-10-18,GBPUSD,1.13070000
2022-10-18,JPYUSD,0.00670107
2022-10-19,AUDUSD,0.62710000
2022-10-19,CHFUSD,0.99611515
2022-10-19,EURUSD,0.97800000
2022-10-19,GBPUSD,1.12320000
2022-10-19,JPYUSD,0.00667690
2022-10-20,AUDUSD,0.63360000
2022-10-20,CHFUSD,0.99970009
2022-10-20,EURUSD,0.98230000
2022-10-20,GBPUSD,1.12880000
2022-10-20,JPYUSD,0.00667468
2022-10-21,AUDUSD,0.63680000
2022-10-21,CHFUSD,1.00190362
2022-10-21,EURUSD,0.98550000
2022-10-21,GBPUSD,1.12920000
2022-10-21,JPYUSD,0.00683293
2022-10-24,AUDUSD,0.63100000
2022-10-24,CHFUSD,0.99930049
2022-10-24,EURUSD,0.98740000
2022-10-24,GBPUSD,1.12950000
2022-10-24,JPYUSD,0.00672224
2022-10-25,AUDUSD,0.63950000
2022-10-25,CHFUSD,1.00391527
2022-10-25,EURUSD,0.99590000
2022-10-25,GBPUSD,1.14690000
2022-10-25,JPYUSD,0.00676361
2022-10-26,AUDUSD,0.64990000
2022-10-26,CHFUSD,1.01368474
2022-10-26,EURUSD,1.00680000
2022-10-26,GBPUSD,1.16150000
2022-10-26,JPYUSD,0.00682594
2022-10-27,AUDUSD,0.64770000
2022-10-27,CHFUSD,1.01020305
2022-10-27,EURUSD,0.99850000
2022-10-27,GBPUSD,1.15740000
2022-10-27,JPYUSD,0.00684838
2022-10-28,AUDUSD,0.63960000
2022-10-28,CHFUSD,1.00321027
2022-10-28,EURUSD,0.99340000
2022-10-28,GBPUSD,1.15730000
2022-10-28,JPYUSD,0.00677140
2022-10-31,AUDUSD,0.63940000
2022-10-31,CHFUSD,0.99940036
2022-10-31,EURUSD,0.98850000
2022-10-31,GBPUSD,1.15150000
2022-10-31,JPYUSD,0.00672812
2022-11-01,AUDUSD,0.63920000
2022-11-01,CHFUSD,1.00050025
2022-11-01,EURUSD,0.98710000
2022-11-01,GBPUSD,1.14600000
2022-11-01,JPYUSD,0.00675174
2022-11-02,AUDUSD,0.64120000
2022-11-02,CHFUSD,1.00120144
2022-11-02,EURUSD,0.98750000
2022-11-02,GBPUSD,1.14670000
2022-11-02,JPYUSD,0.00679763
2022-11-03,AUDUSD,0.62940000
2022-11-03,CHFUSD,0.98706939
2022-11-03,EURUSD,0.97590000
2022-11-03,GBPUSD,1.11830000
2022-11-03,JPYUSD,0.00674855
2022-11-04,AUDUSD,0.64350000
2022-11-04,CHFUSD,1.00190362
2022-11-04,EURUSD,0.98950000
2022-11-04,GBPUSD,1.12790000
2022-11-04,JPYUSD,0.00679256
2022-11-07,AUDUSD,0.64630000
2022-11-07,CHFUSD,1.00948920
2022-11-07,EURUSD,0.99970000
2022-11-07,GBPUSD,1.14630000
2022-11-07,JPYUSD,0.00681942
2022-11-08,AUDUSD,0.65450000
2022-11-08,CHFUSD,1.01605365
2022-11-08,EURUSD,1.00890000
2022-11-08,GBPUSD,1.15950000
2022-11-08,JPYUSD,0.00687853
2022-11-09,AUDUSD,0.64480000
2022-11-09,CHFUSD,1.01667344
2022-11-09,EURUSD,1.00370000
2022-11-09,GBPUSD,1.13960000
2022-11-09,JPYUSD,0.00684229
2022-11-10,AUDUSD,0.65900000
2022-11-10,CHFUSD,1.03391232
2022-11-10,EURUSD,1.01760000
2022-11-10,GBPUSD,1.16770000
2022-11-10,JPYUSD,0.00705318
2022-11-14,AUDUSD,0.66950000
2022-11-14,CHFUSD,1.06078286
2022-11-14,EURUSD,1.03370000
2022-11-14,GBPUSD,1.17280000
2022-11-14,JPYUSD,0.00712099
2022-11-15,AUDUSD,0.67790000
2022-11-15,CHFUSD,1.05887336
2022-11-15,EURUSD,1.03720000
2022-11-15,GBPUSD,1.18900000
2022-11-15,JPYUSD,0.00717566
2022-11-16,AUDUSD,0.67330000
2022-11-16,CHFUSD,1.05876125
2022-11-16,EURUSD,1.03950000
2022-11-16,GBPUSD,1.18890000
2022-11-16,JPYUSD,0.00716384
2022-11-17,AUDUSD,0.66660000
2022-11-17,CHFUSD,1.04821803
2022-11-17,EURUSD,1.03410000
2022-11-17,GBPUSD,1.18120000
2022-11-17,JPYUSD,0.00711997
2022-11-18,AUDUSD,0.66810000
2022-11-18,CHFUSD,1.05019954
2022-11-18,EURUSD,1.03490000
2022-11-18,GBPUSD,1.19020000
2022-11-18,JPYUSD,0.00714133
2022-11-21,AUDUSD,0.65900000
2022-11-21,CHFUSD,1.04318798
2022-11-21,EURUSD,1.02380000
2022-11-21,GBPUSD,1.17850000
2022-11-21,JPYUSD,0.00704473
2022-11-22,AUDUSD,0.66350000
2022-11-22,CHFUSD,1.04920785
2022-11-22,EURUSD,1.02760000
2022-11-22,GBPUSD,1.18800000
2022-11-22,JPYUSD,0.00707764
2022-11-23,AUDUSD,0.67070000
2022-11-23,CHFUSD,1.06022053
2022-11-23,EURUSD,1.03640000
2022-11-23,GBPUSD,1.20400000
2022-11-23,JPYUSD,0.00715512
2022-11-25,AUDUSD,0.67500000
2022-11-25,CHFUSD,1.05719421
2022-11-25,EURUSD,1.04020000
2022-11-25,GBPUSD,1.21020000
2022-11-25,JPYUSD,0.00718339
2022-11-28,AUDUSD,0.66940000
2022-11-28,CHFUSD,1.05674733
2022-11-28,EURUSD,1.03860000
2022-11-28,GBPUSD,1.20410000
2022-11-28,JPYUSD,0.00721137
2022-11-29,AUDUSD,0.66910000
2022-11-29,CHFUSD,1.05196718
2022-11-29,EURUSD,1.03560000
2022-11-29,GBPUSD,1.19960000
2022-11-29,JPYUSD,0.00723170
2022-11-30,AUDUSD,0.67170000
2022-11-30,CHFUSD,1.05418511
2022-11-30,EURUSD,1.03230000
2022-11-30,GBPUSD,1.19620000
2022-11-30,JPYUSD,0.00717824
2022-12-01,AUDUSD,0.68040000
2022-12-01,CHFUSD,1.06643916
2022-12-01,EURUSD,1.04980000
2022-12-01,GBPUSD,1.22520000
2022-12-01,JPYUSD,0.00737735
2022-12-02,AUDUSD,0.68010000
2022-12-02,CHFUSD,1.06734977
2022-12-02,EURUSD,1.05210000
2022-12-02,GBPUSD,1.22920000
2022-12-02,JPYUSD,0.00741345
2022-12-05,AUDUSD,0.67130000
2022-12-05,CHFUSD,1.06145844
2022-12-05,EURUSD,1.04940000
2022-12-05,GBPUSD,1.21690000
2022-12-05,JPYUSD,0.00732332
2022-12-06,AUDUSD,0.66980000
2022-12-06,CHFUSD,1.06315118
2022-12-06,EURUSD,1.04970000
2022-12-06,GBPUSD,1.22020000
2022-12-06,JPYUSD,0.00731689
2022-12-07,AUDUSD,0.67220000
2022-12-07,CHFUSD,1.06371663
2022-12-07,EURUSD,1.05050000
2022-12-07,GBPUSD,1.21940000
2022-12-07,JPYUSD,0.00732225
2022-12-08,AUDUSD,0.67690000
2022-12-08,CHFUSD,1.06860440
2022-12-08,EURUSD,1.05520000
2022-12-08,GBPUSD,1.22350000
2022-12-08,JPYUSD,0.00732869
2022-12-09,AUDUSD,0.68090000
2022-12-09,CHFUSD,1.07296137
2022-12-09,EURUSD,1.05500000
2022-12-09,GBPUSD,1.23110000
2022-12-09,JPYUSD,0.00733138
2022-12-12,AUDUSD,0.67410000
2022-12-12,CHFUSD,1.06883283
2022-12-12,EURUSD,1.05450000
2022-12-12,GBPUSD,1.22850000
2022-12-12,JPYUSD,0.00727431
2022-12-13,AUDUSD,0.68690000
2022-12-13,CHFUSD,1.07898144
2022-12-13,EURUSD,1.06300000
2022-12-13,GBPUSD,1.23750000
2022-12-13,JPYUSD,0.00739973
2022-12-14,AUDUSD,0.68610000
2022-12-14,CHFUSD,1.08248539
2022-12-14,EURUSD,1.06550000
2022-12-14,GBPUSD,1.24080000
2022-12-14,JPYUSD,0.00741015
2022-12-15,AUDUSD,0.67000000
2022-12-15,CHFUSD,1.07665805
2022-12-15,EURUSD,1.06380000
2022-12-15,GBPUSD,1.22060000
2022-12-15,JPYUSD,0.00725058
2022-12-16,AUDUSD,0.66910000
2022-12-16,CHFUSD,1.07250107
2022-12-16,EURUSD,1.06100000
2022-12-16,GBPUSD,1.21680000
2022-12-16,JPYUSD,0.00732332
2022-12-19,AUDUSD,0.67110000
2022-12-19,CHFUSD,1.07492207
2022-12-19,EURUSD,1.06240000
2022-12-19,GBPUSD,1.21800000
2022-12-19,JPYUSD,0.00730620
2022-12-20,AUDUSD,0.66650000
2022-12-20,CHFUSD,1.08003024
2022-12-20,EURUSD,1.06350000
2022-12-20,GBPUSD,1.21460000
2022-12-20,JPYUSD,0.00762893
2022-12-21,AUDUSD,0.66960000
2022-12-21,CHFUSD,1.07793468
2022-12-21,EURUSD,1.05990000
2022-12-21,GBPUSD,1.20720000
2022-12-21,JPYUSD,0.00755515
2022-12-22,AUDUSD,0.66710000
2022-12-22,CHFUSD,1.07411386
2022-12-22,EURUSD,1.05880000
2022-12-22,GBPUSD,1.20320000
2022-12-22,JPYUSD,0.00755629
2022-12-23,AUDUSD,0.67100000
2022-12-23,CHFUSD,1.07123728
2022-12-23,EURUSD,1.06210000
2022-12-23,GBPUSD,1.20540000
2022-12-23,JPYUSD,0.00753125
2022-12-27,AUDUSD,0.67420000
2022-12-27,CHFUSD,1.07700592
2022-12-27,EURUSD,1.06540000
2022-12-27,GBPUSD,1.20320000
2022-12-27,JPYUSD,0.00749457
2022-12-28,AUDUSD,0.67520000
2022-12-28,CHFUSD,1.07816712
2022-12-28,EURUSD,1.06220000
2022-12-28,GBPUSD,1.20340000
2022-12-28,JPYUSD,0.00744768
2022-12-29,AUDUSD,0.67790000
2022-12-29,CHFUSD,1.08307159
2022-12-29,EURUSD,1.06680000
2022-12-29,GBPUSD,1.20600000
2022-12-29,JPYUSD,0.00750976
2022-12-30,AUDUSD,0.68050000
2022-12-30,CHFUSD,1.08213397
2022-12-30,EURUSD,1.06980000
2022-12-30,GBPUSD,1.20770000
2022-12-30,JPYUSD,0.00758668
2023-01-03,AUDUSD,0.67300000
2023-01-03,CHFUSD,1.06746371
2023-01-03,EURUSD,1.05590000
2023-01-03,GBPUSD,1.19700000
2023-01-03,JPYUSD,0.00764351
2023-01-04,AUDUSD,0.68600000
2023-01-04,CHFUSD,1.07863229
2023-01-04,EURUSD,1.06200000
2023-01-04,GBPUSD,1.20630000
2023-01-04,JPYUSD,0.00757576
2023-01-05,AUDUSD,0.67440000
2023-01-05,CHFUSD,1.06791969
2023-01-05,EURUSD,1.05220000
2023-01-05,GBPUSD,1.19020000
2023-01-05,JPYUSD,0.00748671
2023-01-06,AUDUSD,0.68640000
2023-01-06,CHFUSD,1.07607877
2023-01-06,EURUSD,1.06190000
2023-01-06,GBPUSD,1.20640000
2023-01-06,JPYUSD,0.00756372
2023-01-09,AUDUSD,0.69480000
2023-01-09,CHFUSD,1.08932462
2023-01-09,EURUSD,1.07590000
2023-01-09,GBPUSD,1.22060000
2023-01-09,JPYUSD,0.00759994
2023-01-10,AUDUSD,0.68830000
2023-01-10,CHFUSD,1.08401084
2023-01-10,EURUSD,1.07370000
2023-01-10,GBPUSD,1.21550000
2023-01-10,JPYUSD,0.00756144
2023-01-11,AUDUSD,0.68990000
2023-01-11,CHFUSD,1.07538445
2023-01-11,EURUSD,1.07400000
2023-01-11,GBPUSD,1.21250000
2023-01-11,JPYUSD,0.00754262
2023-01-12,AUDUSD,0.69460000
2023-01-12,CHFUSD,1.07665805
2023-01-12,EURUSD,1.08230000
2023-01-12,GBPUSD,1.21820000
2023-01-12,JPYUSD,0.00770713
2023-01-13,AUDUSD,0.69500000
2023-01-13,CHFUSD,1.07712193
2023-01-13,EURUSD,1.08110000
2023-01-13,GBPUSD,1.21940000
2023-01-13,JPYUSD,0.00782167
2023-01-17,AUDUSD,0.69860000
2023-01-17,CHFUSD,1.08518719
2023-01-17,EURUSD,1.07930000
2023-01-17,GBPUSD,1.22640000
2023-01-17,JPYUSD,0.00780153
2023-01-18,AUDUSD,0.69880000
2023-01-18,CHFUSD,1.09409190
2023-01-18,EURUSD,1.08270000
2023-01-18,GBPUSD,1.23690000
2023-01-18,JPYUSD,0.00778513
2023-01-19,AUDUSD,0.68870000
2023-01-19,CHFUSD,1.09146475
2023-01-19,EURUSD,1.08100000
2023-01-19,GBPUSD,1.23660000
2023-01-19,JPYUSD,0.00778331
2023-01-20,AUDUSD,0.69530000
2023-01-20,CHFUSD,1.08448108
2023-01-20,EURUSD,1.08310000
2023-01-20,GBPUSD,1.23740000
2023-01-20,JPYUSD,0.00769408
2023-01-23,AUDUSD,0.70240000
2023-01-23,CHFUSD,1.08330625
2023-01-23,EURUSD,1.08650000
2023-01-23,GBPUSD,1.23700000
2023-01-23,JPYUSD,0.00765169
2023-01-24,AUDUSD,0.70420000
2023-01-24,CHFUSD,1.08342362
2023-01-24,EURUSD,1.08730000
2023-01-24,GBPUSD,1.23230000
2023-01-24,JPYUSD,0.00768817
2023-01-25,AUDUSD,0.70830000
2023-01-25,CHFUSD,1.08707468
2023-01-25,EURUSD,1.09010000
2023-01-25,GBPUSD,1.23740000
2023-01-25,JPYUSD,0.00771367
2023-01-26,AUDUSD,0.70940000
2023-01-26,CHFUSD,1.08577633
2023-01-26,EURUSD,1.08660000
2023-01-26,GBPUSD,1.23700000
2023-01-26,JPYUSD,0.00766871
2023-01-27,AUDUSD,0.71020000
2023-01-27,CHFUSD,1.08483402
2023-01-27,EURUSD,1.08570000
2023-01-27,GBPUSD,1.23790000
2023-01-27,JPYUSD,0.00769586
2023-01-30,AUDUSD,0.70760000
2023-01-30,CHFUSD,1.08330625
2023-01-30,EURUSD,1.08670000
2023-01-30,GBPUSD,1.23730000
2023-01-30,JPYUSD,0.00767224
2023-01-31,AUDUSD,0.70500000
2023-01-31,CHFUSD,1.08861311
2023-01-31,EURUSD,1.08580000
2023-01-31,GBPUSD,1.23240000
2023-01-31,JPYUSD,0.00768226
2023-02-01,AUDUSD,0.70670000
2023-02-01,CHFUSD,1.09325462
2023-02-01,EURUSD,1.09170000
2023-02-01,GBPUSD,1.23080000
2023-02-01,JPYUSD,0.00773575
2023-02-02,AUDUSD,0.70840000
2023-02-02,CHFUSD,1.09649123
2023-02-02,EURUSD,1.09180000
2023-02-02,GBPUSD,1.22600000
2023-02-02,JPYUSD,0.00778513
2023-02-03,AUDUSD,0.69460000
2023-02-03,CHFUSD,1.08108108
2023-02-03,EURUSD,1.08250000
2023-02-03,GBPUSD,1.20730000
2023-02-03,JPYUSD,0.00762951
2023-02-06,AUDUSD,0.68690000
2023-02-06,CHFUSD,1.07781850
2023-02-06,EURUSD,1.07220000
2023-02-06,GBPUSD,1.20090000
2023-02-06,JPYUSD,0.00753239
2023-02-07,AUDUSD,0.69250000
2023-02-07,CHFUSD,1.08236822
2023-02-07,EURUSD,1.07050000
2023-02-07,GBPUSD,1.20130000
2023-02-07,JPYUSD,0.00761209
2023-02-08,AUDUSD,0.69410000
2023-02-08,CHFUSD,1.08719287
2023-02-08,EURUSD,1.07340000
2023-02-08,GBPUSD,1.20930000
2023-02-08,JPYUSD,0.00761789
2023-02-09,AUDUSD,0.69640000
2023-02-09,CHFUSD,1.08790252
2023-02-09,EURUSD,1.07610000
2023-02-09,GBPUSD,1.21570000
2023-02-09,JPYUSD,0.00763475
2023-02-10,AUDUSD,0.69190000
2023-02-10,CHFUSD,1.08154878
2023-02-10,EURUSD,1.06700000
2023-02-10,GBPUSD,1.20610000
2023-02-10,JPYUSD,0.00760456
2023-02-13,AUDUSD,0.69640000
2023-02-13,CHFUSD,1.08613012
2023-02-13,EURUSD,1.07180000
2023-02-13,GBPUSD,1.21360000
2023-02-13,JPYUSD,0.00753523
2023-02-14,AUDUSD,0.69620000
2023-02-14,CHFUSD,1.08412836
2023-02-14,EURUSD,1.07220000
2023-02-14,GBPUSD,1.21570000
2023-02-14,JPYUSD,0.00751597
2023-02-15,AUDUSD,0.68930000
2023-02-15,CHFUSD,1.08248539
2023-02-15,EURUSD,1.06830000
2023-02-15,GBPUSD,1.20310000
2023-02-15,JPYUSD,0.00745045
2023-02-16,AUDUSD,0.68890000
2023-02-16,CHFUSD,1.08166577
2023-02-16,EURUSD,1.06840000
2023-02-16,GBPUSD,1.20180000
2023-02-16,JPYUSD,0.00746547
2023-02-17,AUDUSD,0.68650000
2023-02-17,CHFUSD,1.07921433
2023-02-17,EURUSD,1.06780000
2023-02-17,GBPUSD,1.20120000
2023-02-17,JPYUSD,0.00745101
2023-02-21,AUDUSD,0.68650000
2023-02-21,CHFUSD,1.07909787
2023-02-21,EURUSD,1.06570000
2023-02-21,GBPUSD,1.21110000
2023-02-21,JPYUSD,0.00741455
2023-02-22,AUDUSD,0.68190000
2023-02-22,CHFUSD,1.07561579
2023-02-22,EURUSD,1.06230000
2023-02-22,GBPUSD,1.20640000
2023-02-22,JPYUSD,0.00742005
2023-02-23,AUDUSD,0.67870000
2023-02-23,CHFUSD,1.07032003
2023-02-23,EURUSD,1.05830000
2023-02-23,GBPUSD,1.20160000
2023-02-23,JPYUSD,0.00741840
2023-02-24,AUDUSD,0.67350000
2023-02-24,CHFUSD,1.06382979
2023-02-24,EURUSD,1.05450000
2023-02-24,GBPUSD,1.19480000
2023-02-24,JPYUSD,0.00733353
2023-02-27,AUDUSD,0.67300000
2023-02-27,CHFUSD,1.06666667
2023-02-27,EURUSD,1.05960000
2023-02-27,GBPUSD,1.20360000
2023-02-27,JPYUSD,0.00734322
2023-02-28,AUDUSD,0.67440000
2023-02-28,CHFUSD,1.06655290
2023-02-28,EURUSD,1.06020000
2023-02-28,GBPUSD,1.20930000
2023-02-28,JPYUSD,0.00734808
2023-03-01,AUDUSD,0.67680000
2023-03-01,CHFUSD,1.06530308
2023-03-01,EURUSD,1.06740000
2023-03-01,GBPUSD,1.20340000
2023-03-01,JPYUSD,0.00736269
2023-03-02,AUDUSD,0.67200000
2023-03-02,CHFUSD,1.06157113
2023-03-02,EURUSD,1.05950000
2023-03-02,GBPUSD,1.19420000
2023-03-02,JPYUSD,0.00730780
2023-03-03,AUDUSD,0.67590000
2023-03-03,CHFUSD,1.06598444
2023-03-03,EURUSD,1.06160000
2023-03-03,GBPUSD,1.19960000
2023-03-03,JPYUSD,0.00734808
2023-03-06,AUDUSD,0.67380000
2023-03-06,CHFUSD,1.07434465
2023-03-06,EURUSD,1.06940000
2023-03-06,GBPUSD,1.20480000
2023-03-06,JPYUSD,0.00735673
2023-03-07,AUDUSD,0.66000000
2023-03-07,CHFUSD,1.06236057
2023-03-07,EURUSD,1.05730000
2023-03-07,GBPUSD,1.18570000
2023-03-07,JPYUSD,0.00730460
2023-03-08,AUDUSD,0.66020000
2023-03-08,CHFUSD,1.06439596
2023-03-08,EURUSD,1.05490000
2023-03-08,GBPUSD,1.18370000
2023-03-08,JPYUSD,0.00728969
2023-03-09,AUDUSD,0.66110000
2023-03-09,CHFUSD,1.06803375
2023-03-09,EURUSD,1.05770000
2023-03-09,GBPUSD,1.19220000
2023-03-09,JPYUSD,0.00733084
2023-03-10,AUDUSD,0.66100000
2023-03-10,CHFUSD,1.08542277
2023-03-10,EURUSD,1.06590000
2023-03-10,GBPUSD,1.20430000
2023-03-10,JPYUSD,0.00740466
2023-03-13,AUDUSD,0.66860000
2023-03-13,CHFUSD,1.09673174
2023-03-13,EURUSD,1.07330000
2023-03-13,GBPUSD,1.21600000
2023-03-13,JPYUSD,0.00751145
2023-03-14,AUDUSD,0.66620000
2023-03-14,CHFUSD,1.09445113
2023-03-14,EURUSD,1.07220000
2023-03-14,GBPUSD,1.21460000
2023-03-14,JPYUSD,0.00744435
2023-03-15,AUDUSD,0.66110000
2023-03-15,CHFUSD,1.08189982
2023-03-15,EURUSD,1.05350000
2023-03-15,GBPUSD,1.20320000
2023-03-15,JPYUSD,0.00752955
2023-03-16,AUDUSD,0.66520000
2023-03-16,CHFUSD,1.07538445
2023-03-16,EURUSD,1.06220000
2023-03-16,GBPUSD,1.21110000
2023-03-16,JPYUSD,0.00751823
2023-03-17,AUDUSD,0.66830000
2023-03-17,CHFUSD,1.07712193
2023-03-17,EURUSD,1.06470000
2023-03-17,GBPUSD,1.21410000
2023-03-17,JPYUSD,0.00757518
2023-03-20,AUDUSD,0.67110000
2023-03-20,CHFUSD,1.07909787
2023-03-20,EURUSD,1.07220000
2023-03-20,GBPUSD,1.22570000
2023-03-20,JPYUSD,0.00759936
2023-03-21,AUDUSD,0.66520000
2023-03-21,CHFUSD,1.08248539
2023-03-21,EURUSD,1.07690000
2023-03-21,GBPUSD,1.21950000
2023-03-21,JPYUSD,0.00756029
2023-03-22,AUDUSD,0.66860000
2023-03-22,CHFUSD,1.08260258
2023-03-22,EURUSD,1.07920000
2023-03-22,GBPUSD,1.22320000
2023-03-22,JPYUSD,0.00753750
2023-03-23,AUDUSD,0.67190000
2023-03-23,CHFUSD,1.09349371
2023-03-23,EURUSD,1.08900000
2023-03-23,GBPUSD,1.23220000
2023-03-23,JPYUSD,0.00763417
2023-03-24,AUDUSD,0.66430000
2023-03-24,CHFUSD,1.08920597
2023-03-24,EURUSD,1.07620000
2023-03-24,GBPUSD,1.22250000
2023-03-24,JPYUSD,0.00765462
2023-03-27,AUDUSD,0.66420000
2023-03-27,CHFUSD,1.09134563
2023-03-27,EURUSD,1.07890000
2023-03-27,GBPUSD,1.22780000
2023-03-27,JPYUSD,0.00760514
2023-03-28,AUDUSD,0.67090000
2023-03-28,CHFUSD,1.08719287
2023-03-28,EURUSD,1.08440000
2023-03-28,GBPUSD,1.23410000
2023-03-28,JPYUSD,0.00763534
2023-03-29,AUDUSD,0.66800000
2023-03-29,CHFUSD,1.08754758
2023-03-29,EURUSD,1.08260000
2023-03-29,GBPUSD,1.23130000
2023-03-29,JPYUSD,0.00753636
2023-03-30,AUDUSD,0.67010000
2023-03-30,CHFUSD,1.09409190
2023-03-30,EURUSD,1.08990000
2023-03-30,GBPUSD,1.23680000
2023-03-30,JPYUSD,0.00753523
2023-03-31,AUDUSD,0.67040000
2023-03-31,CHFUSD,1.09541023
2023-03-31,EURUSD,1.08720000
2023-03-31,GBPUSD,1.23690000
2023-03-31,JPYUSD,0.00753296
2023-04-03,AUDUSD,0.67840000
2023-04-03,CHFUSD,1.09529025
2023-04-03,EURUSD,1.08910000
2023-04-03,GBPUSD,1.24030000
2023-04-03,JPYUSD,0.00755572
2023-04-04,AUDUSD,0.67420000
2023-04-04,CHFUSD,1.10241429
2023-04-04,EURUSD,1.09510000
2023-04-04,GBPUSD,1.24980000
2023-04-04,JPYUSD,0.00759878
2023-04-05,AUDUSD,0.67280000
2023-04-05,CHFUSD,1.10497238
2023-04-05,EURUSD,1.09180000
2023-04-05,GBPUSD,1.24690000
2023-04-05,JPYUSD,0.00762718
2023-04-06,AUDUSD,0.66740000
2023-04-06,CHFUSD,1.10619469
2023-04-06,EURUSD,1.09270000
2023-04-06,GBPUSD,1.24560000
2023-04-06,JPYUSD,0.00759474
2023-04-07,AUDUSD,0.66680000
2023-04-07,CHFUSD,1.10509449
2023-04-07,EURUSD,1.09130000
2023-04-07,GBPUSD,1.24220000
2023-04-07,JPYUSD,0.00756945
2023-04-10,AUDUSD,0.66250000
2023-04-10,CHFUSD,1.09745391
2023-04-10,EURUSD,1.08400000
2023-04-10,GBPUSD,1.23580000
2023-04-10,JPYUSD,0.00747664
2023-04-11,AUDUSD,0.66490000
2023-04-11,CHFUSD,1.10619469
2023-04-11,EURUSD,1.09060000
2023-04-11,GBPUSD,1.24090000
2023-04-11,JPYUSD,0.00748335
2023-04-12,AUDUSD,0.66880000
2023-04-12,CHFUSD,1.11507583
2023-04-12,EURUSD,1.09870000
2023-04-12,GBPUSD,1.24710000
2023-04-12,JPYUSD,0.00750469
2023-04-13,AUDUSD,0.67790000
2023-04-13,CHFUSD,1.12688754
2023-04-13,EURUSD,1.10540000
2023-04-13,GBPUSD,1.25310000
2023-04-13,JPYUSD,0.00755458
2023-04-14,AUDUSD,0.67020000
2023-04-14,CHFUSD,1.11669458
2023-04-14,EURUSD,1.09800000
2023-04-14,GBPUSD,1.24170000
2023-04-14,JPYUSD,0.00747719
2023-04-17,AUDUSD,0.66920000
2023-04-17,CHFUSD,1.11185235
2023-04-17,EURUSD,1.09150000
2023-04-17,GBPUSD,1.23590000
2023-04-17,JPYUSD,0.00743439
2023-04-18,AUDUSD,0.67190000
2023-04-18,CHFUSD,1.11358575
2023-04-18,EURUSD,1.09580000
2023-04-18,GBPUSD,1.24190000
2023-04-18,JPYUSD,0.00745657
2023-04-19,AUDUSD,0.67170000
2023-04-19,CHFUSD,1.11308994
2023-04-19,EURUSD,1.09530000
2023-04-19,GBPUSD,1.24420000
2023-04-19,JPYUSD,0.00741895
2023-04-20,AUDUSD,0.67540000
2023-04-20,CHFUSD,1.11806798
2023-04-20,EURUSD,1.09700000
2023-04-20,GBPUSD,1.24480000
2023-04-20,JPYUSD,0.00745712
2023-04-21,AUDUSD,0.66910000
2023-04-21,CHFUSD,1.12032265
2023-04-21,EURUSD,1.09730000
2023-04-21,GBPUSD,1.24190000
2023-04-21,JPYUSD,0.00744713
2023-04-24,AUDUSD,0.66810000
2023-04-24,CHFUSD,1.12523911
2023-04-24,EURUSD,1.10270000
2023-04-24,GBPUSD,1.24570000
2023-04-24,JPYUSD,0.00743992
2023-04-25,AUDUSD,0.66280000
2023-04-25,CHFUSD,1.12044818
2023-04-25,EURUSD,1.09680000
2023-04-25,GBPUSD,1.23980000
2023-04-25,JPYUSD,0.00746491
2023-04-26,AUDUSD,0.66160000
2023-04-26,CHFUSD,1.12346927
2023-04-26,EURUSD,1.10520000
2023-04-26,GBPUSD,1.24860000
2023-04-26,JPYUSD,0.00747831
2023-04-27,AUDUSD,0.66140000
2023-04-27,CHFUSD,1.11644524
2023-04-27,EURUSD,1.10170000
2023-04-27,GBPUSD,1.24710000
2023-04-27,JPYUSD,0.00746046
2023-04-28,AUDUSD,0.66170000
2023-04-28,CHFUSD,1.12220851
2023-04-28,EURUSD,1.10400000
2023-04-28,GBPUSD,1.25820000
2023-04-28,JPYUSD,0.00735348
2023-05-01,AUDUSD,0.66360000
2023-05-01,CHFUSD,1.11594688
2023-05-01,EURUSD,1.09700000
2023-05-01,GBPUSD,1.24950000
2023-05-01,JPYUSD,0.00728067
2023-05-02,AUDUSD,0.66700000
2023-05-02,CHFUSD,1.11969544
2023-05-02,EURUSD,1.09970000
2023-05-02,GBPUSD,1.24750000
2023-05-02,JPYUSD,0.00732815
2023-05-03,AUDUSD,0.66750000
2023-05-03,CHFUSD,1.12726863
2023-05-03,EURUSD,1.10490000
2023-05-03,GBPUSD,1.25470000
2023-05-03,JPYUSD,0.00739044
2023-05-04,AUDUSD,0.66760000
2023-05-04,CHFUSD,1.12854080
2023-05-04,EURUSD,1.10090000
2023-05-04,GBPUSD,1.25800000
2023-05-04,JPYUSD,0.00747608
2023-05-05,AUDUSD,0.67470000
2023-05-05,CHFUSD,1.12195669
2023-05-05,EURUSD,1.10260000
2023-05-05,GBPUSD,1.26500000
2023-05-05,JPYUSD,0.00741565
2023-05-08,AUDUSD,0.67920000
2023-05-08,CHFUSD,1.12435350
2023-05-08,EURUSD,1.10200000
2023-05-08,GBPUSD,1.26330000
2023-05-08,JPYUSD,0.00741675
2023-05-09,AUDUSD,0.67520000
2023-05-09,CHFUSD,1.12157918
2023-05-09,EURUSD,1.09530000
2023-05-09,GBPUSD,1.26180000
2023-05-09,JPYUSD,0.00739919
2023-05-10,AUDUSD,0.67640000
2023-05-10,CHFUSD,1.12220851
2023-05-10,EURUSD,1.09660000
2023-05-10,GBPUSD,1.26140000
2023-05-10,JPYUSD,0.00743384
2023-05-11,AUDUSD,0.66940000
2023-05-11,CHFUSD,1.11694404
2023-05-11,EURUSD,1.09160000
2023-05-11,GBPUSD,1.25010000
2023-05-11,JPYUSD,0.00743716
2023-05-12,AUDUSD,0.66490000
2023-05-12,CHFUSD,1.11470293
2023-05-12,EURUSD,1.08560000
2023-05-12,GBPUSD,1.24640000
2023-05-12,JPYUSD,0.00737300
2023-05-15,AUDUSD,0.66980000
2023-05-15,CHFUSD,1.11744329
2023-05-15,EURUSD,1.08740000
2023-05-15,GBPUSD,1.25260000
2023-05-15,JPYUSD,0.00734916
2023-05-16,AUDUSD,0.66630000
2023-05-16,CHFUSD,1.11544897
2023-05-16,EURUSD,1.08660000
2023-05-16,GBPUSD,1.24940000
2023-05-16,JPYUSD,0.00731957
2023-05-17,AUDUSD,0.66510000
2023-05-17,CHFUSD,1.11209964
2023-05-17,EURUSD,1.08300000
2023-05-17,GBPUSD,1.24750000
2023-05-17,JPYUSD,0.00727220
2023-05-18,AUDUSD,0.66180000
2023-05-18,CHFUSD,1.10546098
2023-05-18,EURUSD,1.07760000
2023-05-18,GBPUSD,1.24240000
2023-05-18,JPYUSD,0.00722022
2023-05-19,AUDUSD,0.66610000
2023-05-19,CHFUSD,1.11247080
2023-05-19,EURUSD,1.08190000
2023-05-19,GBPUSD,1.24640000
2023-05-19,JPYUSD,0.00726375
2023-05-22,AUDUSD,0.66440000
2023-05-22,CHFUSD,1.11222333
2023-05-22,EURUSD,1.08060000
2023-05-22,GBPUSD,1.24250000
2023-05-22,JPYUSD,0.00721241
2023-05-23,AUDUSD,0.66220000
2023-05-23,CHFUSD,1.10938540
2023-05-23,EURUSD,1.07710000
2023-05-23,GBPUSD,1.24230000
2023-05-23,JPYUSD,0.00720773
2023-05-24,AUDUSD,0.65410000
2023-05-24,CHFUSD,1.10399647
2023-05-24,EURUSD,1.07580000
2023-05-24,GBPUSD,1.23680000
2023-05-24,JPYUSD,0.00718701
2023-05-25,AUDUSD,0.65060000
2023-05-25,CHFUSD,1.10375276
2023-05-25,EURUSD,1.07250000
2023-05-25,GBPUSD,1.23250000
2023-05-25,JPYUSD,0.00715256
2023-05-26,AUDUSD,0.65110000
2023-05-26,CHFUSD,1.10375276
2023-05-26,EURUSD,1.07130000
2023-05-26,GBPUSD,1.23420000
2023-05-26,JPYUSD,0.00711592
2023-05-30,AUDUSD,0.65130000
2023-05-30,CHFUSD,1.10521662
2023-05-30,EURUSD,1.07220000
2023-05-30,GBPUSD,1.24030000
2023-05-30,JPYUSD,0.00715154
2023-05-31,AUDUSD,0.64730000
2023-05-31,CHFUSD,1.09541023
2023-05-31,EURUSD,1.06540000
2023-05-31,GBPUSD,1.23960000
2023-05-31,JPYUSD,0.00715410
2023-06-01,AUDUSD,0.65770000
2023-06-01,CHFUSD,1.10168558
2023-06-01,EURUSD,1.07520000
2023-06-01,GBPUSD,1.25360000
2023-06-01,JPYUSD,0.00720773
2023-06-02,AUDUSD,0.66160000
2023-06-02,CHFUSD,1.10192837
2023-06-02,EURUSD,1.07240000
2023-06-02,GBPUSD,1.24680000
2023-06-02,JPYUSD,0.00715512
2023-06-05,AUDUSD,0.66260000
2023-06-05,CHFUSD,1.10399647
2023-06-05,EURUSD,1.07210000
2023-06-05,GBPUSD,1.24400000
2023-06-05,JPYUSD,0.00716127
2023-06-06,AUDUSD,0.66740000
2023-06-06,CHFUSD,1.10180696
2023-06-06,EURUSD,1.06950000
2023-06-06,GBPUSD,1.24180000
2023-06-06,JPYUSD,0.00715973
2023-06-07,AUDUSD,0.66610000
2023-06-07,CHFUSD,1.10023105
2023-06-07,EURUSD,1.07020000
2023-06-07,GBPUSD,1.24510000
2023-06-07,JPYUSD,0.00714388
2023-06-08,AUDUSD,0.67070000
2023-06-08,CHFUSD,1.11074086
2023-06-08,EURUSD,1.07800000
2023-06-08,GBPUSD,1.25470000
2023-06-08,JPYUSD,0.00720305
2023-06-09,AUDUSD,0.67400000
2023-06-09,CHFUSD,1.10791048
2023-06-09,EURUSD,1.07490000
2023-06-09,GBPUSD,1.25790000
2023-06-09,JPYUSD,0.00717618
2023-06-12,AUDUSD,0.67470000
2023-06-12,CHFUSD,1.09902187
2023-06-12,EURUSD,1.07470000
2023-06-12,GBPUSD,1.24890000
2023-06-12,JPYUSD,0.00715717
2023-06-13,AUDUSD,0.67760000
2023-06-13,CHFUSD,1.10460621
2023-06-13,EURUSD,1.07920000
2023-06-13,GBPUSD,1.26110000
2023-06-13,JPYUSD,0.00714286
2023-06-14,AUDUSD,0.68320000
2023-06-14,CHFUSD,1.11457869
2023-06-14,EURUSD,1.08590000
2023-06-14,GBPUSD,1.26960000
2023-06-14,JPYUSD,0.00717721
2023-06-15,AUDUSD,0.68710000
2023-06-15,CHFUSD,1.12019715
2023-06-15,EURUSD,1.09330000
2023-06-15,GBPUSD,1.27620000
2023-06-15,JPYUSD,0.00711794
2023-06-16,AUDUSD,0.68650000
2023-06-16,CHFUSD,1.11819300
2023-06-16,EURUSD,1.09250000
2023-06-16,GBPUSD,1.28150000
2023-06-16,JPYUSD,0.00705119
2023-06-20,AUDUSD,0.67700000
2023-06-20,CHFUSD,1.11197598
2023-06-20,EURUSD,1.09000000
2023-06-20,GBPUSD,1.27320000
2023-06-20,JPYUSD,0.00706914
2023-06-21,AUDUSD,0.67810000
2023-06-21,CHFUSD,1.11731844
2023-06-21,EURUSD,1.09510000
2023-06-21,GBPUSD,1.27370000
2023-06-21,JPYUSD,0.00703779
2023-06-22,AUDUSD,0.67530000
2023-06-22,CHFUSD,1.11520018
2023-06-22,EURUSD,1.09530000
2023-06-22,GBPUSD,1.27500000
2023-06-22,JPYUSD,0.00699839
2023-06-23,AUDUSD,0.66870000
2023-06-23,CHFUSD,1.11370977
2023-06-23,EURUSD,1.08870000
2023-06-23,GBPUSD,1.27010000
2023-06-23,JPYUSD,0.00695507
2023-06-26,AUDUSD,0.66830000
2023-06-26,CHFUSD,1.11781802
2023-06-26,EURUSD,1.09100000
2023-06-26,GBPUSD,1.27240000
2023-06-26,JPYUSD,0.00696621
2023-06-27,AUDUSD,0.66830000
2023-06-27,CHFUSD,1.11844313
2023-06-27,EURUSD,1.09610000
2023-06-27,GBPUSD,1.27520000
2023-06-27,JPYUSD,0.00694444
2023-06-28,AUDUSD,0.66200000
2023-06-28,CHFUSD,1.11420613
2023-06-28,EURUSD,1.09040000
2023-06-28,GBPUSD,1.26370000
2023-06-28,JPYUSD,0.00693337
2023-06-29,AUDUSD,0.66330000
2023-06-29,CHFUSD,1.11308994
2023-06-29,EURUSD,1.08810000
2023-06-29,GBPUSD,1.26170000
2023-06-29,JPYUSD,0.00690989
2023-06-30,AUDUSD,0.66630000
2023-06-30,CHFUSD,1.11769308
2023-06-30,EURUSD,1.09200000
2023-06-30,GBPUSD,1.27090000
2023-06-30,JPYUSD,0.00692185
2023-07-03,AUDUSD,0.66780000
2023-07-03,CHFUSD,1.11656990
2023-07-03,EURUSD,1.09190000
2023-07-03,GBPUSD,1.26950000
2023-07-03,JPYUSD,0.00692042
2023-07-05,AUDUSD,0.66630000
2023-07-05,CHFUSD,1.11358575
2023-07-05,EURUSD,1.08680000
2023-07-05,GBPUSD,1.27100000
2023-07-05,JPYUSD,0.00691754
2023-07-06,AUDUSD,0.66190000
2023-07-06,CHFUSD,1.11544897
2023-07-06,EURUSD,1.08730000
2023-07-06,GBPUSD,1.27210000
2023-07-06,JPYUSD,0.00694011
2023-07-07,AUDUSD,0.66860000
2023-07-07,CHFUSD,1.12523911
2023-07-07,EURUSD,1.09640000
2023-07-07,GBPUSD,1.28380000
2023-07-07,JPYUSD,0.00703185
2023-07-10,AUDUSD,0.66690000
2023-07-10,CHFUSD,1.12752283
2023-07-10,EURUSD,1.09910000
2023-07-10,GBPUSD,1.28370000
2023-07-10,JPYUSD,0.00706414
2023-07-11,AUDUSD,0.66640000
2023-07-11,CHFUSD,1.13571834
2023-07-11,EURUSD,1.09920000
2023-07-11,GBPUSD,1.29010000
2023-07-11,JPYUSD,0.00711693
2023-07-12,AUDUSD,0.67820000
2023-07-12,CHFUSD,1.15260489
2023-07-12,EURUSD,1.11230000
2023-07-12,GBPUSD,1.29930000
2023-07-12,JPYUSD,0.00723537
2023-07-13,AUDUSD,0.68730000
2023-07-13,CHFUSD,1.16346713
2023-07-13,EURUSD,1.11940000
2023-07-13,GBPUSD,1.30970000
2023-07-13,JPYUSD,0.00723903
2023-07-14,AUDUSD,0.68430000
2023-07-14,CHFUSD,1.16063138
2023-07-14,EURUSD,1.12370000
2023-07-14,GBPUSD,1.31130000
2023-07-14,JPYUSD,0.00720773
2023-07-17,AUDUSD,0.68210000
2023-07-17,CHFUSD,1.16252034
2023-07-17,EURUSD,1.12360000
2023-07-17,GBPUSD,1.30780000
2023-07-17,JPYUSD,0.00719839
2023-07-18,AUDUSD,0.68170000
2023-07-18,CHFUSD,1.16522955
2023-07-18,EURUSD,1.12230000
2023-07-18,GBPUSD,1.30540000
2023-07-18,JPYUSD,0.00719735
2023-07-19,AUDUSD,0.67630000
2023-07-19,CHFUSD,1.16306118
2023-07-19,EURUSD,1.11950000
2023-07-19,GBPUSD,1.28980000
2023-07-19,JPYUSD,0.00715512
2023-07-20,AUDUSD,0.67780000
2023-07-20,CHFUSD,1.15326952
2023-07-20,EURUSD,1.11350000
2023-07-20,GBPUSD,1.28490000
2023-07-20,JPYUSD,0.00712301
2023-07-21,AUDUSD,0.67370000
2023-07-21,CHFUSD,1.15500116
2023-07-21,EURUSD,1.11200000
2023-07-21,GBPUSD,1.28540000
2023-07-21,JPYUSD,0.00705467
2023-07-24,AUDUSD,0.67500000
2023-07-24,CHFUSD,1.15420129
2023-07-24,EURUSD,1.10830000
2023-07-24,GBPUSD,1.28280000
2023-07-24,JPYUSD,0.00708265
2023-07-25,AUDUSD,0.67910000
2023-07-25,CHFUSD,1.15687182
2023-07-25,EURUSD,1.10500000
2023-07-25,GBPUSD,1.28760000
2023-07-25,JPYUSD,0.00709673
2023-07-26,AUDUSD,0.67560000
2023-07-26,CHFUSD,1.15942029
2023-07-26,EURUSD,1.10780000
2023-07-26,GBPUSD,1.29300000
2023-07-26,JPYUSD,0.00712200
2023-07-27,AUDUSD,0.67400000
2023-07-27,CHFUSD,1.15127792
2023-07-27,EURUSD,1.09980000
2023-07-27,GBPUSD,1.28700000
2023-07-27,JPYUSD,0.00709069
2023-07-28,AUDUSD,0.66700000
2023-07-28,CHFUSD,1.15114539
2023-07-28,EURUSD,1.10390000
2023-07-28,GBPUSD,1.28700000
2023-07-28,JPYUSD,0.00710631
2023-07-31,AUDUSD,0.67300000
2023-07-31,CHFUSD,1.15101289
2023-07-31,EURUSD,1.10200000
2023-07-31,GBPUSD,1.28570000
2023-07-31,JPYUSD,0.00703334
2023-08-01,AUDUSD,0.66110000
2023-08-01,CHFUSD,1.14116170
2023-08-01,EURUSD,1.09710000
2023-08-01,GBPUSD,1.27500000
2023-08-01,JPYUSD,0.00697642
2023-08-02,AUDUSD,0.65420000
2023-08-02,CHFUSD,1.13908190
2023-08-02,EURUSD,1.09390000
2023-08-02,GBPUSD,1.27120000
2023-08-02,JPYUSD,0.00698275
2023-08-03,AUDUSD,0.65540000
2023-08-03,CHFUSD,1.14390300
2023-08-03,EURUSD,1.09470000
2023-08-03,GBPUSD,1.27090000
2023-08-03,JPYUSD,0.00702149
2023-08-04,AUDUSD,0.66050000
2023-08-04,CHFUSD,1.14771032
2023-08-04,EURUSD,1.10360000
2023-08-04,GBPUSD,1.27750000
2023-08-04,JPYUSD,0.00705268
2023-08-07,AUDUSD,0.65640000
2023-08-07,CHFUSD,1.14390300
2023-08-07,EURUSD,1.10000000
2023-08-07,GBPUSD,1.27690000
2023-08-07,JPYUSD,0.00702001
2023-08-08,AUDUSD,0.65140000
2023-08-08,CHFUSD,1.14194359
2023-08-08,EURUSD,1.09510000
2023-08-08,GBPUSD,1.27290000
2023-08-08,JPYUSD,0.00698470
2023-08-09,AUDUSD,0.65250000
2023-08-09,CHFUSD,1.14025086
2023-08-09,EURUSD,1.09750000
2023-08-09,GBPUSD,1.27150000
2023-08-09,JPYUSD,0.00696476
2023-08-10,AUDUSD,0.65570000
2023-08-10,CHFUSD,1.14468864
2023-08-10,EURUSD,1.10160000
2023-08-10,GBPUSD,1.27260000
2023-08-10,JPYUSD,0.00692521
2023-08-11,AUDUSD,0.64930000
2023-08-11,CHFUSD,1.14090131
2023-08-11,EURUSD,1.09570000
2023-08-11,GBPUSD,1.26940000
2023-08-11,JPYUSD,0.00689941
2023-08-14,AUDUSD,0.64960000
2023-08-14,CHFUSD,1.13960114
2023-08-14,EURUSD,1.09220000
2023-08-14,GBPUSD,1.26910000
2023-08-14,JPYUSD,0.00688231
2023-08-15,AUDUSD,0.64840000
2023-08-15,CHFUSD,1.14038089
2023-08-15,EURUSD,1.09280000
2023-08-15,GBPUSD,1.27450000
2023-08-15,JPYUSD,0.00687758
2023-08-16,AUDUSD,0.64400000
2023-08-16,CHFUSD,1.13817437
2023-08-16,EURUSD,1.09040000
2023-08-16,GBPUSD,1.27490000
2023-08-16,JPYUSD,0.00685824
2023-08-17,AUDUSD,0.64170000
2023-08-17,CHFUSD,1.13739763
2023-08-17,EURUSD,1.08740000
2023-08-17,GBPUSD,1.27530000
2023-08-17,JPYUSD,0.00684182
2023-08-18,AUDUSD,0.64130000
2023-08-18,CHFUSD,1.13417262
2023-08-18,EURUSD,1.08750000
2023-08-18,GBPUSD,1.27380000
2023-08-18,JPYUSD,0.00688942
2023-08-21,AUDUSD,0.63930000
2023-08-21,CHFUSD,1.13649278
2023-08-21,EURUSD,1.08880000
2023-08-21,GBPUSD,1.27370000
2023-08-21,JPYUSD,0.00683714
2023-08-22,AUDUSD,0.64250000
2023-08-22,CHFUSD,1.13636364
2023-08-22,EURUSD,1.08460000
2023-08-22,GBPUSD,1.27330000
2023-08-22,JPYUSD,0.00685918
2023-08-23,AUDUSD,0.64690000
2023-08-23,CHFUSD,1.13830393
2023-08-23,EURUSD,1.08620000
2023-08-23,GBPUSD,1.27150000
2023-08-23,JPYUSD,0.00691467
2023-08-24,AUDUSD,0.64260000
2023-08-24,CHFUSD,1.13314448
2023-08-24,EURUSD,1.08260000
2023-08-24,GBPUSD,1.26340000
2023-08-24,JPYUSD,0.00686106
2023-08-25,AUDUSD,0.64010000
2023-08-25,CHFUSD,1.12866817
2023-08-25,EURUSD,1.07870000
2023-08-25,GBPUSD,1.25700000
2023-08-25,JPYUSD,0.00683153
2023-08-28,AUDUSD,0.64260000
2023-08-28,CHFUSD,1.13224638
2023-08-28,EURUSD,1.08100000
2023-08-28,GBPUSD,1.25920000
2023-08-28,JPYUSD,0.00683060
2023-08-29,AUDUSD,0.64590000
2023-08-29,CHFUSD,1.13662196
2023-08-29,EURUSD,1.08510000
2023-08-29,GBPUSD,1.26140000
2023-08-29,JPYUSD,0.00684885
2023-08-30,AUDUSD,0.64950000
2023-08-30,CHFUSD,1.13999088
2023-08-30,EURUSD,1.09260000
2023-08-30,GBPUSD,1.27260000
2023-08-30,JPYUSD,0.00685213
2023-08-31,AUDUSD,0.64680000
2023-08-31,CHFUSD,1.13160575
2023-08-31,EURUSD,1.08390000
2023-08-31,GBPUSD,1.26670000
2023-08-31,JPYUSD,0.00686436
2023-09-01,AUDUSD,0.64490000
2023-09-01,CHFUSD,1.12905047
2023-09-01,EURUSD,1.07870000
2023-09-01,GBPUSD,1.25940000
2023-09-01,JPYUSD,0.00683995
2023-09-05,AUDUSD,0.63820000
2023-09-05,CHFUSD,1.12511251
2023-09-05,EURUSD,1.07270000
2023-09-05,GBPUSD,1.25830000
2023-09-05,JPYUSD,0.00677369
2023-09-06,AUDUSD,0.63820000
2023-09-06,CHFUSD,1.12057373
2023-09-06,EURUSD,1.07140000
2023-09-06,GBPUSD,1.24980000
2023-09-06,JPYUSD,0.00677277
2023-09-07,AUDUSD,0.63800000
2023-09-07,CHFUSD,1.12019715
2023-09-07,EURUSD,1.07040000
2023-09-07,GBPUSD,1.24850000
2023-09-07,JPYUSD,0.00679671
2023-09-08,AUDUSD,0.63860000
2023-09-08,CHFUSD,1.12019715
2023-09-08,EURUSD,1.07090000
2023-09-08,GBPUSD,1.24760000
2023-09-08,JPYUSD,0.00677048
2023-09-11,AUDUSD,0.64350000
2023-09-11,CHFUSD,1.12233446
2023-09-11,EURUSD,1.07440000
2023-09-11,GBPUSD,1.25290000
2023-09-11,JPYUSD,0.00682780
2023-09-12,AUDUSD,0.64230000
2023-09-12,CHFUSD,1.12195669
2023-09-12,EURUSD,1.07260000
2023-09-12,GBPUSD,1.24770000
2023-09-12,JPYUSD,0.00679717
2023-09-13,AUDUSD,0.64250000
2023-09-13,CHFUSD,1.12044818
2023-09-13,EURUSD,1.07370000
2023-09-13,GBPUSD,1.24880000
2023-09-13,JPYUSD,0.00678196
2023-09-14,AUDUSD,0.64450000
2023-09-14,CHFUSD,1.11744329
2023-09-14,EURUSD,1.06600000
2023-09-14,GBPUSD,1.24100000
2023-09-14,JPYUSD,0.00679486
2023-09-15,AUDUSD,0.64420000
2023-09-15,CHFUSD,1.11607143
2023-09-15,EURUSD,1.06730000
2023-09-15,GBPUSD,1.23920000
2023-09-15,JPYUSD,0.00676453
2023-09-18,AUDUSD,0.64420000
2023-09-18,CHFUSD,1.11557340
2023-09-18,EURUSD,1.06950000
2023-09-18,GBPUSD,1.24030000
2023-09-18,JPYUSD,0.00677369
2023-09-19,AUDUSD,0.64580000
2023-09-19,CHFUSD,1.11370977
2023-09-19,EURUSD,1.06840000
2023-09-19,GBPUSD,1.23930000
2023-09-19,JPYUSD,0.00676590
2023-09-20,AUDUSD,0.64990000
2023-09-20,CHFUSD,1.11694404
2023-09-20,EURUSD,1.07150000
2023-09-20,GBPUSD,1.23890000
2023-09-20,JPYUSD,0.00676865
2023-09-21,AUDUSD,0.64220000
2023-09-21,CHFUSD,1.10705192
2023-09-21,EURUSD,1.06640000
2023-09-21,GBPUSD,1.22990000
2023-09-21,JPYUSD,0.00678334
2023-09-22,AUDUSD,0.64530000
2023-09-22,CHFUSD,1.10326567
2023-09-22,EURUSD,1.06600000
2023-09-22,GBPUSD,1.22570000
2023-09-22,JPYUSD,0.00674582
2023-09-25,AUDUSD,0.64200000
2023-09-25,CHFUSD,1.09649123
2023-09-25,EURUSD,1.05910000
2023-09-25,GBPUSD,1.22180000
2023-09-25,JPYUSD,0.00672314
2023-09-26,AUDUSD,0.64050000
2023-09-26,CHFUSD,1.09361330
2023-09-26,EURUSD,1.05730000
2023-09-26,GBPUSD,1.21680000
2023-09-26,JPYUSD,0.00671592
2023-09-27,AUDUSD,0.63680000
2023-09-27,CHFUSD,1.08719287
2023-09-27,EURUSD,1.05100000
2023-09-27,GBPUSD,1.21330000
2023-09-27,JPYUSD,0.00668986
2023-09-28,AUDUSD,0.64270000
2023-09-28,CHFUSD,1.09289617
2023-09-28,EURUSD,1.05780000
2023-09-28,GBPUSD,1.22230000
2023-09-28,JPYUSD,0.00670331
2023-09-29,AUDUSD,0.64510000
2023-09-29,CHFUSD,1.09397221
2023-09-29,EURUSD,1.05840000
2023-09-29,GBPUSD,1.22140000
2023-09-29,JPYUSD,0.00669210
2023-10-02,AUDUSD,0.63750000
2023-10-02,CHFUSD,1.08979948
2023-10-02,EURUSD,1.05000000
2023-10-02,GBPUSD,1.21300000
2023-10-02,JPYUSD,0.00667557
2023-10-03,AUDUSD,0.62930000
2023-10-03,CHFUSD,1.08389334
2023-10-03,EURUSD,1.04530000
2023-10-03,GBPUSD,1.20690000
2023-10-03,JPYUSD,0.00670421
2023-10-04,AUDUSD,0.63370000
2023-10-04,CHFUSD,1.09170306
2023-10-04,EURUSD,1.05180000
2023-10-04,GBPUSD,1.21570000
2023-10-04,JPYUSD,0.00671908
2023-10-05,AUDUSD,0.63500000
2023-10-05,CHFUSD,1.09397221
2023-10-05,EURUSD,1.05270000
2023-10-05,GBPUSD,1.21710000
2023-10-05,JPYUSD,0.00673446
2023-10-06,AUDUSD,0.63940000
2023-10-06,CHFUSD,1.10107906
2023-10-06,EURUSD,1.05960000
2023-10-06,GBPUSD,1.22550000
2023-10-06,JPYUSD,0.00670781
2023-10-10,AUDUSD,0.64300000
2023-10-10,CHFUSD,1.10631707
2023-10-10,EURUSD,1.06180000
2023-10-10,GBPUSD,1.22880000
2023-10-10,JPYUSD,0.00672857
2023-10-11,AUDUSD,0.64070000
2023-10-11,CHFUSD,1.10803324
2023-10-11,EURUSD,1.06200000
2023-10-11,GBPUSD,1.23040000
2023-10-11,JPYUSD,0.00670376
2023-10-12,AUDUSD,0.63340000
2023-10-12,CHFUSD,1.10326567
2023-10-12,EURUSD,1.05530000
2023-10-12,GBPUSD,1.22140000
2023-10-12,JPYUSD,0.00667958
2023-10-13,AUDUSD,0.62900000
2023-10-13,CHFUSD,1.10889332
2023-10-13,EURUSD,1.05020000
2023-10-13,GBPUSD,1.21390000
2023-10-13,JPYUSD,0.00668360
2023-10-16,AUDUSD,0.63390000
2023-10-16,CHFUSD,1.11024759
2023-10-16,EURUSD,1.05460000
2023-10-16,GBPUSD,1.21980000
2023-10-16,JPYUSD,0.00668583
2023-10-17,AUDUSD,0.63770000
2023-10-17,CHFUSD,1.11172874
2023-10-17,EURUSD,1.05930000
2023-10-17,GBPUSD,1.22060000
2023-10-17,JPYUSD,0.00667958
2023-10-18,AUDUSD,0.63360000
2023-10-18,CHFUSD,1.11296605
2023-10-18,EURUSD,1.05320000
2023-10-18,GBPUSD,1.21500000
2023-10-18,JPYUSD,0.00667289
2023-10-19,AUDUSD,0.63250000
2023-10-19,CHFUSD,1.11656990
2023-10-19,EURUSD,1.05700000
2023-10-19,GBPUSD,1.21450000
2023-10-19,JPYUSD,0.00667022
2023-10-20,AUDUSD,0.63190000
2023-10-20,CHFUSD,1.12132765
2023-10-20,EURUSD,1.05920000
2023-10-20,GBPUSD,1.21530000
2023-10-20,JPYUSD,0.00667334
2023-10-23,AUDUSD,0.63370000
2023-10-23,CHFUSD,1.12120193
2023-10-23,EURUSD,1.06460000
2023-10-23,GBPUSD,1.22350000
2023-10-23,JPYUSD,0.00667646
2023-10-24,AUDUSD,0.63490000
2023-10-24,CHFUSD,1.11919418
2023-10-24,EURUSD,1.05950000
2023-10-24,GBPUSD,1.21700000
2023-10-24,JPYUSD,0.00667379
2023-10-25,AUDUSD,0.63340000
2023-10-25,CHFUSD,1.11719361
2023-10-25,EURUSD,1.05830000
2023-10-25,GBPUSD,1.21400000
2023-10-25,JPYUSD,0.00666933
2023-10-26,AUDUSD,0.63120000
2023-10-26,CHFUSD,1.11172874
2023-10-26,EURUSD,1.05320000
2023-10-26,GBPUSD,1.21130000
2023-10-26,JPYUSD,0.00664717
2023-10-27,AUDUSD,0.63520000
2023-10-27,CHFUSD,1.10852455
2023-10-27,EURUSD,1.05920000
2023-10-27,GBPUSD,1.21510000
2023-10-27,JPYUSD,0.00668449
2023-10-30,AUDUSD,0.63740000
2023-10-30,CHFUSD,1.10901630
2023-10-30,EURUSD,1.06200000
2023-10-30,GBPUSD,1.21570000
2023-10-30,JPYUSD,0.00671096
2023-10-31,AUDUSD,0.63320000
2023-10-31,CHFUSD,1.09890110
2023-10-31,EURUSD,1.05680000
2023-10-31,GBPUSD,1.21350000
2023-10-31,JPYUSD,0.00660240
2023-11-01,AUDUSD,0.63630000
2023-11-01,CHFUSD,1.09853894
2023-11-01,EURUSD,1.05380000
2023-11-01,GBPUSD,1.21270000
2023-11-01,JPYUSD,0.00662427
2023-11-02,AUDUSD,0.64220000
2023-11-02,CHFUSD,1.10363095
2023-11-02,EURUSD,1.06180000
2023-11-02,GBPUSD,1.21750000
2023-11-02,JPYUSD,0.00664540
2023-11-03,AUDUSD,0.65070000
2023-11-03,CHFUSD,1.11308994
2023-11-03,EURUSD,1.07330000
2023-11-03,GBPUSD,1.23740000
2023-11-03,JPYUSD,0.00669523
2023-11-06,AUDUSD,0.65030000
2023-11-06,CHFUSD,1.11495150
2023-11-06,EURUSD,1.07470000
2023-11-06,GBPUSD,1.23910000
2023-11-06,JPYUSD,0.00667690
2023-11-07,AUDUSD,0.64240000
2023-11-07,CHFUSD,1.11049417
2023-11-07,EURUSD,1.06870000
2023-11-07,GBPUSD,1.22960000
2023-11-07,JPYUSD,0.00664584
2023-11-08,AUDUSD,0.64210000
2023-11-08,CHFUSD,1.11358575
2023-11-08,EURUSD,1.07150000
2023-11-08,GBPUSD,1.23010000
2023-11-08,JPYUSD,0.00663262
2023-11-09,AUDUSD,0.64200000
2023-11-09,CHFUSD,1.11160516
2023-11-09,EURUSD,1.07100000
2023-11-09,GBPUSD,1.22790000
2023-11-09,JPYUSD,0.00662076
2023-11-13,AUDUSD,0.63870000
2023-11-13,CHFUSD,1.10938540
2023-11-13,EURUSD,1.07000000
2023-11-13,GBPUSD,1.22680000
2023-11-13,JPYUSD,0.00659805
2023-11-14,AUDUSD,0.64910000
2023-11-14,CHFUSD,1.12296463
2023-11-14,EURUSD,1.08610000
2023-11-14,GBPUSD,1.24830000
2023-11-14,JPYUSD,0.00663350
2023-11-15,AUDUSD,0.65180000
2023-11-15,CHFUSD,1.12714157
2023-11-15,EURUSD,1.08530000
2023-11-15,GBPUSD,1.24310000
2023-11-15,JPYUSD,0.00661945
2023-11-16,AUDUSD,0.64640000
2023-11-16,CHFUSD,1.12587255
2023-11-16,EURUSD,1.08510000
2023-11-16,GBPUSD,1.24230000
2023-11-16,JPYUSD,0.00664055
2023-11-17,AUDUSD,0.64940000
2023-11-17,CHFUSD,1.12739572
2023-11-17,EURUSD,1.08790000
2023-11-17,GBPUSD,1.24300000
2023-11-17,JPYUSD,0.00667468
2023-11-20,AUDUSD,0.65570000
2023-11-20,CHFUSD,1.13109377
2023-11-20,EURUSD,1.09450000
2023-11-20,GBPUSD,1.25050000
2023-11-20,JPYUSD,0.00674491
2023-11-21,AUDUSD,0.65680000
2023-11-21,CHFUSD,1.13237459
2023-11-21,EURUSD,1.09230000
2023-11-21,GBPUSD,1.25400000
2023-11-21,JPYUSD,0.00676224
2023-11-22,AUDUSD,0.65350000
2023-11-22,CHFUSD,1.12956060
2023-11-22,EURUSD,1.08710000
2023-11-22,GBPUSD,1.24680000
2023-11-22,JPYUSD,0.00668137
2023-11-24,AUDUSD,0.65840000
2023-11-24,CHFUSD,1.13404400
2023-11-24,EURUSD,1.09340000
2023-11-24,GBPUSD,1.26010000
2023-11-24,JPYUSD,0.00668583
2023-11-27,AUDUSD,0.65970000
2023-11-27,CHFUSD,1.13494496
2023-11-27,EURUSD,1.09370000
2023-11-27,GBPUSD,1.26130000
2023-11-27,JPYUSD,0.00671637
2023-11-28,AUDUSD,0.66660000
2023-11-28,CHFUSD,1.14116170
2023-11-28,EURUSD,1.10070000
2023-11-28,GBPUSD,1.27130000
2023-11-28,JPYUSD,0.00678380
2023-11-29,AUDUSD,0.66180000
2023-11-29,CHFUSD,1.14259598
2023-11-29,EURUSD,1.09690000
2023-11-29,GBPUSD,1.26900000
2023-11-29,JPYUSD,0.00678472
2023-11-30,AUDUSD,0.66140000
2023-11-30,CHFUSD,1.14613181
2023-11-30,EURUSD,1.09080000
2023-11-30,GBPUSD,1.26400000
2023-11-30,JPYUSD,0.00676270
2023-12-01,AUDUSD,0.66600000
2023-12-01,CHFUSD,1.14863313
2023-12-01,EURUSD,1.08780000
2023-12-01,GBPUSD,1.26820000
2023-12-01,JPYUSD,0.00680272
2023-12-04,AUDUSD,0.66200000
2023-12-04,CHFUSD,1.14547537
2023-12-04,EURUSD,1.08240000
2023-12-04,GBPUSD,1.26330000
2023-12-04,JPYUSD,0.00679579
2023-12-05,AUDUSD,0.65510000
2023-12-05,CHFUSD,1.14155251
2023-12-05,EURUSD,1.07870000
2023-12-05,GBPUSD,1.25900000
2023-12-05,JPYUSD,0.00679071
2023-12-06,AUDUSD,0.65690000
2023-12-06,CHFUSD,1.14403386
2023-12-06,EURUSD,1.07900000
2023-12-06,GBPUSD,1.25890000
2023-12-06,JPYUSD,0.00679532
2023-12-07,AUDUSD,0.66010000
2023-12-07,CHFUSD,1.14181320
2023-12-07,EURUSD,1.07940000
2023-12-07,GBPUSD,1.25820000
2023-12-07,JPYUSD,0.00693963
2023-12-08,AUDUSD,0.65690000
2023-12-08,CHFUSD,1.13507378
2023-12-08,EURUSD,1.07460000
2023-12-08,GBPUSD,1.25390000
2023-12-08,JPYUSD,0.00690226
2023-12-11,AUDUSD,0.65630000
2023-12-11,CHFUSD,1.13700966
2023-12-11,EURUSD,1.07470000
2023-12-11,GBPUSD,1.25500000
2023-12-11,JPYUSD,0.00683013
2023-12-12,AUDUSD,0.65610000
2023-12-12,CHFUSD,1.14194359
2023-12-12,EURUSD,1.07900000
2023-12-12,GBPUSD,1.25490000
2023-12-12,JPYUSD,0.00687521
2023-12-13,AUDUSD,0.65830000
2023-12-13,CHFUSD,1.14142221
2023-12-13,EURUSD,1.07930000
2023-12-13,GBPUSD,1.25270000
2023-12-13,JPYUSD,0.00688848
2023-12-14,AUDUSD,0.67130000
2023-12-14,CHFUSD,1.15754138
2023-12-14,EURUSD,1.09970000
2023-12-14,GBPUSD,1.27670000
2023-12-14,JPYUSD,0.00706564
2023-12-15,AUDUSD,0.67150000
2023-12-15,CHFUSD,1.15101289
2023-12-15,EURUSD,1.09060000
2023-12-15,GBPUSD,1.27090000
2023-12-15,JPYUSD,0.00705219
2023-12-18,AUDUSD,0.66970000
2023-12-18,CHFUSD,1.15180834
2023-12-18,EURUSD,1.09200000
2023-12-18,GBPUSD,1.26320000
2023-12-18,JPYUSD,0.00699105
2023-12-19,AUDUSD,0.67650000
2023-12-19,CHFUSD,1.16157510
2023-12-19,EURUSD,1.09770000
2023-12-19,GBPUSD,1.27510000
2023-12-19,JPYUSD,0.00696282
2023-12-20,AUDUSD,0.67640000
2023-12-20,CHFUSD,1.16076611
2023-12-20,EURUSD,1.09570000
2023-12-20,GBPUSD,1.26600000
2023-12-20,JPYUSD,0.00695555
2023-12-21,AUDUSD,0.67900000
2023-12-21,CHFUSD,1.16590883
2023-12-21,EURUSD,1.09900000
2023-12-21,GBPUSD,1.26680000
2023-12-21,JPYUSD,0.00703433
2023-12-22,AUDUSD,0.68030000
2023-12-22,CHFUSD,1.16767865
2023-12-22,EURUSD,1.10080000
2023-12-22,GBPUSD,1.27200000
2023-12-22,JPYUSD,0.00701262
2023-12-26,AUDUSD,0.68160000
2023-12-26,CHFUSD,1.16931712
2023-12-26,EURUSD,1.10350000
2023-12-26,GBPUSD,1.27090000
2023-12-26,JPYUSD,0.00701853
2023-12-27,AUDUSD,0.68440000
2023-12-27,CHFUSD,1.18807176
2023-12-27,EURUSD,1.11140000
2023-12-27,GBPUSD,1.27970000
2023-12-27,JPYUSD,0.00703977
2023-12-28,AUDUSD,0.68440000
2023-12-28,CHFUSD,1.19104335
2023-12-28,EURUSD,1.10730000
2023-12-28,GBPUSD,1.27430000
2023-12-28,JPYUSD,0.00708818
2023-12-29,AUDUSD,0.68280000
2023-12-29,CHFUSD,1.18976800
2023-12-29,EURUSD,1.10620000
2023-12-29,GBPUSD,1.27430000
2023-12-29,JPYUSD,0.00709622
2024-01-02,AUDUSD,0.67710000
2024-01-02,CHFUSD,1.17882824
2024-01-02,EURUSD,1.09570000
2024-01-02,GBPUSD,1.26320000
2024-01-02,JPYUSD,0.00704771
2024-01-03,AUDUSD,0.67200000
2024-01-03,CHFUSD,1.17329579
2024-01-03,EURUSD,1.09090000
2024-01-03,GBPUSD,1.26410000
2024-01-03,JPYUSD,0.00696621
2024-01-04,AUDUSD,0.67100000
2024-01-04,CHFUSD,1.17605551
2024-01-04,EURUSD,1.09570000
2024-01-04,GBPUSD,1.26920000
2024-01-04,JPYUSD,0.00691611
2024-01-05,AUDUSD,0.67220000
2024-01-05,CHFUSD,1.17841150
2024-01-05,EURUSD,1.09570000
2024-01-05,GBPUSD,1.27400000
2024-01-05,JPYUSD,0.00691946
2024-01-08,AUDUSD,0.67190000
2024-01-08,CHFUSD,1.18119537
2024-01-08,EURUSD,1.09760000
2024-01-08,GBPUSD,1.27660000
2024-01-08,JPYUSD,0.00694975
2024-01-09,AUDUSD,0.66920000
2024-01-09,CHFUSD,1.17439812
2024-01-09,EURUSD,1.09350000
2024-01-09,GBPUSD,1.27200000
2024-01-09,JPYUSD,0.00692761
2024-01-10,AUDUSD,0.66920000
2024-01-10,CHFUSD,1.17453606
2024-01-10,EURUSD,1.09600000
2024-01-10,GBPUSD,1.27300000
2024-01-10,JPYUSD,0.00686436
2024-01-11,AUDUSD,0.66530000
2024-01-11,CHFUSD,1.16877045
2024-01-11,EURUSD,1.09430000
2024-01-11,GBPUSD,1.27120000
2024-01-11,JPYUSD,0.00684791
2024-01-12,AUDUSD,0.66920000
2024-01-12,CHFUSD,1.17329579
2024-01-12,EURUSD,1.09590000
2024-01-12,GBPUSD,1.27460000
2024-01-12,JPYUSD,0.00690322
2024-01-16,AUDUSD,0.65970000
2024-01-16,CHFUSD,1.16225012
2024-01-16,EURUSD,1.08820000
2024-01-16,GBPUSD,1.26570000
2024-01-16,JPYUSD,0.00680226
2024-01-17,AUDUSD,0.65390000
2024-01-17,CHFUSD,1.15380178
2024-01-17,EURUSD,1.08580000
2024-01-17,GBPUSD,1.26660000
2024-01-17,JPYUSD,0.00673900
2024-01-18,AUDUSD,0.65640000
2024-01-18,CHFUSD,1.15141048
2024-01-18,EURUSD,1.08630000
2024-01-18,GBPUSD,1.26870000
2024-01-18,JPYUSD,0.00674992
2024-01-19,AUDUSD,0.65810000
2024-01-19,CHFUSD,1.15021854
2024-01-19,EURUSD,1.08870000
2024-01-19,GBPUSD,1.26770000
2024-01-19,JPYUSD,0.00674718
2024-01-22,AUDUSD,0.65860000
2024-01-22,CHFUSD,1.15127792
2024-01-22,EURUSD,1.08950000
2024-01-22,GBPUSD,1.27280000
2024-01-22,JPYUSD,0.00675904
2024-01-23,AUDUSD,0.65660000
2024-01-23,CHFUSD,1.14705208
2024-01-23,EURUSD,1.08290000
2024-01-23,GBPUSD,1.26610000
2024-01-23,JPYUSD,0.00673174
2024-01-24,AUDUSD,0.66010000
2024-01-24,CHFUSD,1.15861430
2024-01-24,EURUSD,1.09010000
2024-01-24,GBPUSD,1.27540000
2024-01-24,JPYUSD,0.00678841
2024-01-25,AUDUSD,0.65810000
2024-01-25,CHFUSD,1.15287065
2024-01-25,EURUSD,1.08370000
2024-01-25,GBPUSD,1.27000000
2024-01-25,JPYUSD,0.00677094
2024-01-26,AUDUSD,0.65890000
2024-01-26,CHFUSD,1.15807759
2024-01-26,EURUSD,1.08660000
2024-01-26,GBPUSD,1.27200000
2024-01-26,JPYUSD,0.00675950
2024-01-29,AUDUSD,0.65940000
2024-01-29,CHFUSD,1.15740741
2024-01-29,EURUSD,1.08070000
2024-01-29,GBPUSD,1.26810000
2024-01-29,JPYUSD,0.00677277
2024-01-30,AUDUSD,0.65950000
2024-01-30,CHFUSD,1.15955473
2024-01-30,EURUSD,1.08440000
2024-01-30,GBPUSD,1.26830000
2024-01-30,JPYUSD,0.00677002
2024-01-31,AUDUSD,0.66000000
2024-01-31,CHFUSD,1.16455107
2024-01-31,EURUSD,1.08550000
2024-01-31,GBPUSD,1.27330000
2024-01-31,JPYUSD,0.00683714
2024-02-01,AUDUSD,0.65660000
2024-02-01,CHFUSD,1.16563702
2024-02-01,EURUSD,1.08650000
2024-02-01,GBPUSD,1.27270000
2024-02-01,JPYUSD,0.00684088
2024-02-02,AUDUSD,0.65100000
2024-02-02,CHFUSD,1.15260489
2024-02-02,EURUSD,1.07870000
2024-02-02,GBPUSD,1.26270000
2024-02-02,JPYUSD,0.00673219
2024-02-05,AUDUSD,0.64780000
2024-02-05,CHFUSD,1.14797383
2024-02-05,EURUSD,1.07360000
2024-02-05,GBPUSD,1.25320000
2024-02-05,JPYUSD,0.00672088
2024-02-06,AUDUSD,0.65170000
2024-02-06,CHFUSD,1.14916111
2024-02-06,EURUSD,1.07510000
2024-02-06,GBPUSD,1.25890000
2024-02-06,JPYUSD,0.00675539
2024-02-07,AUDUSD,0.65230000
2024-02-07,CHFUSD,1.14534418
2024-02-07,EURUSD,1.07690000
2024-02-07,GBPUSD,1.26290000
2024-02-07,JPYUSD,0.00675493
2024-02-08,AUDUSD,0.64900000
2024-02-08,CHFUSD,1.14468864
2024-02-08,EURUSD,1.07740000
2024-02-08,GBPUSD,1.26200000
2024-02-08,JPYUSD,0.00670017
2024-02-09,AUDUSD,0.65160000
2024-02-09,CHFUSD,1.14285714
2024-02-09,EURUSD,1.07820000
2024-02-09,GBPUSD,1.26280000
2024-02-09,JPYUSD,0.00669434
2024-02-12,AUDUSD,0.65380000
2024-02-12,CHFUSD,1.14168284
2024-02-12,EURUSD,1.07740000
2024-02-12,GBPUSD,1.26310000
2024-02-12,JPYUSD,0.00669478
2024-02-13,AUDUSD,0.64600000
2024-02-13,CHFUSD,1.12828613
2024-02-13,EURUSD,1.07200000
2024-02-13,GBPUSD,1.26060000
2024-02-13,JPYUSD,0.00663482
2024-02-14,AUDUSD,0.64890000
2024-02-14,CHFUSD,1.12968821
2024-02-14,EURUSD,1.07350000
2024-02-14,GBPUSD,1.25620000
2024-02-14,JPYUSD,0.00664452
2024-02-15,AUDUSD,0.65080000
2024-02-15,CHFUSD,1.13533152
2024-02-15,EURUSD,1.07610000
2024-02-15,GBPUSD,1.25800000
2024-02-15,JPYUSD,0.00665823
2024-02-16,AUDUSD,0.65310000
2024-02-16,CHFUSD,1.13468739
2024-02-16,EURUSD,1.07690000
2024-02-16,GBPUSD,1.25900000
2024-02-16,JPYUSD,0.00665159
2024-02-20,AUDUSD,0.65600000
2024-02-20,CHFUSD,1.13546043
2024-02-20,EURUSD,1.08140000
2024-02-20,GBPUSD,1.26450000
2024-02-20,JPYUSD,0.00667245
2024-02-21,AUDUSD,0.65460000
2024-02-21,CHFUSD,1.13649278
2024-02-21,EURUSD,1.08180000
2024-02-21,GBPUSD,1.26240000
2024-02-21,JPYUSD,0.00665380
2024-02-22,AUDUSD,0.65470000
2024-02-22,CHFUSD,1.13430127
2024-02-22,EURUSD,1.08150000
2024-02-22,GBPUSD,1.26490000
2024-02-22,JPYUSD,0.00663922
2024-02-23,AUDUSD,0.65660000
2024-02-23,CHFUSD,1.13584734
2024-02-23,EURUSD,1.08280000
2024-02-23,GBPUSD,1.26780000
2024-02-23,JPYUSD,0.00665070
2024-02-26,AUDUSD,0.65390000
2024-02-26,CHFUSD,1.13623452
2024-02-26,EURUSD,1.08550000
2024-02-26,GBPUSD,1.26810000
2024-02-26,JPYUSD,0.00663174
2024-02-27,AUDUSD,0.65470000
2024-02-27,CHFUSD,1.13739763
2024-02-27,EURUSD,1.08570000
2024-02-27,GBPUSD,1.26930000
2024-02-27,JPYUSD,0.00664628
2024-02-28,AUDUSD,0.64960000
2024-02-28,CHFUSD,1.13817437
2024-02-28,EURUSD,1.08430000
2024-02-28,GBPUSD,1.26700000
2024-02-28,JPYUSD,0.00663658
2024-02-29,AUDUSD,0.65030000
2024-02-29,CHFUSD,1.13211819
2024-02-29,EURUSD,1.08070000
2024-02-29,GBPUSD,1.26320000
2024-02-29,JPYUSD,0.00667111
2024-03-01,AUDUSD,0.65290000
2024-03-01,CHFUSD,1.13071009
2024-03-01,EURUSD,1.08320000
2024-03-01,GBPUSD,1.26520000
2024-03-01,JPYUSD,0.00665779
2024-03-04,AUDUSD,0.65210000
2024-03-04,CHFUSD,1.13109377
2024-03-04,EURUSD,1.08620000
2024-03-04,GBPUSD,1.27010000
2024-03-04,JPYUSD,0.00664717
2024-03-05,AUDUSD,0.65070000
2024-03-05,CHFUSD,1.13160575
2024-03-05,EURUSD,1.08610000
2024-03-05,GBPUSD,1.27120000
2024-03-05,JPYUSD,0.00666045
2024-03-06,AUDUSD,0.65770000
2024-03-06,CHFUSD,1.13481616
2024-03-06,EURUSD,1.09130000
2024-03-06,GBPUSD,1.27570000
2024-03-06,JPYUSD,0.00670376
2024-03-07,AUDUSD,0.66180000
2024-03-07,CHFUSD,1.13882246
2024-03-07,EURUSD,1.09410000
2024-03-07,GBPUSD,1.27960000
2024-03-07,JPYUSD,0.00675311
2024-03-08,AUDUSD,0.66270000
2024-03-08,CHFUSD,1.14077116
2024-03-08,EURUSD,1.09410000
2024-03-08,GBPUSD,1.28520000
2024-03-08,JPYUSD,0.00679486
2024-03-11,AUDUSD,0.66080000
2024-03-11,CHFUSD,1.13856313
2024-03-11,EURUSD,1.09280000
2024-03-11,GBPUSD,1.28070000
2024-03-11,JPYUSD,0.00680921
2024-03-12,AUDUSD,0.66010000
2024-03-12,CHFUSD,1.13869278
2024-03-12,EURUSD,1.09180000
2024-03-12,GBPUSD,1.27860000
2024-03-12,JPYUSD,0.00677094
2024-03-13,AUDUSD,0.66230000
2024-03-13,CHFUSD,1.13895216
2024-03-13,EURUSD,1.09440000
2024-03-13,GBPUSD,1.27990000
2024-03-13,JPYUSD,0.00676911
2024-03-14,AUDUSD,0.65850000
2024-03-14,CHFUSD,1.13199004
2024-03-14,EURUSD,1.08880000
2024-03-14,GBPUSD,1.27490000
2024-03-14,JPYUSD,0.00674809
2024-03-15,AUDUSD,0.65690000
2024-03-15,CHFUSD,1.13160575
2024-03-15,EURUSD,1.08880000
2024-03-15,GBPUSD,1.27420000
2024-03-15,JPYUSD,0.00670511
2024-03-18,AUDUSD,0.65620000
2024-03-18,CHFUSD,1.12841345
2024-03-18,EURUSD,1.08860000
2024-03-18,GBPUSD,1.27360000
2024-03-18,JPYUSD,0.00670556
2024-03-19,AUDUSD,0.65280000
2024-03-19,CHFUSD,1.12587255
2024-03-19,EURUSD,1.08590000
2024-03-19,GBPUSD,1.27130000
2024-03-19,JPYUSD,0.00663438
2024-03-20,AUDUSD,0.65320000
2024-03-20,CHFUSD,1.12220851
2024-03-20,EURUSD,1.08560000
2024-03-20,GBPUSD,1.27130000
2024-03-20,JPYUSD,0.00659370
2024-03-21,AUDUSD,0.65700000
2024-03-21,CHFUSD,1.11197598
2024-03-21,EURUSD,1.08610000
2024-03-21,GBPUSD,1.26700000
2024-03-21,JPYUSD,0.00659674
2024-03-22,AUDUSD,0.65200000
2024-03-22,CHFUSD,1.11321385
2024-03-22,EURUSD,1.08170000
2024-03-22,GBPUSD,1.26030000
2024-03-22,JPYUSD,0.00660720
2024-03-25,AUDUSD,0.65390000
2024-03-25,CHFUSD,1.11321385
2024-03-25,EURUSD,1.08370000
2024-03-25,GBPUSD,1.26480000
2024-03-25,JPYUSD,0.00660415
2024-03-26,AUDUSD,0.65380000
2024-03-26,CHFUSD,1.10778775
2024-03-26,EURUSD,1.08290000
2024-03-26,GBPUSD,1.26300000
2024-03-26,JPYUSD,0.00659718
2024-03-27,AUDUSD,0.65250000
2024-03-27,CHFUSD,1.10424028
2024-03-27,EURUSD,1.08210000
2024-03-27,GBPUSD,1.26310000
2024-03-27,JPYUSD,0.00660720
2024-03-28,AUDUSD,0.65250000
2024-03-28,CHFUSD,1.11037086
2024-03-28,EURUSD,1.08010000
2024-03-28,GBPUSD,1.26340000
2024-03-28,JPYUSD,0.00660720
2024-03-29,AUDUSD,0.65240000
2024-03-29,CHFUSD,1.10926234
2024-03-29,EURUSD,1.07910000
2024-03-29,GBPUSD,1.26370000
2024-03-29,JPYUSD,0.00661288
2024-04-01,AUDUSD,0.64840000
2024-04-01,CHFUSD,1.10436223
2024-04-01,EURUSD,1.07330000
2024-04-01,GBPUSD,1.25450000
2024-04-01,JPYUSD,0.00659109
2024-04-02,AUDUSD,0.65130000
2024-04-02,CHFUSD,1.10241429
2024-04-02,EURUSD,1.07690000
2024-04-02,GBPUSD,1.25760000
2024-04-02,JPYUSD,0.00659848
2024-04-03,AUDUSD,0.65580000
2024-04-03,CHFUSD,1.10643948
2024-04-03,EURUSD,1.08270000
2024-04-03,GBPUSD,1.26350000
2024-04-03,JPYUSD,0.00659326
2024-04-04,AUDUSD,0.66150000
2024-04-04,CHFUSD,1.10509449
2024-04-04,EURUSD,1.08650000
2024-04-04,GBPUSD,1.26690000
2024-04-04,JPYUSD,0.00659370
2024-04-05,AUDUSD,0.65840000
2024-04-05,CHFUSD,1.11049417
2024-04-05,EURUSD,1.08410000
2024-04-05,GBPUSD,1.26330000
2024-04-05,JPYUSD,0.00659674
2024-04-08,AUDUSD,0.66020000
2024-04-08,CHFUSD,1.10485029
2024-04-08,EURUSD,1.08530000
2024-04-08,GBPUSD,1.26550000
2024-04-08,JPYUSD,0.00658848
2024-04-09,AUDUSD,0.66220000
2024-04-09,CHFUSD,1.10717449
2024-04-09,EURUSD,1.08560000
2024-04-09,GBPUSD,1.26760000
2024-04-09,JPYUSD,0.00659065
2024-04-10,AUDUSD,0.65090000
2024-04-10,CHFUSD,1.09565027
2024-04-10,EURUSD,1.07370000
2024-04-10,GBPUSD,1.25440000
2024-04-10,JPYUSD,0.00654022
2024-04-11,AUDUSD,0.65250000
2024-04-11,CHFUSD,1.09805644
2024-04-11,EURUSD,1.07220000
2024-04-11,GBPUSD,1.25350000
2024-04-11,JPYUSD,0.00652784
2024-04-12,AUDUSD,0.64780000
2024-04-12,CHFUSD,1.09649123
2024-04-12,EURUSD,1.06470000
2024-04-12,GBPUSD,1.24570000
2024-04-12,JPYUSD,0.00653083
2024-04-15,AUDUSD,0.64690000
2024-04-15,CHFUSD,1.09445113
2024-04-15,EURUSD,1.06440000
2024-04-15,GBPUSD,1.24660000
2024-04-15,JPYUSD,0.00648298
2024-04-16,AUDUSD,0.64120000
2024-04-16,CHFUSD,1.09553024
2024-04-16,EURUSD,1.06280000
2024-04-16,GBPUSD,1.24370000
2024-04-16,JPYUSD,0.00646956
2024-04-17,AUDUSD,0.64190000
2024-04-17,CHFUSD,1.09637101
2024-04-17,EURUSD,1.06440000
2024-04-17,GBPUSD,1.24430000
2024-04-17,JPYUSD,0.00646789
2024-04-18,AUDUSD,0.64370000
2024-04-18,CHFUSD,1.09709270
2024-04-18,EURUSD,1.06600000
2024-04-18,GBPUSD,1.24650000
2024-04-18,JPYUSD,0.00646789
2024-04-19,AUDUSD,0.64230000
2024-04-19,CHFUSD,1.09986802
2024-04-19,EURUSD,1.06550000
2024-04-19,GBPUSD,1.23970000
2024-04-19,JPYUSD,0.00647040
2024-04-22,AUDUSD,0.64390000
2024-04-22,CHFUSD,1.09661147
2024-04-22,EURUSD,1.06550000
2024-04-22,GBPUSD,1.23410000
2024-04-22,JPYUSD,0.00646120
2024-04-23,AUDUSD,0.64790000
2024-04-23,CHFUSD,1.09685203
2024-04-23,EURUSD,1.06950000
2024-04-23,GBPUSD,1.24340000
2024-04-23,JPYUSD,0.00645953
2024-04-24,AUDUSD,0.64860000
2024-04-24,CHFUSD,1.09397221
2024-04-24,EURUSD,1.06870000
2024-04-24,GBPUSD,1.24340000
2024-04-24,JPYUSD,0.00644704
2024-04-25,AUDUSD,0.65060000
2024-04-25,CHFUSD,1.09481060
2024-04-25,EURUSD,1.07210000
2024-04-25,GBPUSD,1.24940000
2024-04-25,JPYUSD,0.00643004
2024-04-26,AUDUSD,0.65280000
2024-04-26,CHFUSD,1.09385255
2024-04-26,EURUSD,1.06860000
2024-04-26,GBPUSD,1.24740000
2024-04-26,JPYUSD,0.00634437
2024-04-29,AUDUSD,0.65650000
2024-04-29,CHFUSD,1.09793588
2024-04-29,EURUSD,1.07170000
2024-04-29,GBPUSD,1.25530000
2024-04-29,JPYUSD,0.00638121
2024-04-30,AUDUSD,0.64900000
2024-04-30,CHFUSD,1.09003706
2024-04-30,EURUSD,1.06840000
2024-04-30,GBPUSD,1.25140000
2024-04-30,JPYUSD,0.00634759
2024-05-01,AUDUSD,0.64960000
2024-05-01,CHFUSD,1.08754758
2024-05-01,EURUSD,1.06800000
2024-05-01,GBPUSD,1.24880000
2024-05-01,JPYUSD,0.00634317
2024-05-02,AUDUSD,0.65470000
2024-05-02,CHFUSD,1.09661147
2024-05-02,EURUSD,1.07060000
2024-05-02,GBPUSD,1.25070000
2024-05-02,JPYUSD,0.00650322
2024-05-03,AUDUSD,0.66160000
2024-05-03,CHFUSD,1.10533879
2024-05-03,EURUSD,1.07700000
2024-05-03,GBPUSD,1.25500000
2024-05-03,JPYUSD,0.00654236
2024-05-06,AUDUSD,0.66230000
2024-05-06,CHFUSD,1.10472824
2024-05-06,EURUSD,1.07790000
2024-05-06,GBPUSD,1.25750000
2024-05-06,JPYUSD,0.00649984
2024-05-07,AUDUSD,0.66080000
2024-05-07,CHFUSD,1.10229277
2024-05-07,EURUSD,1.07670000
2024-05-07,GBPUSD,1.25350000
2024-05-07,JPYUSD,0.00646872
2024-05-08,AUDUSD,0.65850000
2024-05-08,CHFUSD,1.10180696
2024-05-08,EURUSD,1.07550000
2024-05-08,GBPUSD,1.25030000
2024-05-08,JPYUSD,0.00643418
2024-05-09,AUDUSD,0.66060000
2024-05-09,CHFUSD,1.10229277
2024-05-09,EURUSD,1.07710000
2024-05-09,GBPUSD,1.25050000
2024-05-09,JPYUSD,0.00642343
2024-05-10,AUDUSD,0.66070000
2024-05-10,CHFUSD,1.10338740
2024-05-10,EURUSD,1.07730000
2024-05-10,GBPUSD,1.25280000
2024-05-10,JPYUSD,0.00641643
2024-05-13,AUDUSD,0.66110000
2024-05-13,CHFUSD,1.10192837
2024-05-13,EURUSD,1.07960000
2024-05-13,GBPUSD,1.25630000
2024-05-13,JPYUSD,0.00640328
2024-05-14,AUDUSD,0.66230000
2024-05-14,CHFUSD,1.10290063
2024-05-14,EURUSD,1.08180000
2024-05-14,GBPUSD,1.25880000
2024-05-14,JPYUSD,0.00638978
2024-05-15,AUDUSD,0.66740000
2024-05-15,CHFUSD,1.10607234
2024-05-15,EURUSD,1.08600000
2024-05-15,GBPUSD,1.26580000
2024-05-15,JPYUSD,0.00645078
2024-05-16,AUDUSD,0.66830000
2024-05-16,CHFUSD,1.10570544
2024-05-16,EURUSD,1.08750000
2024-05-16,GBPUSD,1.26820000
2024-05-16,JPYUSD,0.00644122
2024-05-17,AUDUSD,0.66860000
2024-05-17,CHFUSD,1.10144289
2024-05-17,EURUSD,1.08690000
2024-05-17,GBPUSD,1.27030000
2024-05-17,JPYUSD,0.00642797
2024-05-20,AUDUSD,0.66750000
2024-05-20,CHFUSD,1.09926349
2024-05-20,EURUSD,1.08610000
2024-05-20,GBPUSD,1.27080000
2024-05-20,JPYUSD,0.00640656
2024-05-21,AUDUSD,0.66660000
2024-05-21,CHFUSD,1.09793588
2024-05-21,EURUSD,1.08550000
2024-05-21,GBPUSD,1.27100000
2024-05-21,JPYUSD,0.00640697
2024-05-22,AUDUSD,0.66360000
2024-05-22,CHFUSD,1.09409190
2024-05-22,EURUSD,1.08360000
2024-05-22,GBPUSD,1.27390000
2024-05-22,JPYUSD,0.00639018
2024-05-23,AUDUSD,0.66290000
2024-05-23,CHFUSD,1.09361330
2024-05-23,EURUSD,1.08270000
2024-05-23,GBPUSD,1.27170000
2024-05-23,JPYUSD,0.00636740
2024-05-24,AUDUSD,0.66290000
2024-05-24,CHFUSD,1.09373291
2024-05-24,EURUSD,1.08520000
2024-05-24,GBPUSD,1.27460000
2024-05-24,JPYUSD,0.00637349
2024-05-28,AUDUSD,0.66660000
2024-05-28,CHFUSD,1.09817703
2024-05-28,EURUSD,1.08790000
2024-05-28,GBPUSD,1.27860000
2024-05-28,JPYUSD,0.00637349
2024-05-29,AUDUSD,0.66190000
2024-05-29,CHFUSD,1.09469075
2024-05-29,EURUSD,1.08110000
2024-05-29,GBPUSD,1.27140000
2024-05-29,JPYUSD,0.00634437
2024-05-30,AUDUSD,0.66420000
2024-05-30,CHFUSD,1.10668437
2024-05-30,EURUSD,1.08370000
2024-05-30,GBPUSD,1.27390000
2024-05-30,JPYUSD,0.00638447
2024-05-31,AUDUSD,0.66400000
2024-05-31,CHFUSD,1.10692938
2024-05-31,EURUSD,1.08460000
2024-05-31,GBPUSD,1.27380000
2024-05-31,JPYUSD,0.00636173
2024-06-03,AUDUSD,0.66830000
2024-06-03,CHFUSD,1.11681930
2024-06-03,EURUSD,1.08900000
2024-06-03,GBPUSD,1.27950000
2024-06-03,JPYUSD,0.00640861
2024-06-04,AUDUSD,0.66430000
2024-06-04,CHFUSD,1.12309075
2024-06-04,EURUSD,1.08780000
2024-06-04,GBPUSD,1.27850000
2024-06-04,JPYUSD,0.00645703
2024-06-05,AUDUSD,0.66430000
2024-06-05,CHFUSD,1.11856823
2024-06-05,EURUSD,1.08650000
2024-06-05,GBPUSD,1.27710000
2024-06-05,JPYUSD,0.00640164
2024-06-06,AUDUSD,0.66620000
2024-06-06,CHFUSD,1.12145340
2024-06-06,EURUSD,1.08830000
2024-06-06,GBPUSD,1.27860000
2024-06-06,JPYUSD,0.00641108
2024-06-07,AUDUSD,0.65890000
2024-06-07,CHFUSD,1.11607143
2024-06-07,EURUSD,1.08070000
2024-06-07,GBPUSD,1.27270000
2024-06-07,JPYUSD,0.00638651
2024-06-10,AUDUSD,0.66110000
2024-06-10,CHFUSD,1.11507583
2024-06-10,EURUSD,1.07510000
2024-06-10,GBPUSD,1.27330000
2024-06-10,JPYUSD,0.00637227
2024-06-11,AUDUSD,0.65980000
2024-06-11,CHFUSD,1.11271837
2024-06-11,EURUSD,1.07330000
2024-06-11,GBPUSD,1.27250000
2024-06-11,JPYUSD,0.00635647
2024-06-12,AUDUSD,0.67010000
2024-06-12,CHFUSD,1.12132765
2024-06-12,EURUSD,1.08430000
2024-06-12,GBPUSD,1.28430000
2024-06-12,JPYUSD,0.00641519
2024-06-13,AUDUSD,0.66410000
2024-06-13,CHFUSD,1.11919418
2024-06-13,EURUSD,1.07560000
2024-06-13,GBPUSD,1.27640000
2024-06-13,JPYUSD,0.00637877
2024-06-14,AUDUSD,0.66170000
2024-06-14,CHFUSD,1.12271247
2024-06-14,EURUSD,1.06990000
2024-06-14,GBPUSD,1.26850000
2024-06-14,JPYUSD,0.00635809
2024-06-17,AUDUSD,0.65990000
2024-06-17,CHFUSD,1.12183083
2024-06-17,EURUSD,1.07230000
2024-06-17,GBPUSD,1.26890000
2024-06-17,JPYUSD,0.00633714
2024-06-18,AUDUSD,0.66520000
2024-06-18,CHFUSD,1.13096584
2024-06-18,EURUSD,1.07390000
2024-06-18,GBPUSD,1.26990000
2024-06-18,JPYUSD,0.00633673
2024-06-20,AUDUSD,0.66560000
2024-06-20,CHFUSD,1.12208259
2024-06-20,EURUSD,1.07080000
2024-06-20,GBPUSD,1.26710000
2024-06-20,JPYUSD,0.00629842
2024-06-21,AUDUSD,0.66400000
2024-06-21,CHFUSD,1.11881853
2024-06-21,EURUSD,1.06940000
2024-06-21,GBPUSD,1.26450000
2024-06-21,JPYUSD,0.00627156
2024-06-24,AUDUSD,0.66550000
2024-06-24,CHFUSD,1.11869337
2024-06-24,EURUSD,1.07270000
2024-06-24,GBPUSD,1.26840000
2024-06-24,JPYUSD,0.00626135
2024-06-25,AUDUSD,0.66420000
2024-06-25,CHFUSD,1.11806798
2024-06-25,EURUSD,1.07050000
2024-06-25,GBPUSD,1.26770000
2024-06-25,JPYUSD,0.00626253
2024-06-26,AUDUSD,0.66490000
2024-06-26,CHFUSD,1.11445447
2024-06-26,EURUSD,1.06820000
2024-06-26,GBPUSD,1.26250000
2024-06-26,JPYUSD,0.00622355
2024-06-27,AUDUSD,0.66480000
2024-06-27,CHFUSD,1.11358575
2024-06-27,EURUSD,1.07080000
2024-06-27,GBPUSD,1.26530000
2024-06-27,JPYUSD,0.00622278
2024-06-28,AUDUSD,0.66770000
2024-06-28,CHFUSD,1.11209964
2024-06-28,EURUSD,1.07110000
2024-06-28,GBPUSD,1.26400000
2024-06-28,JPYUSD,0.00621581
2024-07-01,AUDUSD,0.66560000
2024-07-01,CHFUSD,1.10631707
2024-07-01,EURUSD,1.07280000
2024-07-01,GBPUSD,1.26500000
2024-07-01,JPYUSD,0.00619003
2024-07-02,AUDUSD,0.66590000
2024-07-02,CHFUSD,1.10546098
2024-07-02,EURUSD,1.07370000
2024-07-02,GBPUSD,1.26790000
2024-07-02,JPYUSD,0.00619080
2024-07-03,AUDUSD,0.67190000
2024-07-03,CHFUSD,1.11024759
2024-07-03,EURUSD,1.07990000
2024-07-03,GBPUSD,1.27660000
2024-07-03,JPYUSD,0.00619272
2024-07-05,AUDUSD,0.67430000
2024-07-05,CHFUSD,1.11408200
2024-07-05,EURUSD,1.08280000
2024-07-05,GBPUSD,1.28070000
2024-07-05,JPYUSD,0.00622161
2024-07-08,AUDUSD,0.67410000
2024-07-08,CHFUSD,1.11470293
2024-07-08,EURUSD,1.08350000
2024-07-08,GBPUSD,1.28290000
2024-07-08,JPYUSD,0.00622007
2024-07-09,AUDUSD,0.67370000
2024-07-09,CHFUSD,1.11383382
2024-07-09,EURUSD,1.08130000
2024-07-09,GBPUSD,1.27870000
2024-07-09,JPYUSD,0.00619579
2024-07-10,AUDUSD,0.67470000
2024-07-10,CHFUSD,1.11209964
2024-07-10,EURUSD,1.08230000
2024-07-10,GBPUSD,1.28420000
2024-07-10,JPYUSD,0.00618314
2024-07-11,AUDUSD,0.67760000
2024-07-11,CHFUSD,1.11869337
2024-07-11,EURUSD,1.08700000
2024-07-11,GBPUSD,1.29200000
2024-07-11,JPYUSD,0.00630597
2024-07-12,AUDUSD,0.67880000
2024-07-12,CHFUSD,1.11831805
2024-07-12,EURUSD,1.09020000
2024-07-12,GBPUSD,1.29860000
2024-07-12,JPYUSD,0.00633392
2024-07-15,AUDUSD,0.67780000
2024-07-15,CHFUSD,1.11744329
2024-07-15,EURUSD,1.09120000
2024-07-15,GBPUSD,1.29860000
2024-07-15,JPYUSD,0.00633352
2024-07-16,AUDUSD,0.67260000
2024-07-16,CHFUSD,1.11694404
2024-07-16,EURUSD,1.08850000
2024-07-16,GBPUSD,1.29580000
2024-07-16,JPYUSD,0.00630636
2024-07-17,AUDUSD,0.67280000
2024-07-17,CHFUSD,1.13045444
2024-07-17,EURUSD,1.09330000
2024-07-17,GBPUSD,1.30080000
2024-07-17,JPYUSD,0.00638733
2024-07-18,AUDUSD,0.67260000
2024-07-18,CHFUSD,1.12892301
2024-07-18,EURUSD,1.09130000
2024-07-18,GBPUSD,1.29730000
2024-07-18,JPYUSD,0.00637064
2024-07-19,AUDUSD,0.66940000
2024-07-19,CHFUSD,1.12561909
2024-07-19,EURUSD,1.08880000
2024-07-19,GBPUSD,1.29220000
2024-07-19,JPYUSD,0.00635405
2024-07-22,AUDUSD,0.66390000
2024-07-22,CHFUSD,1.12359551
2024-07-22,EURUSD,1.08800000
2024-07-22,GBPUSD,1.29110000
2024-07-22,JPYUSD,0.00636618
2024-07-23,AUDUSD,0.66190000
2024-07-23,CHFUSD,1.12170499
2024-07-23,EURUSD,1.08550000
2024-07-23,GBPUSD,1.29160000
2024-07-23,JPYUSD,0.00640943
2024-07-24,AUDUSD,0.66000000
2024-07-24,CHFUSD,1.13147771
2024-07-24,EURUSD,1.08530000
2024-07-24,GBPUSD,1.29250000
2024-07-24,JPYUSD,0.00651933
2024-07-25,AUDUSD,0.65520000
2024-07-25,CHFUSD,1.13610543
2024-07-25,EURUSD,1.08610000
2024-07-25,GBPUSD,1.28840000
2024-07-25,JPYUSD,0.00649477
2024-07-26,AUDUSD,0.65570000
2024-07-26,CHFUSD,1.13301609
2024-07-26,EURUSD,1.08590000
2024-07-26,GBPUSD,1.28640000
2024-07-26,JPYUSD,0.00649942
2024-07-29,AUDUSD,0.65400000
2024-07-29,CHFUSD,1.12866817
2024-07-29,EURUSD,1.08190000
2024-07-29,GBPUSD,1.28530000
2024-07-29,JPYUSD,0.00649519
2024-07-30,AUDUSD,0.65370000
2024-07-30,CHFUSD,1.12968821
2024-07-30,EURUSD,1.08090000
2024-07-30,GBPUSD,1.28280000
2024-07-30,JPYUSD,0.00650533
2024-07-31,AUDUSD,0.65350000
2024-07-31,CHFUSD,1.13675117
2024-07-31,EURUSD,1.08230000
2024-07-31,GBPUSD,1.28400000
2024-07-31,JPYUSD,0.00664982
2024-08-01,AUDUSD,0.65220000
2024-08-01,CHFUSD,1.14364135
2024-08-01,EURUSD,1.07890000
2024-08-01,GBPUSD,1.27720000
2024-08-01,JPYUSD,0.00666400
2024-08-02,AUDUSD,0.65280000
2024-08-02,CHFUSD,1.16211505
2024-08-02,EURUSD,1.09140000
2024-08-02,GBPUSD,1.27980000
2024-08-02,JPYUSD,0.00680365
2024-08-05,AUDUSD,0.64880000
2024-08-05,CHFUSD,1.17260788
2024-08-05,EURUSD,1.09570000
2024-08-05,GBPUSD,1.27650000
2024-08-05,JPYUSD,0.00694686
2024-08-06,AUDUSD,0.65190000
2024-08-06,CHFUSD,1.17192078
2024-08-06,EURUSD,1.09260000
2024-08-06,GBPUSD,1.26950000
2024-08-06,JPYUSD,0.00689132
2024-08-07,AUDUSD,0.65520000
2024-08-07,CHFUSD,1.15580213
2024-08-07,EURUSD,1.09250000
2024-08-07,GBPUSD,1.27180000
2024-08-07,JPYUSD,0.00678334
2024-08-08,AUDUSD,0.65810000
2024-08-08,CHFUSD,1.15526802
2024-08-08,EURUSD,1.09140000
2024-08-08,GBPUSD,1.27410000
2024-08-08,JPYUSD,0.00679902
2024-08-09,AUDUSD,0.65770000
2024-08-09,CHFUSD,1.15754138
2024-08-09,EURUSD,1.09250000
2024-08-09,GBPUSD,1.27660000
2024-08-09,JPYUSD,0.00682640
2024-08-12,AUDUSD,0.65950000
2024-08-12,CHFUSD,1.15300357
2024-08-12,EURUSD,1.09280000
2024-08-12,GBPUSD,1.27760000
2024-08-12,JPYUSD,0.00677782
2024-08-13,AUDUSD,0.66130000
2024-08-13,CHFUSD,1.15553501
2024-08-13,EURUSD,1.09540000
2024-08-13,GBPUSD,1.28280000
2024-08-13,JPYUSD,0.00680411
2024-08-14,AUDUSD,0.66170000
2024-08-14,CHFUSD,1.15767539
2024-08-14,EURUSD,1.10240000
2024-08-14,GBPUSD,1.28490000
2024-08-14,JPYUSD,0.00680921
2024-08-15,AUDUSD,0.66290000
2024-08-15,CHFUSD,1.14784206
2024-08-15,EURUSD,1.09860000
2024-08-15,GBPUSD,1.28630000
2024-08-15,JPYUSD,0.00671547
2024-08-16,AUDUSD,0.66490000
2024-08-16,CHFUSD,1.15141048
2024-08-16,EURUSD,1.09960000
2024-08-16,GBPUSD,1.29060000
2024-08-16,JPYUSD,0.00675083
2024-08-19,AUDUSD,0.67150000
2024-08-19,CHFUSD,1.15888284
2024-08-19,EURUSD,1.10700000
2024-08-19,GBPUSD,1.29840000
2024-08-19,JPYUSD,0.00682967
2024-08-20,AUDUSD,0.67430000
2024-08-20,CHFUSD,1.16604478
2024-08-20,EURUSD,1.11060000
2024-08-20,GBPUSD,1.30270000
2024-08-20,JPYUSD,0.00686342
2024-08-21,AUDUSD,0.67530000
2024-08-21,CHFUSD,1.17439812
2024-08-21,EURUSD,1.11430000
2024-08-21,GBPUSD,1.30770000
2024-08-21,JPYUSD,0.00688753
2024-08-22,AUDUSD,0.67080000
2024-08-22,CHFUSD,1.17398450
2024-08-22,EURUSD,1.11140000
2024-08-22,GBPUSD,1.30940000
2024-08-22,JPYUSD,0.00685072
2024-08-23,AUDUSD,0.67770000
2024-08-23,CHFUSD,1.17757890
2024-08-23,EURUSD,1.11760000
2024-08-23,GBPUSD,1.31970000
2024-08-23,JPYUSD,0.00690322
2024-08-26,AUDUSD,0.67720000
2024-08-26,CHFUSD,1.17938436
2024-08-26,EURUSD,1.11640000
2024-08-26,GBPUSD,1.31850000
2024-08-26,JPYUSD,0.00691994
2024-08-27,AUDUSD,0.67790000
2024-08-27,CHFUSD,1.18497452
2024-08-27,EURUSD,1.11600000
2024-08-27,GBPUSD,1.32350000
2024-08-27,JPYUSD,0.00693193
2024-08-28,AUDUSD,0.67810000
2024-08-28,CHFUSD,1.18764846
2024-08-28,EURUSD,1.11270000
2024-08-28,GBPUSD,1.32010000
2024-08-28,JPYUSD,0.00692185
2024-08-29,AUDUSD,0.68070000
2024-08-29,CHFUSD,1.18119537
2024-08-29,EURUSD,1.10860000
2024-08-29,GBPUSD,1.31860000
2024-08-29,JPYUSD,0.00689750
2024-08-30,AUDUSD,0.67650000
2024-08-30,CHFUSD,1.17744024
2024-08-30,EURUSD,1.10600000
2024-08-30,GBPUSD,1.31320000
2024-08-30,JPYUSD,0.00685166
2024-09-03,AUDUSD,0.67210000
2024-09-03,CHFUSD,1.17605551
2024-09-03,EURUSD,1.10430000
2024-09-03,GBPUSD,1.31030000
2024-09-03,JPYUSD,0.00685777
2024-09-04,AUDUSD,0.67240000
2024-09-04,CHFUSD,1.17896722
2024-09-04,EURUSD,1.10810000
2024-09-04,GBPUSD,1.31420000
2024-09-04,JPYUSD,0.00692953
2024-09-05,AUDUSD,0.67270000
2024-09-05,CHFUSD,1.18301195
2024-09-05,EURUSD,1.10960000
2024-09-05,GBPUSD,1.31650000
2024-09-05,JPYUSD,0.00697204
2024-09-06,AUDUSD,0.66780000
2024-09-06,CHFUSD,1.18652112
2024-09-06,EURUSD,1.10860000
2024-09-06,GBPUSD,1.31360000
2024-09-06,JPYUSD,0.00703581
2024-09-09,AUDUSD,0.66640000
2024-09-09,CHFUSD,1.17924528
2024-09-09,EURUSD,1.10420000
2024-09-09,GBPUSD,1.30830000
2024-09-09,JPYUSD,0.00699692
2024-09-10,AUDUSD,0.66520000
2024-09-10,CHFUSD,1.18217283
2024-09-10,EURUSD,1.10250000
2024-09-10,GBPUSD,1.30650000
2024-09-10,JPYUSD,0.00702839
2024-09-11,AUDUSD,0.66500000
2024-09-11,CHFUSD,1.17577895
2024-09-11,EURUSD,1.10120000
2024-09-11,GBPUSD,1.30270000
2024-09-11,JPYUSD,0.00705617
2024-09-12,AUDUSD,0.66960000
2024-09-12,CHFUSD,1.17274540
2024-09-12,EURUSD,1.10410000
2024-09-12,GBPUSD,1.30810000
2024-09-12,JPYUSD,0.00703037
2024-09-13,AUDUSD,0.67120000
2024-09-13,CHFUSD,1.17938436
2024-09-13,EURUSD,1.10850000
2024-09-13,GBPUSD,1.31400000
2024-09-13,JPYUSD,0.00710934
2024-09-16,AUDUSD,0.67390000
2024-09-16,CHFUSD,1.18301195
2024-09-16,EURUSD,1.11230000
2024-09-16,GBPUSD,1.32020000
2024-09-16,JPYUSD,0.00710278
2024-09-17,AUDUSD,0.67540000
2024-09-17,CHFUSD,1.18063754
2024-09-17,EURUSD,1.11180000
2024-09-17,GBPUSD,1.31640000
2024-09-17,JPYUSD,0.00705368
2024-09-18,AUDUSD,0.67610000
2024-09-18,CHFUSD,1.18217283
2024-09-18,EURUSD,1.11160000
2024-09-18,GBPUSD,1.31990000
2024-09-18,JPYUSD,0.00704573
2024-09-19,AUDUSD,0.68170000
2024-09-19,CHFUSD,1.17952347
2024-09-19,EURUSD,1.11470000
2024-09-19,GBPUSD,1.32790000
2024-09-19,JPYUSD,0.00699888
2024-09-20,AUDUSD,0.68060000
2024-09-20,CHFUSD,1.17702448
2024-09-20,EURUSD,1.11590000
2024-09-20,GBPUSD,1.33050000
2024-09-20,JPYUSD,0.00694927
2024-09-23,AUDUSD,0.68480000
2024-09-23,CHFUSD,1.17994100
2024-09-23,EURUSD,1.11300000
2024-09-23,GBPUSD,1.33510000
2024-09-23,JPYUSD,0.00696427
2024-09-24,AUDUSD,0.68730000
2024-09-24,CHFUSD,1.18217283
2024-09-24,EURUSD,1.11500000
2024-09-24,GBPUSD,1.33760000
2024-09-24,JPYUSD,0.00695555
2024-09-25,AUDUSD,0.68370000
2024-09-25,CHFUSD,1.17716304
2024-09-25,EURUSD,1.11430000
2024-09-25,GBPUSD,1.33380000
2024-09-25,JPYUSD,0.00692473
2024-09-26,AUDUSD,0.69020000
2024-09-26,CHFUSD,1.18161408
2024-09-26,EURUSD,1.11840000
2024-09-26,GBPUSD,1.34280000
2024-09-26,JPYUSD,0.00691181
2024-09-27,AUDUSD,0.69110000
2024-09-27,CHFUSD,1.18708452
2024-09-27,EURUSD,1.11590000
2024-09-27,GBPUSD,1.33940000
2024-09-27,JPYUSD,0.00701262
2024-09-30,AUDUSD,0.69340000
2024-09-30,CHFUSD,1.18427286
2024-09-30,EURUSD,1.11450000
2024-09-30,GBPUSD,1.33990000
2024-09-30,JPYUSD,0.00698080
2024-10-01,AUDUSD,0.68880000
2024-10-01,CHFUSD,1.18231260
2024-10-01,EURUSD,1.10670000
2024-10-01,GBPUSD,1.32820000
2024-10-01,JPYUSD,0.00696088
2024-10-02,AUDUSD,0.68950000
2024-10-02,CHFUSD,1.17716304
2024-10-02,EURUSD,1.10500000
2024-10-02,GBPUSD,1.32710000
2024-10-02,JPYUSD,0.00684697
2024-10-03,AUDUSD,0.68430000
2024-10-03,CHFUSD,1.17096019
2024-10-03,EURUSD,1.10150000
2024-10-03,GBPUSD,1.31140000
2024-10-03,JPYUSD,0.00681106
2024-10-04,AUDUSD,0.67970000
2024-10-04,CHFUSD,1.16427989
2024-10-04,EURUSD,1.09610000
2024-10-04,GBPUSD,1.31070000
2024-10-04,JPYUSD,0.00672540
2024-10-07,AUDUSD,0.67610000
2024-10-07,CHFUSD,1.16890707
2024-10-07,EURUSD,1.09760000
2024-10-07,GBPUSD,1.30800000
2024-10-07,JPYUSD,0.00675083
2024-10-08,AUDUSD,0.67380000
2024-10-08,CHFUSD,1.16604478
2024-10-08,EURUSD,1.09700000
2024-10-08,GBPUSD,1.30930000
2024-10-08,JPYUSD,0.00674673
2024-10-09,AUDUSD,0.67250000
2024-10-09,CHFUSD,1.16346713
2024-10-09,EURUSD,1.09510000
2024-10-09,GBPUSD,1.30800000
2024-10-09,JPYUSD,0.00670241
2024-10-10,AUDUSD,0.67330000
2024-10-10,CHFUSD,1.16645282
2024-10-10,EURUSD,1.09250000
2024-10-10,GBPUSD,1.30530000
2024-10-10,JPYUSD,0.00673129
2024-10-11,AUDUSD,0.67560000
2024-10-11,CHFUSD,1.16631677
2024-10-11,EURUSD,1.09420000
2024-10-11,GBPUSD,1.30700000
2024-10-11,JPYUSD,0.00670601
2024-10-15,AUDUSD,0.67090000
2024-10-15,CHFUSD,1.15995824
2024-10-15,EURUSD,1.08990000
2024-10-15,GBPUSD,1.30830000
2024-10-15,JPYUSD,0.00670151
2024-10-16,AUDUSD,0.66620000
2024-10-16,CHFUSD,1.15713955
2024-10-16,EURUSD,1.08730000
2024-10-16,GBPUSD,1.30000000
2024-10-16,JPYUSD,0.00667958
2024-10-17,AUDUSD,0.67020000
2024-10-17,CHFUSD,1.15553501
2024-10-17,EURUSD,1.08370000
2024-10-17,GBPUSD,1.30080000
2024-10-17,JPYUSD,0.00666134
2024-10-18,AUDUSD,0.67000000
2024-10-18,CHFUSD,1.15486777
2024-10-18,EURUSD,1.08540000
2024-10-18,GBPUSD,1.30220000
2024-10-18,JPYUSD,0.00668539
2024-10-21,AUDUSD,0.66610000
2024-10-21,CHFUSD,1.15500116
2024-10-21,EURUSD,1.08200000
2024-10-21,GBPUSD,1.29800000
2024-10-21,JPYUSD,0.00664584
2024-10-22,AUDUSD,0.66790000
2024-10-22,CHFUSD,1.15553501
2024-10-22,EURUSD,1.08050000
2024-10-22,GBPUSD,1.29690000
2024-10-22,JPYUSD,0.00661770
2024-10-23,AUDUSD,0.66320000
2024-10-23,CHFUSD,1.15406809
2024-10-23,EURUSD,1.07790000
2024-10-23,GBPUSD,1.29440000
2024-10-23,JPYUSD,0.00654407
2024-10-24,AUDUSD,0.66290000
2024-10-24,CHFUSD,1.15366867
2024-10-24,EURUSD,1.08060000
2024-10-24,GBPUSD,1.29640000
2024-10-24,JPYUSD,0.00658458
2024-10-25,AUDUSD,0.66210000
2024-10-25,CHFUSD,1.15420129
2024-10-25,EURUSD,1.08130000
2024-10-25,GBPUSD,1.29780000
2024-10-25,JPYUSD,0.00657549
2024-10-28,AUDUSD,0.65870000
2024-10-28,CHFUSD,1.15486777
2024-10-28,EURUSD,1.08190000
2024-10-28,GBPUSD,1.29810000
2024-10-28,JPYUSD,0.00652699
2024-10-29,AUDUSD,0.65570000
2024-10-29,CHFUSD,1.15154307
2024-10-29,EURUSD,1.07980000
2024-10-29,GBPUSD,1.30050000
2024-10-29,JPYUSD,0.00651593
2024-10-30,AUDUSD,0.65840000
2024-10-30,CHFUSD,1.15420129
2024-10-30,EURUSD,1.08640000
2024-10-30,GBPUSD,1.30120000
2024-10-30,JPYUSD,0.00652955
2024-10-31,AUDUSD,0.65500000
2024-10-31,CHFUSD,1.15633673
2024-10-31,EURUSD,1.08550000
2024-10-31,GBPUSD,1.28560000
2024-10-31,JPYUSD,0.00656383
2024-11-01,AUDUSD,0.65820000
2024-11-01,CHFUSD,1.14889706
2024-11-01,EURUSD,1.08480000
2024-11-01,GBPUSD,1.29590000
2024-11-01,JPYUSD,0.00653851
2024-11-04,AUDUSD,0.65840000
2024-11-04,CHFUSD,1.15848007
2024-11-04,EURUSD,1.08840000
2024-11-04,GBPUSD,1.29420000
2024-11-04,JPYUSD,0.00657808
2024-11-05,AUDUSD,0.66330000
2024-11-05,CHFUSD,1.15807759
2024-11-05,EURUSD,1.09200000
2024-11-05,GBPUSD,1.30150000
2024-11-05,JPYUSD,0.00658068
2024-11-06,AUDUSD,0.65730000
2024-11-06,CHFUSD,1.14142221
2024-11-06,EURUSD,1.07320000
2024-11-06,GBPUSD,1.28970000
2024-11-06,JPYUSD,0.00646914
2024-11-07,AUDUSD,0.66710000
2024-11-07,CHFUSD,1.14626318
2024-11-07,EURUSD,1.07920000
2024-11-07,GBPUSD,1.29850000
2024-11-07,JPYUSD,0.00653040
2024-11-08,AUDUSD,0.65730000
2024-11-08,CHFUSD,1.14220445
2024-11-08,EURUSD,1.07100000
2024-11-08,GBPUSD,1.29050000
2024-11-08,JPYUSD,0.00655394
2024-11-12,AUDUSD,0.65220000
2024-11-12,CHFUSD,1.13288773
2024-11-12,EURUSD,1.05980000
2024-11-12,GBPUSD,1.27330000
2024-11-12,JPYUSD,0.00646287
2024-11-13,AUDUSD,0.64860000
2024-11-13,CHFUSD,1.12994350
2024-11-13,EURUSD,1.05670000
2024-11-13,GBPUSD,1.27090000
2024-11-13,JPYUSD,0.00643998
2024-11-14,AUDUSD,0.64730000
2024-11-14,CHFUSD,1.12637982
2024-11-14,EURUSD,1.05620000
2024-11-14,GBPUSD,1.27060000
2024-11-14,JPYUSD,0.00641190
2024-11-15,AUDUSD,0.64610000
2024-11-15,CHFUSD,1.12637982
2024-11-15,EURUSD,1.05520000
2024-11-15,GBPUSD,1.26290000
2024-11-15,JPYUSD,0.00646872
2024-11-18,AUDUSD,0.64980000
2024-11-18,CHFUSD,1.12994350
2024-11-18,EURUSD,1.05860000
2024-11-18,GBPUSD,1.26640000
2024-11-18,JPYUSD,0.00646078
2024-11-19,AUDUSD,0.65240000
2024-11-19,CHFUSD,1.13327289
2024-11-19,EURUSD,1.05780000
2024-11-19,GBPUSD,1.26670000
2024-11-19,JPYUSD,0.00647920
2024-11-20,AUDUSD,0.64940000
2024-11-20,CHFUSD,1.12930548
2024-11-20,EURUSD,1.05210000
2024-11-20,GBPUSD,1.26390000
2024-11-20,JPYUSD,0.00643583
2024-11-21,AUDUSD,0.65030000
2024-11-21,CHFUSD,1.12790435
2024-11-21,EURUSD,1.04750000
2024-11-21,GBPUSD,1.25860000
2024-11-21,JPYUSD,0.00646580
2024-11-22,AUDUSD,0.64950000
2024-11-22,CHFUSD,1.11781802
2024-11-22,EURUSD,1.03990000
2024-11-22,GBPUSD,1.25160000
2024-11-22,JPYUSD,0.00646287
2024-11-25,AUDUSD,0.64910000
2024-11-25,CHFUSD,1.12688754
2024-11-25,EURUSD,1.04780000
2024-11-25,GBPUSD,1.25540000
2024-11-25,JPYUSD,0.00648130
2024-11-26,AUDUSD,0.64610000
2024-11-26,CHFUSD,1.12663362
2024-11-26,EURUSD,1.04810000
2024-11-26,GBPUSD,1.25470000
2024-11-26,JPYUSD,0.00651508
2024-11-27,AUDUSD,0.64920000
2024-11-27,CHFUSD,1.13558937
2024-11-27,EURUSD,1.05750000
2024-11-27,GBPUSD,1.26780000
2024-11-27,JPYUSD,0.00663614
2024-11-29,AUDUSD,0.65130000
2024-11-29,CHFUSD,1.13352981
2024-11-29,EURUSD,1.05470000
2024-11-29,GBPUSD,1.26990000
2024-11-29,JPYUSD,0.00664849
2024-12-02,AUDUSD,0.64590000
2024-12-02,CHFUSD,1.12790435
2024-12-02,EURUSD,1.04840000
2024-12-02,GBPUSD,1.26390000
2024-12-02,JPYUSD,0.00669972
2024-12-03,AUDUSD,0.64830000
2024-12-03,CHFUSD,1.12968821
2024-12-03,EURUSD,1.05180000
2024-12-03,GBPUSD,1.26770000
2024-12-03,JPYUSD,0.00670601
2024-12-04,AUDUSD,0.64360000
2024-12-04,CHFUSD,1.13186191
2024-12-04,EURUSD,1.05270000
2024-12-04,GBPUSD,1.27120000
2024-12-04,JPYUSD,0.00665868
2024-12-05,AUDUSD,0.64390000
2024-12-05,CHFUSD,1.13713896
2024-12-05,EURUSD,1.05710000
2024-12-05,GBPUSD,1.27540000
2024-12-05,JPYUSD,0.00665823
2024-12-06,AUDUSD,0.63820000
2024-12-06,CHFUSD,1.13947129
2024-12-06,EURUSD,1.05630000
2024-12-06,GBPUSD,1.27440000
2024-12-06,JPYUSD,0.00667646
2024-12-09,AUDUSD,0.64620000
2024-12-09,CHFUSD,1.13973102
2024-12-09,EURUSD,1.05700000
2024-12-09,GBPUSD,1.27830000
2024-12-09,JPYUSD,0.00661201
2024-12-10,AUDUSD,0.63770000
2024-12-10,CHFUSD,1.13340134
2024-12-10,EURUSD,1.05120000
2024-12-10,GBPUSD,1.27580000
2024-12-10,JPYUSD,0.00657678
2024-12-11,AUDUSD,0.63780000
2024-12-11,CHFUSD,1.13250283
2024-12-11,EURUSD,1.05080000
2024-12-11,GBPUSD,1.27630000
2024-12-11,JPYUSD,0.00656426
2024-12-12,AUDUSD,0.63880000
2024-12-12,CHFUSD,1.12625296
2024-12-12,EURUSD,1.05140000
2024-12-12,GBPUSD,1.27150000
2024-12-12,JPYUSD,0.00657592
2024-12-13,AUDUSD,0.63590000
2024-12-13,CHFUSD,1.11994624
2024-12-13,EURUSD,1.04980000
2024-12-13,GBPUSD,1.26290000
2024-12-13,JPYUSD,0.00650449
2024-12-16,AUDUSD,0.63720000
2024-12-16,CHFUSD,1.11931945
2024-12-16,EURUSD,1.05120000
2024-12-16,GBPUSD,1.26900000
2024-12-16,JPYUSD,0.00648593
2024-12-17,AUDUSD,0.63390000
2024-12-17,CHFUSD,1.11982083
2024-12-17,EURUSD,1.05060000
2024-12-17,GBPUSD,1.27180000
2024-12-17,JPYUSD,0.00651848
2024-12-18,AUDUSD,0.63020000
2024-12-18,CHFUSD,1.11894372
2024-12-18,EURUSD,1.04690000
2024-12-18,GBPUSD,1.26960000
2024-12-18,JPYUSD,0.00649351
2024-12-19,AUDUSD,0.62520000
2024-12-19,CHFUSD,1.11185235
2024-12-19,EURUSD,1.03570000
2024-12-19,GBPUSD,1.25300000
2024-12-19,JPYUSD,0.00633995
2024-12-20,AUDUSD,0.62660000
2024-12-20,CHFUSD,1.12007168
2024-12-20,EURUSD,1.04300000
2024-12-20,GBPUSD,1.25870000
2024-12-20,JPYUSD,0.00640574
2024-12-23,AUDUSD,0.62430000
2024-12-23,CHFUSD,1.11222333
2024-12-23,EURUSD,1.04090000
2024-12-23,GBPUSD,1.25290000
2024-12-23,JPYUSD,0.00636780
2024-12-24,AUDUSD,0.62300000
2024-12-24,CHFUSD,1.11000111
2024-12-24,EURUSD,1.03880000
2024-12-24,GBPUSD,1.25280000
2024-12-24,JPYUSD,0.00635768
2024-12-26,AUDUSD,0.62270000
2024-12-26,CHFUSD,1.11111111
2024-12-26,EURUSD,1.04230000
2024-12-26,GBPUSD,1.25220000
2024-12-26,JPYUSD,0.00632871
2024-12-27,AUDUSD,0.62080000
2024-12-27,CHFUSD,1.10889332
2024-12-27,EURUSD,1.04230000
2024-12-27,GBPUSD,1.25730000
2024-12-27,JPYUSD,0.00633995
2024-12-30,AUDUSD,0.62190000
2024-12-30,CHFUSD,1.10302228
2024-12-30,EURUSD,1.03860000
2024-12-30,GBPUSD,1.25230000
2024-12-30,JPYUSD,0.00635890
2024-12-31,AUDUSD,0.61850000
2024-12-31,CHFUSD,1.10277900
2024-12-31,EURUSD,1.03510000
2024-12-31,GBPUSD,1.25210000
2024-12-31,JPYUSD,0.00635445
2025-01-02,AUDUSD,0.62080000
2025-01-02,CHFUSD,1.09601052
2025-01-02,EURUSD,1.02610000
2025-01-02,GBPUSD,1.23760000
2025-01-02,JPYUSD,0.00634317
2025-01-03,AUDUSD,0.62090000
2025-01-03,CHFUSD,1.09938434
2025-01-03,EURUSD,1.02920000
2025-01-03,GBPUSD,1.24190000
2025-01-03,JPYUSD,0.00636132
2025-01-06,AUDUSD,0.62510000
2025-01-06,CHFUSD,1.10582771
2025-01-06,EURUSD,1.03970000
2025-01-06,GBPUSD,1.25300000
2025-01-06,JPYUSD,0.00634759
2025-01-07,AUDUSD,0.62450000
2025-01-07,CHFUSD,1.10180696
2025-01-07,EURUSD,1.03690000
2025-01-07,GBPUSD,1.24990000
2025-01-07,JPYUSD,0.00633633
2025-01-08,AUDUSD,0.62170000
2025-01-08,CHFUSD,1.09805644
2025-01-08,EURUSD,1.03130000
2025-01-08,GBPUSD,1.23660000
2025-01-08,JPYUSD,0.00631672
2025-01-09,AUDUSD,0.61960000
2025-01-09,CHFUSD,1.09601052
2025-01-09,EURUSD,1.02980000
2025-01-09,GBPUSD,1.23030000
2025-01-09,JPYUSD,0.00632871
2025-01-10,AUDUSD,0.61470000
2025-01-10,CHFUSD,1.09027475
2025-01-10,EURUSD,1.02380000
2025-01-10,GBPUSD,1.22150000
2025-01-10,JPYUSD,0.00634196
2025-01-13,AUDUSD,0.61550000
2025-01-13,CHFUSD,1.08790252
2025-01-13,EURUSD,1.02090000
2025-01-13,GBPUSD,1.21580000
2025-01-13,JPYUSD,0.00634880
2025-01-14,AUDUSD,0.61840000
2025-01-14,CHFUSD,1.09421162
2025-01-14,EURUSD,1.02920000
2025-01-14,GBPUSD,1.21880000
2025-01-14,JPYUSD,0.00633112
2025-01-15,AUDUSD,0.62180000
2025-01-15,CHFUSD,1.09541023
2025-01-15,EURUSD,1.02820000
2025-01-15,GBPUSD,1.22140000
2025-01-15,JPYUSD,0.00638570
2025-01-16,AUDUSD,0.62210000
2025-01-16,CHFUSD,1.09769484
2025-01-16,EURUSD,1.03030000
2025-01-16,GBPUSD,1.22460000
2025-01-16,JPYUSD,0.00643335
2025-01-17,AUDUSD,0.62100000
2025-01-17,CHFUSD,1.09313511
2025-01-17,EURUSD,1.02870000
2025-01-17,GBPUSD,1.21810000
2025-01-17,JPYUSD,0.00639795
2025-01-21,AUDUSD,0.62720000
2025-01-21,CHFUSD,1.10265740
2025-01-21,EURUSD,1.04230000
2025-01-21,GBPUSD,1.23310000
2025-01-21,JPYUSD,0.00643128
2025-01-22,AUDUSD,0.62760000
2025-01-22,CHFUSD,1.10253583
2025-01-22,EURUSD,1.04200000
2025-01-22,GBPUSD,1.23240000
2025-01-22,JPYUSD,0.00638488
2025-01-23,AUDUSD,0.62870000
2025-01-23,CHFUSD,1.10229277
2025-01-23,EURUSD,1.04200000
2025-01-23,GBPUSD,1.23470000
2025-01-23,JPYUSD,0.00641026
2025-01-24,AUDUSD,0.63220000
2025-01-24,CHFUSD,1.10570544
2025-01-24,EURUSD,1.05150000
2025-01-24,GBPUSD,1.24960000
2025-01-24,JPYUSD,0.00642756
2025-01-27,AUDUSD,0.62800000
2025-01-27,CHFUSD,1.11037086
2025-01-27,EURUSD,1.04920000
2025-01-27,GBPUSD,1.24790000
2025-01-27,JPYUSD,0.00648424
2025-01-28,AUDUSD,0.62470000
2025-01-28,CHFUSD,1.10485029
2025-01-28,EURUSD,1.04270000
2025-01-28,GBPUSD,1.24330000
2025-01-28,JPYUSD,0.00642467
2025-01-29,AUDUSD,0.62280000
2025-01-29,CHFUSD,1.10168558
2025-01-29,EURUSD,1.04160000
2025-01-29,GBPUSD,1.24350000
2025-01-29,JPYUSD,0.00644247
2025-01-30,AUDUSD,0.62330000
2025-01-30,CHFUSD,1.10071547
2025-01-30,EURUSD,1.04200000
2025-01-30,GBPUSD,1.24530000
2025-01-30,JPYUSD,0.00647585
2025-01-31,AUDUSD,0.62420000
2025-01-31,CHFUSD,1.10035211
2025-01-31,EURUSD,1.04000000
2025-01-31,GBPUSD,1.24470000
2025-01-31,JPYUSD,0.00645536
2025-02-03,AUDUSD,0.61770000
2025-02-03,CHFUSD,1.09421162
2025-02-03,EURUSD,1.02770000
2025-02-03,GBPUSD,1.23890000
2025-02-03,JPYUSD,0.00646496
2025-02-04,AUDUSD,0.62570000
2025-02-04,CHFUSD,1.10399647
2025-02-04,EURUSD,1.03790000
2025-02-04,GBPUSD,1.24870000
2025-02-04,JPYUSD,0.00646998
2025-02-05,AUDUSD,0.62960000
2025-02-05,CHFUSD,1.11000111
2025-02-05,EURUSD,1.04190000
2025-02-05,GBPUSD,1.25160000
2025-02-05,JPYUSD,0.00656470
2025-02-06,AUDUSD,0.62790000
2025-02-06,CHFUSD,1.10436223
2025-02-06,EURUSD,1.03680000
2025-02-06,GBPUSD,1.24350000
2025-02-06,JPYUSD,0.00657722
2025-02-07,AUDUSD,0.62640000
2025-02-07,CHFUSD,1.09878035
2025-02-07,EURUSD,1.03290000
2025-02-07,GBPUSD,1.23960000
2025-02-07,JPYUSD,0.00660939
2025-02-10,AUDUSD,0.62790000
2025-02-10,CHFUSD,1.09769484
2025-02-10,EURUSD,1.03120000
2025-02-10,GBPUSD,1.23850000
2025-02-10,JPYUSD,0.00659109
2025-02-11,AUDUSD,0.62940000
2025-02-11,CHFUSD,1.09493047
2025-02-11,EURUSD,1.03460000
2025-02-11,GBPUSD,1.24230000
2025-02-11,JPYUSD,0.00656297
2025-02-12,AUDUSD,0.62850000
2025-02-12,CHFUSD,1.09529025
2025-02-12,EURUSD,1.03920000
2025-02-12,GBPUSD,1.24440000
2025-02-12,JPYUSD,0.00646747
2025-02-13,AUDUSD,0.62920000
2025-02-13,CHFUSD,1.10521662
2025-02-13,EURUSD,1.04280000
2025-02-13,GBPUSD,1.25280000
2025-02-13,JPYUSD,0.00652827
2025-02-14,AUDUSD,0.63590000
2025-02-14,CHFUSD,1.11321385
2025-02-14,EURUSD,1.04980000
2025-02-14,GBPUSD,1.26090000
2025-02-14,JPYUSD,0.00656814
2025-02-18,AUDUSD,0.63530000
2025-02-18,CHFUSD,1.10827884
2025-02-18,EURUSD,1.04570000
2025-02-18,GBPUSD,1.26140000
2025-02-18,JPYUSD,0.00658805
2025-02-19,AUDUSD,0.63410000
2025-02-19,CHFUSD,1.10448421
2025-02-19,EURUSD,1.04060000
2025-02-19,GBPUSD,1.25710000
2025-02-19,JPYUSD,0.00659326
2025-02-20,AUDUSD,0.63930000
2025-02-20,CHFUSD,1.11197598
2025-02-20,EURUSD,1.04750000
2025-02-20,GBPUSD,1.26430000
2025-02-20,JPYUSD,0.00668315
2025-02-21,AUDUSD,0.63760000
2025-02-21,CHFUSD,1.11234705
2025-02-21,EURUSD,1.04550000
2025-02-21,GBPUSD,1.26470000
2025-02-21,JPYUSD,0.00668941
2025-02-24,AUDUSD,0.63610000
2025-02-24,CHFUSD,1.11532456
2025-02-24,EURUSD,1.04780000
2025-02-24,GBPUSD,1.26400000
2025-02-24,JPYUSD,0.00668583
2025-02-25,AUDUSD,0.63320000
2025-02-25,CHFUSD,1.12007168
2025-02-25,EURUSD,1.04980000
2025-02-25,GBPUSD,1.26520000
2025-02-25,JPYUSD,0.00670736
2025-02-26,AUDUSD,0.63230000
2025-02-26,CHFUSD,1.11969544
2025-02-26,EURUSD,1.05140000
2025-02-26,GBPUSD,1.26960000
2025-02-26,JPYUSD,0.00670556
2025-02-27,AUDUSD,0.62560000
2025-02-27,CHFUSD,1.11346175
2025-02-27,EURUSD,1.04140000
2025-02-27,GBPUSD,1.26280000
2025-02-27,JPYUSD,0.00667557
2025-02-28,AUDUSD,0.62110000
2025-02-28,CHFUSD,1.10877037
2025-02-28,EURUSD,1.04020000
2025-02-28,GBPUSD,1.25910000
2025-02-28,JPYUSD,0.00663834
2025-03-03,AUDUSD,0.62490000
2025-03-03,CHFUSD,1.11457869
2025-03-03,EURUSD,1.04960000
2025-03-03,GBPUSD,1.27110000
2025-03-03,JPYUSD,0.00665956
2025-03-04,AUDUSD,0.62120000
2025-03-04,CHFUSD,1.12359551
2025-03-04,EURUSD,1.05340000
2025-03-04,GBPUSD,1.27260000
2025-03-04,JPYUSD,0.00671998
2025-03-05,AUDUSD,0.63120000
2025-03-05,CHFUSD,1.12359551
2025-03-05,EURUSD,1.07680000
2025-03-05,GBPUSD,1.28640000
2025-03-05,JPYUSD,0.00671953
2025-03-06,AUDUSD,0.63480000
2025-03-06,CHFUSD,1.13109377
2025-03-06,EURUSD,1.08180000
2025-03-06,GBPUSD,1.28940000
2025-03-06,JPYUSD,0.00676133
2025-03-07,AUDUSD,0.63000000
2025-03-07,CHFUSD,1.13973102
2025-03-07,EURUSD,1.08590000
2025-03-07,GBPUSD,1.29180000
2025-03-07,JPYUSD,0.00679671
2025-03-10,AUDUSD,0.63080000
2025-03-10,CHFUSD,1.13468739
2025-03-10,EURUSD,1.08370000
2025-03-10,GBPUSD,1.29090000
2025-03-10,JPYUSD,0.00679579
2025-03-11,AUDUSD,0.62850000
2025-03-11,CHFUSD,1.13636364
2025-03-11,EURUSD,1.09270000
2025-03-11,GBPUSD,1.29480000
2025-03-11,JPYUSD,0.00678058
2025-03-12,AUDUSD,0.63060000
2025-03-12,CHFUSD,1.13288773
2025-03-12,EURUSD,1.09250000
2025-03-12,GBPUSD,1.29700000
2025-03-12,JPYUSD,0.00674218
2025-03-13,AUDUSD,0.62890000
2025-03-13,CHFUSD,1.13007119
2025-03-13,EURUSD,1.08590000
2025-03-13,GBPUSD,1.29450000
2025-03-13,JPYUSD,0.00677002
2025-03-14,AUDUSD,0.63180000
2025-03-14,CHFUSD,1.12930548
2025-03-14,EURUSD,1.08720000
2025-03-14,GBPUSD,1.29170000
2025-03-14,JPYUSD,0.00673355
2025-03-17,AUDUSD,0.63750000
2025-03-17,CHFUSD,1.13481616
2025-03-17,EURUSD,1.09220000
2025-03-17,GBPUSD,1.29880000
2025-03-17,JPYUSD,0.00673129
2025-03-18,AUDUSD,0.63560000
2025-03-18,CHFUSD,1.13986094
2025-03-18,EURUSD,1.09270000
2025-03-18,GBPUSD,1.29870000
2025-03-18,JPYUSD,0.00668941
2025-03-19,AUDUSD,0.63310000
2025-03-19,CHFUSD,1.13636364
2025-03-19,EURUSD,1.08770000
2025-03-19,GBPUSD,1.29690000
2025-03-19,JPYUSD,0.00666578
2025-03-20,AUDUSD,0.63010000
2025-03-20,CHFUSD,1.13301609
2025-03-20,EURUSD,1.08480000
2025-03-20,GBPUSD,1.29730000
2025-03-20,JPYUSD,0.00671862
2025-03-21,AUDUSD,0.62660000
2025-03-21,CHFUSD,1.13199004
2025-03-21,EURUSD,1.08060000
2025-03-21,GBPUSD,1.28960000
2025-03-21,JPYUSD,0.00671231
2025-03-24,AUDUSD,0.62810000
2025-03-24,CHFUSD,1.13096584
2025-03-24,EURUSD,1.07940000
2025-03-24,GBPUSD,1.29130000
2025-03-24,JPYUSD,0.00663394
2025-03-25,AUDUSD,0.63090000
2025-03-25,CHFUSD,1.13391541
2025-03-25,EURUSD,1.08040000
2025-03-25,GBPUSD,1.29480000
2025-03-25,JPYUSD,0.00667690
2025-03-26,AUDUSD,0.63070000
2025-03-26,CHFUSD,1.13134970
2025-03-26,EURUSD,1.07810000
2025-03-26,GBPUSD,1.28890000
2025-03-26,JPYUSD,0.00663614
2025-03-27,AUDUSD,0.63080000
2025-03-27,CHFUSD,1.13404400
2025-03-27,EURUSD,1.08000000
2025-03-27,GBPUSD,1.29630000
2025-03-27,JPYUSD,0.00662383
2025-03-28,AUDUSD,0.63000000
2025-03-28,CHFUSD,1.13520263
2025-03-28,EURUSD,1.08260000
2025-03-28,GBPUSD,1.29420000
2025-03-28,JPYUSD,0.00665513
2025-03-31,AUDUSD,0.62360000
2025-03-31,CHFUSD,1.13083795
2025-03-31,EURUSD,1.07960000
2025-03-31,GBPUSD,1.28960000
2025-03-31,JPYUSD,0.00667111
2025-04-01,AUDUSD,0.62780000
2025-04-01,CHFUSD,1.13288773
2025-04-01,EURUSD,1.08000000
2025-04-01,GBPUSD,1.29230000
2025-04-01,JPYUSD,0.00669344
2025-04-02,AUDUSD,0.63000000
2025-04-02,CHFUSD,1.13391541
2025-04-02,EURUSD,1.08680000
2025-04-02,GBPUSD,1.29740000
2025-04-02,JPYUSD,0.00666756
2025-04-03,AUDUSD,0.63520000
2025-04-03,CHFUSD,1.16414435
2025-04-03,EURUSD,1.10520000
2025-04-03,GBPUSD,1.31130000
2025-04-03,JPYUSD,0.00684744
2025-04-04,AUDUSD,0.60430000
2025-04-04,CHFUSD,1.17000117
2025-04-04,EURUSD,1.10140000
2025-04-04,GBPUSD,1.29270000
2025-04-04,JPYUSD,0.00685260
2025-04-07,AUDUSD,0.59800000
2025-04-07,CHFUSD,1.16319646
2025-04-07,EURUSD,1.09120000
2025-04-07,GBPUSD,1.27290000
2025-04-07,JPYUSD,0.00675858
2025-04-08,AUDUSD,0.60150000
2025-04-08,CHFUSD,1.16822430
2025-04-08,EURUSD,1.09120000
2025-04-08,GBPUSD,1.27690000
2025-04-08,JPYUSD,0.00680180
2025-04-09,AUDUSD,0.60030000
2025-04-09,CHFUSD,1.18863663
2025-04-09,EURUSD,1.10400000
2025-04-09,GBPUSD,1.27710000
2025-04-09,JPYUSD,0.00689227
2025-04-10,AUDUSD,0.61920000
2025-04-10,CHFUSD,1.20729204
2025-04-10,EURUSD,1.11920000
2025-04-10,GBPUSD,1.29400000
2025-04-10,JPYUSD,0.00692809
2025-04-11,AUDUSD,0.62450000
2025-04-11,CHFUSD,1.22654238
2025-04-11,EURUSD,1.13250000
2025-04-11,GBPUSD,1.30510000
2025-04-11,JPYUSD,0.00696524
2025-04-14,AUDUSD,0.63120000
2025-04-14,CHFUSD,1.22865217
2025-04-14,EURUSD,1.13580000
2025-04-14,GBPUSD,1.31760000
2025-04-14,JPYUSD,0.00699496
2025-04-15,AUDUSD,0.63580000
2025-04-15,CHFUSD,1.21817517
2025-04-15,EURUSD,1.12900000
2025-04-15,GBPUSD,1.32230000
2025-04-15,JPYUSD,0.00698812
2025-04-16,AUDUSD,0.63890000
2025-04-16,CHFUSD,1.22819946
2025-04-16,EURUSD,1.13820000
2025-04-16,GBPUSD,1.32470000
2025-04-16,JPYUSD,0.00701459
2025-04-17,AUDUSD,0.63820000
2025-04-17,CHFUSD,1.21906620
2025-04-17,EURUSD,1.13640000
2025-04-17,GBPUSD,1.32590000
2025-04-17,JPYUSD,0.00702593
2025-04-18,AUDUSD,0.63750000
2025-04-18,CHFUSD,1.22339124
2025-04-18,EURUSD,1.13900000
2025-04-18,GBPUSD,1.32790000
2025-04-18,JPYUSD,0.00703136
2025-04-21,AUDUSD,0.64120000
2025-04-21,CHFUSD,1.23931094
2025-04-21,EURUSD,1.15080000
2025-04-21,GBPUSD,1.33850000
2025-04-21,JPYUSD,0.00710177
2025-04-22,AUDUSD,0.63910000
2025-04-22,CHFUSD,1.22699387
2025-04-22,EURUSD,1.14660000
2025-04-22,GBPUSD,1.33760000
2025-04-22,JPYUSD,0.00709874
2025-04-23,AUDUSD,0.63760000
2025-04-23,CHFUSD,1.20904365
2025-04-23,EURUSD,1.13500000
2025-04-23,GBPUSD,1.32560000
2025-04-23,JPYUSD,0.00701066
2025-04-24,AUDUSD,0.63960000
2025-04-24,CHFUSD,1.20904365
2025-04-24,EURUSD,1.13630000
2025-04-24,GBPUSD,1.33090000
2025-04-24,JPYUSD,0.00701066
2025-04-25,AUDUSD,0.63960000
2025-04-25,CHFUSD,1.20700060
2025-04-25,EURUSD,1.13810000
2025-04-25,GBPUSD,1.33310000
2025-04-25,JPYUSD,0.00695652
2025-04-28,AUDUSD,0.64130000
2025-04-28,CHFUSD,1.21153380
2025-04-28,EURUSD,1.13870000
2025-04-28,GBPUSD,1.33950000
2025-04-28,JPYUSD,0.00700771
2025-04-29,AUDUSD,0.63850000
2025-04-29,CHFUSD,1.21344497
2025-04-29,EURUSD,1.13960000
2025-04-29,GBPUSD,1.33970000
2025-04-29,JPYUSD,0.00702790
2025-04-30,AUDUSD,0.63990000
2025-04-30,CHFUSD,1.21550991
2025-04-30,EURUSD,1.13490000
2025-04-30,GBPUSD,1.33440000
2025-04-30,JPYUSD,0.00701115
2025-05-01,AUDUSD,0.63730000
2025-05-01,CHFUSD,1.20177863
2025-05-01,EURUSD,1.12790000
2025-05-01,GBPUSD,1.32730000
2025-05-01,JPYUSD,0.00687380
2025-05-02,AUDUSD,0.64470000
2025-05-02,CHFUSD,1.21036069
2025-05-02,EURUSD,1.13300000
2025-05-02,GBPUSD,1.32830000
2025-05-02,JPYUSD,0.00691946
2025-05-05,AUDUSD,0.64720000
2025-05-05,CHFUSD,1.21373953
2025-05-05,EURUSD,1.13150000
2025-05-05,GBPUSD,1.32840000
2025-05-05,JPYUSD,0.00694541
2025-05-06,AUDUSD,0.64890000
2025-05-06,CHFUSD,1.21329774
2025-05-06,EURUSD,1.13450000
2025-05-06,GBPUSD,1.33690000
2025-05-06,JPYUSD,0.00700476
2025-05-07,AUDUSD,0.64620000
2025-05-07,CHFUSD,1.21728545
2025-05-07,EURUSD,1.13480000
2025-05-07,GBPUSD,1.33440000
2025-05-07,JPYUSD,0.00697010
2025-05-08,AUDUSD,0.64160000
2025-05-08,CHFUSD,1.20612713
2025-05-08,EURUSD,1.12490000
2025-05-08,GBPUSD,1.32870000
2025-05-08,JPYUSD,0.00687474
2025-05-09,AUDUSD,0.64250000
2025-05-09,CHFUSD,1.20510966
2025-05-09,EURUSD,1.12700000
2025-05-09,GBPUSD,1.33180000
2025-05-09,JPYUSD,0.00688942
2025-05-12,AUDUSD,0.63690000
2025-05-12,CHFUSD,1.18666192
2025-05-12,EURUSD,1.11060000
2025-05-12,GBPUSD,1.31940000
2025-05-12,JPYUSD,0.00675265
2025-05-13,AUDUSD,0.64720000
2025-05-13,CHFUSD,1.18877794
2025-05-13,EURUSD,1.11760000
2025-05-13,GBPUSD,1.32800000
2025-05-13,JPYUSD,0.00676819
2025-05-14,AUDUSD,0.64480000
2025-05-14,CHFUSD,1.19090151
2025-05-14,EURUSD,1.12060000
2025-05-14,GBPUSD,1.33030000
2025-05-14,JPYUSD,0.00682408
2025-05-15,AUDUSD,0.64030000
2025-05-15,CHFUSD,1.19631535
2025-05-15,EURUSD,1.11890000
2025-05-15,GBPUSD,1.32920000
2025-05-15,JPYUSD,0.00686766
2025-05-16,AUDUSD,0.63950000
2025-05-16,CHFUSD,1.19104335
2025-05-16,EURUSD,1.11410000
2025-05-16,GBPUSD,1.32570000
2025-05-16,JPYUSD,0.00684838
2025-05-19,AUDUSD,0.64580000
2025-05-19,CHFUSD,1.19875330
2025-05-19,EURUSD,1.12360000
2025-05-19,GBPUSD,1.33570000
2025-05-19,JPYUSD,0.00689703
2025-05-20,AUDUSD,0.64050000
2025-05-20,CHFUSD,1.20177863
2025-05-20,EURUSD,1.12540000
2025-05-20,GBPUSD,1.33710000
2025-05-20,JPYUSD,0.00690989
2025-05-21,AUDUSD,0.64680000
2025-05-21,CHFUSD,1.21197431
2025-05-21,EURUSD,1.13430000
2025-05-21,GBPUSD,1.34470000
2025-05-21,JPYUSD,0.00695991
2025-05-22,AUDUSD,0.64170000
2025-05-22,CHFUSD,1.20612713
2025-05-22,EURUSD,1.12810000
2025-05-22,GBPUSD,1.34260000
2025-05-22,JPYUSD,0.00694975
2025-05-23,AUDUSD,0.64780000
2025-05-23,CHFUSD,1.21743365
2025-05-23,EURUSD,1.13500000
2025-05-23,GBPUSD,1.35110000
2025-05-23,JPYUSD,0.00701213
2025-05-27,AUDUSD,0.64370000
2025-05-27,CHFUSD,1.20802126
2025-05-27,EURUSD,1.13260000
2025-05-27,GBPUSD,1.35050000
2025-05-27,JPYUSD,0.00692665
2025-05-28,AUDUSD,0.64170000
2025-05-28,CHFUSD,1.20831319
2025-05-28,EURUSD,1.12860000
2025-05-28,GBPUSD,1.34620000
2025-05-28,JPYUSD,0.00689465
2025-05-29,AUDUSD,0.64430000
2025-05-29,CHFUSD,1.21550991
2025-05-29,EURUSD,1.13700000
2025-05-29,GBPUSD,1.34890000
2025-05-29,JPYUSD,0.00694011
2025-05-30,AUDUSD,0.64340000
2025-05-30,CHFUSD,1.21521449
2025-05-30,EURUSD,1.13470000
2025-05-30,GBPUSD,1.34680000
2025-05-30,JPYUSD,0.00693577
2025-06-02,AUDUSD,0.64930000
2025-06-02,CHFUSD,1.22354093
2025-06-02,EURUSD,1.14320000
2025-06-02,GBPUSD,1.35490000
2025-06-02,JPYUSD,0.00700476
2025-06-03,AUDUSD,0.64620000
2025-06-03,CHFUSD,1.21329774
2025-06-03,EURUSD,1.13730000
2025-06-03,GBPUSD,1.35200000
2025-06-03,JPYUSD,0.00694782
2025-06-04,AUDUSD,0.64990000
2025-06-04,CHFUSD,1.22204570
2025-06-04,EURUSD,1.14240000
2025-06-04,GBPUSD,1.35700000
2025-06-04,JPYUSD,0.00699741
2025-06-05,AUDUSD,0.65170000
2025-06-05,CHFUSD,1.21802680
2025-06-05,EURUSD,1.14400000
2025-06-05,GBPUSD,1.35840000
2025-06-05,JPYUSD,0.00695072
2025-06-06,AUDUSD,0.64960000
2025-06-06,CHFUSD,1.21654501
2025-06-06,EURUSD,1.13970000
2025-06-06,GBPUSD,1.35320000
2025-06-06,JPYUSD,0.00690274
2025-06-09,AUDUSD,0.65260000
2025-06-09,CHFUSD,1.21876904
2025-06-09,EURUSD,1.14250000
2025-06-09,GBPUSD,1.35630000
2025-06-09,JPYUSD,0.00692665
2025-06-10,AUDUSD,0.65230000
2025-06-10,CHFUSD,1.21669303
2025-06-10,EURUSD,1.14230000
2025-06-10,GBPUSD,1.35080000
2025-06-10,JPYUSD,0.00690084
2025-06-11,AUDUSD,0.65210000
2025-06-11,CHFUSD,1.22025625
2025-06-11,EURUSD,1.14900000
2025-06-11,GBPUSD,1.35560000
2025-06-11,JPYUSD,0.00692137
2025-06-12,AUDUSD,0.65250000
2025-06-12,CHFUSD,1.23076923
2025-06-12,EURUSD,1.15780000
2025-06-12,GBPUSD,1.35890000
2025-06-12,JPYUSD,0.00696185
2025-06-13,AUDUSD,0.65130000
2025-06-13,CHFUSD,1.23213406
2025-06-13,EURUSD,1.15570000
2025-06-13,GBPUSD,1.35940000
2025-06-13,JPYUSD,0.00694252
2025-06-16,AUDUSD,0.65360000
2025-06-16,CHFUSD,1.23228589
2025-06-16,EURUSD,1.15810000
2025-06-16,GBPUSD,1.36000000
2025-06-16,JPYUSD,0.00693770
2025-06-17,AUDUSD,0.65150000
2025-06-17,CHFUSD,1.22835033
2025-06-17,EURUSD,1.15350000
2025-06-17,GBPUSD,1.35160000
2025-06-17,JPYUSD,0.00689465
2025-06-18,AUDUSD,0.65200000
2025-06-18,CHFUSD,1.22339124
2025-06-18,EURUSD,1.15210000
2025-06-18,GBPUSD,1.34710000
2025-06-18,JPYUSD,0.00691659
2025-06-20,AUDUSD,0.64550000
2025-06-20,CHFUSD,1.22324159
2025-06-20,EURUSD,1.15200000
2025-06-20,GBPUSD,1.34650000
2025-06-20,JPYUSD,0.00685307
2025-06-23,AUDUSD,0.64230000
2025-06-23,CHFUSD,1.22955859
2025-06-23,EURUSD,1.15380000
2025-06-23,GBPUSD,1.34910000
2025-06-23,JPYUSD,0.00682734
2025-06-24,AUDUSD,0.64990000
2025-06-24,CHFUSD,1.24239036
2025-06-24,EURUSD,1.16080000
2025-06-24,GBPUSD,1.36160000
2025-06-24,JPYUSD,0.00690131
2025-06-25,AUDUSD,0.64930000
2025-06-25,CHFUSD,1.24115676
2025-06-25,EURUSD,1.16200000
2025-06-25,GBPUSD,1.36260000
2025-06-25,JPYUSD,0.00686860
2025-06-26,AUDUSD,0.65550000
2025-06-26,CHFUSD,1.25156446
2025-06-26,EURUSD,1.17170000
2025-06-26,GBPUSD,1.37540000
2025-06-26,JPYUSD,0.00692809
2025-06-27,AUDUSD,0.65350000
2025-06-27,CHFUSD,1.25172112
2025-06-27,EURUSD,1.17240000
2025-06-27,GBPUSD,1.37200000
2025-06-27,JPYUSD,0.00690894
2025-06-30,AUDUSD,0.65730000
2025-06-30,CHFUSD,1.25976316
2025-06-30,EURUSD,1.17700000
2025-06-30,GBPUSD,1.37220000
2025-06-30,JPYUSD,0.00693626
2025-07-01,AUDUSD,0.65720000
2025-07-01,CHFUSD,1.26119309
2025-07-01,EURUSD,1.17760000
2025-07-01,GBPUSD,1.37280000
2025-07-01,JPYUSD,0.00696476
2025-07-02,AUDUSD,0.65710000
2025-07-02,CHFUSD,1.26246686
2025-07-02,EURUSD,1.17900000
2025-07-02,GBPUSD,1.36230000
2025-07-02,JPYUSD,0.00695604
2025-07-03,AUDUSD,0.65760000
2025-07-03,CHFUSD,1.25770343
2025-07-03,EURUSD,1.17580000
2025-07-03,GBPUSD,1.36560000
2025-07-03,JPYUSD,0.00689845
2025-07-07,AUDUSD,0.65130000
2025-07-07,CHFUSD,1.25486259
2025-07-07,EURUSD,1.17330000
2025-07-07,GBPUSD,1.36380000
2025-07-07,JPYUSD,0.00685589
2025-07-08,AUDUSD,0.65240000
2025-07-08,CHFUSD,1.25454774
2025-07-08,EURUSD,1.17070000
2025-07-08,GBPUSD,1.35750000
2025-07-08,JPYUSD,0.00681153
2025-07-09,AUDUSD,0.65320000
2025-07-09,CHFUSD,1.25675506
2025-07-09,EURUSD,1.17070000
2025-07-09,GBPUSD,1.35850000
2025-07-09,JPYUSD,0.00682454
2025-07-10,AUDUSD,0.65720000
2025-07-10,CHFUSD,1.25454774
2025-07-10,EURUSD,1.16880000
2025-07-10,GBPUSD,1.35690000
2025-07-10,JPYUSD,0.00682780
2025-07-11,AUDUSD,0.65770000
2025-07-11,CHFUSD,1.25596584
2025-07-11,EURUSD,1.16960000
2025-07-11,GBPUSD,1.35030000
2025-07-11,JPYUSD,0.00678933
2025-07-14,AUDUSD,0.65500000
2025-07-14,CHFUSD,1.25360411
2025-07-14,EURUSD,1.16720000
2025-07-14,GBPUSD,1.34370000
2025-07-14,JPYUSD,0.00677094
2025-07-15,AUDUSD,0.65200000
2025-07-15,CHFUSD,1.24937531
2025-07-15,EURUSD,1.16190000
2025-07-15,GBPUSD,1.33960000
2025-07-15,JPYUSD,0.00672269
2025-07-16,AUDUSD,0.65220000
2025-07-16,CHFUSD,1.24781632
2025-07-16,EURUSD,1.16290000
2025-07-16,GBPUSD,1.34260000
2025-07-16,JPYUSD,0.00675311
2025-07-17,AUDUSD,0.64850000
2025-07-17,CHFUSD,1.24331717
2025-07-17,EURUSD,1.15970000
2025-07-17,GBPUSD,1.34130000
2025-07-17,JPYUSD,0.00673174
2025-07-18,AUDUSD,0.65270000
2025-07-18,CHFUSD,1.24984377
2025-07-18,EURUSD,1.16450000
2025-07-18,GBPUSD,1.34390000
2025-07-18,JPYUSD,0.00673174
2025-07-21,AUDUSD,0.65310000
2025-07-21,CHFUSD,1.25423304
2025-07-21,EURUSD,1.17050000
2025-07-21,GBPUSD,1.34980000
2025-07-21,JPYUSD,0.00679025
2025-07-22,AUDUSD,0.65560000
2025-07-22,CHFUSD,1.26167045
2025-07-22,EURUSD,1.17490000
2025-07-22,GBPUSD,1.35220000
2025-07-22,JPYUSD,0.00683247
2025-07-23,AUDUSD,0.65900000
2025-07-23,CHFUSD,1.26008065
2025-07-23,EURUSD,1.17480000
2025-07-23,GBPUSD,1.35660000
2025-07-23,JPYUSD,0.00682361
2025-07-24,AUDUSD,0.66010000
2025-07-24,CHFUSD,1.25675506
2025-07-24,EURUSD,1.17650000
2025-07-24,GBPUSD,1.35240000
2025-07-24,JPYUSD,0.00680643
2025-07-25,AUDUSD,0.65560000
2025-07-25,CHFUSD,1.25549278
2025-07-25,EURUSD,1.17300000
2025-07-25,GBPUSD,1.34290000
2025-07-25,JPYUSD,0.00676727
2025-07-28,AUDUSD,0.65190000
2025-07-28,CHFUSD,1.24610592
2025-07-28,EURUSD,1.16090000
2025-07-28,GBPUSD,1.33930000
2025-07-28,JPYUSD,0.00673627
2025-07-29,AUDUSD,0.65090000
2025-07-29,CHFUSD,1.23900384
2025-07-29,EURUSD,1.15340000
2025-07-29,GBPUSD,1.33390000
2025-07-29,JPYUSD,0.00673083
2025-07-30,AUDUSD,0.64520000
2025-07-30,CHFUSD,1.23289360
2025-07-30,EURUSD,1.14700000
2025-07-30,GBPUSD,1.32740000
2025-07-30,JPYUSD,0.00670826
2025-07-31,AUDUSD,0.64300000
2025-07-31,CHFUSD,1.23107226
2025-07-31,EURUSD,1.14310000
2025-07-31,GBPUSD,1.32200000
2025-07-31,JPYUSD,0.00664011
2025-08-01,AUDUSD,0.64680000
2025-08-01,CHFUSD,1.23946455
2025-08-01,EURUSD,1.15550000
2025-08-01,GBPUSD,1.32590000
2025-08-01,JPYUSD,0.00675402
2025-08-04,AUDUSD,0.64670000
2025-08-04,CHFUSD,1.23716442
2025-08-04,EURUSD,1.15680000
2025-08-04,GBPUSD,1.32900000
2025-08-04,JPYUSD,0.00679856
2025-08-05,AUDUSD,0.64720000
2025-08-05,CHFUSD,1.23900384
2025-08-05,EURUSD,1.15800000
2025-08-05,GBPUSD,1.33090000
2025-08-05,JPYUSD,0.00678012
2025-08-06,AUDUSD,0.65040000
2025-08-06,CHFUSD,1.24192747
2025-08-06,EURUSD,1.16470000
2025-08-06,GBPUSD,1.33600000
2025-08-06,JPYUSD,0.00679117
2025-08-07,AUDUSD,0.65020000
2025-08-07,CHFUSD,1.23854347
2025-08-07,EURUSD,1.16410000
2025-08-07,GBPUSD,1.34340000
2025-08-07,JPYUSD,0.00678656
2025-08-08,AUDUSD,0.65280000
2025-08-08,CHFUSD,1.23869689
2025-08-08,EURUSD,1.16600000
2025-08-08,GBPUSD,1.34440000
2025-08-08,JPYUSD,0.00677048
2025-08-11,AUDUSD,0.65120000
2025-08-11,CHFUSD,1.23061777
2025-08-11,EURUSD,1.16070000
2025-08-11,GBPUSD,1.34140000
2025-08-11,JPYUSD,0.00675721
2025-08-12,AUDUSD,0.65320000
2025-08-12,CHFUSD,1.23747061
2025-08-12,EURUSD,1.16730000
2025-08-12,GBPUSD,1.35090000
2025-08-12,JPYUSD,0.00676590
2025-08-13,AUDUSD,0.65460000
2025-08-13,CHFUSD,1.24331717
2025-08-13,EURUSD,1.17150000
2025-08-13,GBPUSD,1.35720000
2025-08-13,JPYUSD,0.00679117
2025-08-14,AUDUSD,0.64900000
2025-08-14,CHFUSD,1.23793018
2025-08-14,EURUSD,1.16440000
2025-08-14,GBPUSD,1.35320000
2025-08-14,JPYUSD,0.00677094
2025-08-15,AUDUSD,0.65150000
2025-08-15,CHFUSD,1.24054088
2025-08-15,EURUSD,1.17080000
2025-08-15,GBPUSD,1.35650000
2025-08-15,JPYUSD,0.00680272
2025-08-18,AUDUSD,0.64940000
2025-08-18,CHFUSD,1.23946455
2025-08-18,EURUSD,1.16670000
2025-08-18,GBPUSD,1.35210000
2025-08-18,JPYUSD,0.00676773
2025-08-19,AUDUSD,0.64590000
2025-08-19,CHFUSD,1.23915737
2025-08-19,EURUSD,1.16600000
2025-08-19,GBPUSD,1.34960000
2025-08-19,JPYUSD,0.00676956
2025-08-20,AUDUSD,0.64280000
2025-08-20,CHFUSD,1.24316261
2025-08-20,EURUSD,1.16490000
2025-08-20,GBPUSD,1.34500000
2025-08-20,JPYUSD,0.00679394
2025-08-21,AUDUSD,0.64210000
2025-08-21,CHFUSD,1.23685838
2025-08-21,EURUSD,1.16050000
2025-08-21,GBPUSD,1.34170000
2025-08-21,JPYUSD,0.00674082
2025-08-22,AUDUSD,0.64850000
2025-08-22,CHFUSD,1.24750499
2025-08-22,EURUSD,1.17130000
2025-08-22,GBPUSD,1.35280000
2025-08-22,JPYUSD,0.00681106
2025-08-25,AUDUSD,0.65000000
2025-08-25,CHFUSD,1.24470998
2025-08-25,EURUSD,1.16700000
2025-08-25,GBPUSD,1.34910000
2025-08-25,JPYUSD,0.00677461
2025-08-26,AUDUSD,0.65000000
2025-08-26,CHFUSD,1.24517495
2025-08-26,EURUSD,1.16570000
2025-08-26,GBPUSD,1.34850000
2025-08-26,JPYUSD,0.00678887
2025-08-27,AUDUSD,0.64960000
2025-08-27,CHFUSD,1.24424537
2025-08-27,EURUSD,1.16110000
2025-08-27,GBPUSD,1.34680000
2025-08-27,JPYUSD,0.00676819
2025-08-28,AUDUSD,0.65320000
2025-08-28,CHFUSD,1.24734938
2025-08-28,EURUSD,1.16720000
2025-08-28,GBPUSD,1.35160000
2025-08-28,JPYUSD,0.00680365
2025-08-29,AUDUSD,0.65450000
2025-08-29,CHFUSD,1.25062531
2025-08-29,EURUSD,1.16950000
2025-08-29,GBPUSD,1.35110000
2025-08-29,JPYUSD,0.00680735
2025-09-02,AUDUSD,0.65160000
2025-09-02,CHFUSD,1.24486493
2025-09-02,EURUSD,1.16530000
2025-09-02,GBPUSD,1.33920000
2025-09-02,JPYUSD,0.00674627
2025-09-03,AUDUSD,0.65500000
2025-09-03,CHFUSD,1.24501992
2025-09-03,EURUSD,1.16760000
2025-09-03,GBPUSD,1.34480000
2025-09-03,JPYUSD,0.00675813
2025-09-04,AUDUSD,0.65140000
2025-09-04,CHFUSD,1.24084874
2025-09-04,EURUSD,1.16480000
2025-09-04,GBPUSD,1.34410000
2025-09-04,JPYUSD,0.00672812
2025-09-05,AUDUSD,0.65700000
2025-09-05,CHFUSD,1.25659713
2025-09-05,EURUSD,1.17590000
2025-09-05,GBPUSD,1.35430000
2025-09-05,JPYUSD,0.00681013
2025-09-08,AUDUSD,0.65920000
2025-09-08,CHFUSD,1.26023945
2025-09-08,EURUSD,1.17510000
2025-09-08,GBPUSD,1.35500000
2025-09-08,JPYUSD,0.00677599
2025-09-09,AUDUSD,0.65930000
2025-09-09,CHFUSD,1.25612360
2025-09-09,EURUSD,1.17230000
2025-09-09,GBPUSD,1.35330000
2025-09-09,JPYUSD,0.00679209
2025-09-10,AUDUSD,0.66260000
2025-09-10,CHFUSD,1.25328989
2025-09-10,EURUSD,1.17140000
2025-09-10,GBPUSD,1.35480000
2025-09-10,JPYUSD,0.00678564
2025-09-11,AUDUSD,0.66580000
2025-09-11,CHFUSD,1.25612360
2025-09-11,EURUSD,1.17320000
2025-09-11,GBPUSD,1.35680000
2025-09-11,JPYUSD,0.00679486
2025-09-12,AUDUSD,0.66360000
2025-09-12,CHFUSD,1.25391850
2025-09-12,EURUSD,1.17140000
2025-09-12,GBPUSD,1.35470000
2025-09-12,JPYUSD,0.00676361
2025-09-15,AUDUSD,0.66710000
2025-09-15,CHFUSD,1.25976316
2025-09-15,EURUSD,1.17720000
2025-09-15,GBPUSD,1.36090000
2025-09-15,JPYUSD,0.00679025
2025-09-16,AUDUSD,0.66780000
2025-09-16,CHFUSD,1.26951885
2025-09-16,EURUSD,1.18480000
2025-09-16,GBPUSD,1.36540000
2025-09-16,JPYUSD,0.00682314
2025-09-17,AUDUSD,0.66680000
2025-09-17,CHFUSD,1.27048660
2025-09-17,EURUSD,1.18450000
2025-09-17,GBPUSD,1.36610000
2025-09-17,JPYUSD,0.00683247
2025-09-18,AUDUSD,0.66130000
2025-09-18,CHFUSD,1.26151129
2025-09-18,EURUSD,1.17800000
2025-09-18,GBPUSD,1.35520000
2025-09-18,JPYUSD,0.00675584
2025-09-19,AUDUSD,0.65970000
2025-09-19,CHFUSD,1.25801988
2025-09-19,EURUSD,1.17530000
2025-09-19,GBPUSD,1.34840000
2025-09-19,JPYUSD,0.00676453
2025-09-22,AUDUSD,0.65910000
2025-09-22,CHFUSD,1.26023945
2025-09-22,EURUSD,1.17730000
2025-09-22,GBPUSD,1.35050000
2025-09-22,JPYUSD,0.00676453
2025-09-23,AUDUSD,0.66010000
2025-09-23,CHFUSD,1.26230750
2025-09-23,EURUSD,1.18000000
2025-09-23,GBPUSD,1.35180000
2025-09-23,JPYUSD,0.00676453
2025-09-24,AUDUSD,0.65870000
2025-09-24,CHFUSD,1.25770343
2025-09-24,EURUSD,1.17420000
2025-09-24,GBPUSD,1.34500000
2025-09-24,JPYUSD,0.00672450
2025-09-25,AUDUSD,0.65500000
2025-09-25,CHFUSD,1.24906320
2025-09-25,EURUSD,1.16730000
2025-09-25,GBPUSD,1.33510000
2025-09-25,JPYUSD,0.00667646
2025-09-26,AUDUSD,0.65460000
2025-09-26,CHFUSD,1.25234815
2025-09-26,EURUSD,1.16920000
2025-09-26,GBPUSD,1.34040000
2025-09-26,JPYUSD,0.00668807
2025-09-29,AUDUSD,0.65780000
2025-09-29,CHFUSD,1.25470514
2025-09-29,EURUSD,1.17300000
2025-09-29,GBPUSD,1.34330000
2025-09-29,JPYUSD,0.00673083
2025-09-30,AUDUSD,0.66140000
2025-09-30,CHFUSD,1.25533517
2025-09-30,EURUSD,1.17350000
2025-09-30,GBPUSD,1.34430000
2025-09-30,JPYUSD,0.00675813
2025-10-01,AUDUSD,0.66050000
2025-10-01,CHFUSD,1.25250501
2025-10-01,EURUSD,1.17230000
2025-10-01,GBPUSD,1.34740000
2025-10-01,JPYUSD,0.00679532
2025-10-02,AUDUSD,0.65880000
2025-10-02,CHFUSD,1.25093820
2025-10-02,EURUSD,1.16960000
2025-10-02,GBPUSD,1.34230000
2025-10-02,JPYUSD,0.00678656
2025-10-03,AUDUSD,0.66150000
2025-10-03,CHFUSD,1.25801988
2025-10-03,EURUSD,1.17470000
2025-10-03,GBPUSD,1.34810000
2025-10-03,JPYUSD,0.00678748
2025-10-06,AUDUSD,0.66200000
2025-10-06,CHFUSD,1.25722907
2025-10-06,EURUSD,1.17070000
2025-10-06,GBPUSD,1.34760000
2025-10-06,JPYUSD,0.00666578
2025-10-07,AUDUSD,0.65870000
2025-10-07,CHFUSD,1.25470514
2025-10-07,EURUSD,1.16740000
2025-10-07,GBPUSD,1.34410000
2025-10-07,JPYUSD,0.00661507
2025-10-08,AUDUSD,0.65820000
2025-10-08,CHFUSD,1.24688279
2025-10-08,EURUSD,1.16060000
2025-10-08,GBPUSD,1.33900000
2025-10-08,JPYUSD,0.00654793
2025-10-09,AUDUSD,0.65560000
2025-10-09,CHFUSD,1.24084874
2025-10-09,EURUSD,1.15590000
2025-10-09,GBPUSD,1.33120000
2025-10-09,JPYUSD,0.00653381
2025-10-10,AUDUSD,0.64950000
2025-10-10,CHFUSD,1.24766064
2025-10-10,EURUSD,1.16130000
2025-10-10,GBPUSD,1.33430000
2025-10-10,JPYUSD,0.00658155
2025-10-14,AUDUSD,0.64920000
2025-10-14,CHFUSD,1.24843945
2025-10-14,EURUSD,1.16080000
2025-10-14,GBPUSD,1.33210000
2025-10-14,JPYUSD,0.00658892
2025-10-15,AUDUSD,0.65140000
2025-10-15,CHFUSD,1.25439037
2025-10-15,EURUSD,1.16380000
2025-10-15,GBPUSD,1.33960000
2025-10-15,JPYUSD,0.00661332
2025-10-16,AUDUSD,0.64920000
2025-10-16,CHFUSD,1.25675506
2025-10-16,EURUSD,1.16650000
2025-10-16,GBPUSD,1.34250000
2025-10-16,JPYUSD,0.00663350
2025-10-17,AUDUSD,0.64860000
2025-10-17,CHFUSD,1.26278571
2025-10-17,EURUSD,1.16740000
2025-10-17,GBPUSD,1.34250000
2025-10-17,JPYUSD,0.00665203
2025-10-20,AUDUSD,0.65170000
2025-10-20,CHFUSD,1.26294519
2025-10-20,EURUSD,1.16560000
2025-10-20,GBPUSD,1.34200000
2025-10-20,JPYUSD,0.00664055
2025-10-21,AUDUSD,0.64990000
2025-10-21,CHFUSD,1.25786164
2025-10-21,EURUSD,1.16160000
2025-10-21,GBPUSD,1.33910000
2025-10-21,JPYUSD,0.00659109
2025-10-22,AUDUSD,0.65020000
2025-10-22,CHFUSD,1.25659713
2025-10-22,EURUSD,1.16120000
2025-10-22,GBPUSD,1.33720000
2025-10-22,JPYUSD,0.00658805
2025-10-23,AUDUSD,0.65160000
2025-10-23,CHFUSD,1.25691302
2025-10-23,EURUSD,1.16120000
2025-10-23,GBPUSD,1.33230000
2025-10-23,JPYUSD,0.00654793
2025-10-24,AUDUSD,0.65110000
2025-10-24,CHFUSD,1.25659713
2025-10-24,EURUSD,1.16260000
2025-10-24,GBPUSD,1.32980000
2025-10-24,JPYUSD,0.00654365
2025-10-27,AUDUSD,0.65540000
2025-10-27,CHFUSD,1.25549278
2025-10-27,EURUSD,1.16360000
2025-10-27,GBPUSD,1.33310000
2025-10-27,JPYUSD,0.00653211
2025-10-28,AUDUSD,0.65850000
2025-10-28,CHFUSD,1.26151129
2025-10-28,EURUSD,1.16590000
2025-10-28,GBPUSD,1.32800000
2025-10-28,JPYUSD,0.00657289
2025-10-29,AUDUSD,0.66130000
2025-10-29,CHFUSD,1.25659713
2025-10-29,EURUSD,1.16640000
2025-10-29,GBPUSD,1.32430000
2025-10-29,JPYUSD,0.00658285
2025-10-30,AUDUSD,0.65550000
2025-10-30,CHFUSD,1.24688279
2025-10-30,EURUSD,1.15640000
2025-10-30,GBPUSD,1.31470000
2025-10-30,JPYUSD,0.00648635
2025-10-31,AUDUSD,0.65460000
2025-10-31,CHFUSD,1.24579544
2025-10-31,EURUSD,1.15410000
2025-10-31,GBPUSD,1.31410000
2025-10-31,JPYUSD,0.00649140
2025-11-03,AUDUSD,0.65370000
2025-11-03,CHFUSD,1.23869689
2025-11-03,EURUSD,1.15310000
2025-11-03,GBPUSD,1.31500000
2025-11-03,JPYUSD,0.00648803
2025-11-04,AUDUSD,0.65020000
2025-11-04,CHFUSD,1.23594117
2025-11-04,EURUSD,1.14910000
2025-11-04,GBPUSD,1.30440000
2025-11-04,JPYUSD,0.00651254
2025-11-05,AUDUSD,0.65120000
2025-11-05,CHFUSD,1.23350191
2025-11-05,EURUSD,1.14850000
2025-11-05,GBPUSD,1.30510000
2025-11-05,JPYUSD,0.00648887
2025-11-06,AUDUSD,0.64680000
2025-11-06,CHFUSD,1.23931094
2025-11-06,EURUSD,1.15390000
2025-11-06,GBPUSD,1.31070000
2025-11-06,JPYUSD,0.00653723
2025-11-07,AUDUSD,0.64760000
2025-11-07,CHFUSD,1.24378109
2025-11-07,EURUSD,1.15780000
2025-11-07,GBPUSD,1.31650000
2025-11-07,JPYUSD,0.00653339
2025-11-10,AUDUSD,0.65220000
2025-11-10,CHFUSD,1.24038700
2025-11-10,EURUSD,1.15450000
2025-11-10,GBPUSD,1.31570000
2025-11-10,JPYUSD,0.00649393
2025-11-12,AUDUSD,0.65410000
2025-11-12,CHFUSD,1.25439037
2025-11-12,EURUSD,1.15920000
2025-11-12,GBPUSD,1.31310000
2025-11-12,JPYUSD,0.00646663
2025-11-13,AUDUSD,0.65530000
2025-11-13,CHFUSD,1.26310471
2025-11-13,EURUSD,1.16490000
2025-11-13,GBPUSD,1.32140000
2025-11-13,JPYUSD,0.00647668
2025-11-14,AUDUSD,0.65490000
2025-11-14,CHFUSD,1.26055717
2025-11-14,EURUSD,1.16170000
2025-11-14,GBPUSD,1.31560000
2025-11-14,JPYUSD,0.00646663
2025-11-17,AUDUSD,0.65160000
2025-11-17,CHFUSD,1.25691302
2025-11-17,EURUSD,1.15980000
2025-11-17,GBPUSD,1.31790000
2025-11-17,JPYUSD,0.00644330
2025-11-18,AUDUSD,0.65050000
2025-11-18,CHFUSD,1.25062531
2025-11-18,EURUSD,1.15790000
2025-11-18,GBPUSD,1.31520000
2025-11-18,JPYUSD,0.00643335
2025-11-19,AUDUSD,0.64680000
2025-11-19,CHFUSD,1.24285359
2025-11-19,EURUSD,1.15400000
2025-11-19,GBPUSD,1.30770000
2025-11-19,JPYUSD,0.00638447
2025-11-20,AUDUSD,0.64480000
2025-11-20,CHFUSD,1.24161907
2025-11-20,EURUSD,1.15340000
2025-11-20,GBPUSD,1.30790000
2025-11-20,JPYUSD,0.00635284
2025-11-21,AUDUSD,0.64570000
2025-11-21,CHFUSD,1.23655249
2025-11-21,EURUSD,1.15060000
2025-11-21,GBPUSD,1.31000000
2025-11-21,JPYUSD,0.00638651
2025-11-24,AUDUSD,0.64560000
2025-11-24,CHFUSD,1.23701138
2025-11-24,EURUSD,1.15180000
2025-11-24,GBPUSD,1.30960000
2025-11-24,JPYUSD,0.00637186
2025-11-25,AUDUSD,0.64530000
2025-11-25,CHFUSD,1.23594117
2025-11-25,EURUSD,1.15530000
2025-11-25,GBPUSD,1.31740000
2025-11-25,JPYUSD,0.00639795
2025-11-26,AUDUSD,0.65160000
2025-11-26,CHFUSD,1.24254473
2025-11-26,EURUSD,1.15910000
2025-11-26,GBPUSD,1.32280000
2025-11-26,JPYUSD,0.00639468
2025-11-28,AUDUSD,0.65520000
2025-11-28,CHFUSD,1.24440020
2025-11-28,EURUSD,1.16000000
2025-11-28,GBPUSD,1.32390000
2025-11-28,JPYUSD,0.00640328
2025-12-01,AUDUSD,0.65540000
2025-12-01,CHFUSD,1.24455507
2025-12-01,EURUSD,1.16230000
2025-12-01,GBPUSD,1.32290000
2025-12-01,JPYUSD,0.00643998
2025-12-02,AUDUSD,0.65560000
2025-12-02,CHFUSD,1.24285359
2025-12-02,EURUSD,1.15960000
2025-12-02,GBPUSD,1.31860000
2025-12-02,JPYUSD,0.00641355
2025-12-03,AUDUSD,0.65920000
2025-12-03,CHFUSD,1.24937531
2025-12-03,EURUSD,1.16600000
2025-12-03,GBPUSD,1.33340000
2025-12-03,JPYUSD,0.00644454
2025-12-04,AUDUSD,0.66190000
2025-12-04,CHFUSD,1.24657193
2025-12-04,EURUSD,1.16590000
2025-12-04,GBPUSD,1.33550000
2025-12-04,JPYUSD,0.00645578
2025-12-05,AUDUSD,0.66350000
2025-12-05,CHFUSD,1.24223602
2025-12-05,EURUSD,1.16350000
2025-12-05,GBPUSD,1.33240000
2025-12-05,JPYUSD,0.00643915
2025-12-08,AUDUSD,0.66220000
2025-12-08,CHFUSD,1.23793018
2025-12-08,EURUSD,1.16260000
2025-12-08,GBPUSD,1.33210000
2025-12-08,JPYUSD,0.00641478
2025-12-09,AUDUSD,0.66530000
2025-12-09,CHFUSD,1.24054088
2025-12-09,EURUSD,1.16390000
2025-12-09,GBPUSD,1.33200000
2025-12-09,JPYUSD,0.00637552
2025-12-10,AUDUSD,0.66420000
2025-12-10,CHFUSD,1.24579544
2025-12-10,EURUSD,1.16500000
2025-12-10,GBPUSD,1.33400000
2025-12-10,JPYUSD,0.00639672
2025-12-11,AUDUSD,0.66710000
2025-12-11,CHFUSD,1.26071609
2025-12-11,EURUSD,1.17560000
2025-12-11,GBPUSD,1.34280000
2025-12-11,JPYUSD,0.00644538
2025-12-12,AUDUSD,0.66400000
2025-12-12,CHFUSD,1.25628141
2025-12-12,EURUSD,1.17310000
2025-12-12,GBPUSD,1.33510000
2025-12-12,JPYUSD,0.00641807
2025-12-15,AUDUSD,0.66430000
2025-12-15,CHFUSD,1.25580811
2025-12-15,EURUSD,1.17560000
2025-12-15,GBPUSD,1.33800000
2025-12-15,JPYUSD,0.00643956
2025-12-16,AUDUSD,0.66370000
2025-12-16,CHFUSD,1.25801988
2025-12-16,EURUSD,1.17700000
2025-12-16,GBPUSD,1.34290000
2025-12-16,JPYUSD,0.00645995
2025-12-17,AUDUSD,0.66080000
2025-12-17,CHFUSD,1.25817816
2025-12-17,EURUSD,1.17480000
2025-12-17,GBPUSD,1.33900000
2025-12-17,JPYUSD,0.00642674
2025-12-18,AUDUSD,0.66190000
2025-12-18,CHFUSD,1.25912868
2025-12-18,EURUSD,1.17290000
2025-12-18,GBPUSD,1.33890000
2025-12-18,JPYUSD,0.00642963
2025-12-19,AUDUSD,0.66170000
2025-12-19,CHFUSD,1.25786164
2025-12-19,EURUSD,1.17210000
2025-12-19,GBPUSD,1.33790000
2025-12-19,JPYUSD,0.00635203
2025-12-22,AUDUSD,0.66570000
2025-12-22,CHFUSD,1.26182965
2025-12-22,EURUSD,1.17500000
2025-12-22,GBPUSD,1.34570000
2025-12-22,JPYUSD,0.00637227
2025-12-23,AUDUSD,0.66940000
2025-12-23,CHFUSD,1.26630366
2025-12-23,EURUSD,1.17760000
2025-12-23,GBPUSD,1.34850000
2025-12-23,JPYUSD,0.00639672
2025-12-24,AUDUSD,0.67070000
2025-12-24,CHFUSD,1.26790922
2025-12-24,EURUSD,1.17800000
2025-12-24,GBPUSD,1.35050000
2025-12-24,JPYUSD,0.00641725
2025-12-26,AUDUSD,0.67100000
2025-12-26,CHFUSD,1.26582278
2025-12-26,EURUSD,1.17660000
2025-12-26,GBPUSD,1.34920000
2025-12-26,JPYUSD,0.00638447
2025-12-29,AUDUSD,0.66900000
2025-12-29,CHFUSD,1.26598304
2025-12-29,EURUSD,1.17560000
2025-12-29,GBPUSD,1.34970000
2025-12-29,JPYUSD,0.00640615
2025-12-30,AUDUSD,0.67030000
2025-12-30,CHFUSD,1.26470216
2025-12-30,EURUSD,1.17650000
2025-12-30,GBPUSD,1.34800000
2025-12-30,JPYUSD,0.00639959
2025-12-31,AUDUSD,0.66690000
2025-12-31,CHFUSD,1.26008065
2025-12-31,EURUSD,1.17360000
2025-12-31,GBPUSD,1.34470000
2025-12-31,JPYUSD,0.00637755
2026-01-02,AUDUSD,0.66840000
2026-01-02,CHFUSD,1.26294519
2026-01-02,EURUSD,1.17380000
2026-01-02,GBPUSD,1.34810000
2026-01-02,JPYUSD,0.00638081
2026-01-05,AUDUSD,0.67180000
2026-01-05,CHFUSD,1.26198889
2026-01-05,EURUSD,1.17150000
2026-01-05,GBPUSD,1.35270000
2026-01-05,JPYUSD,0.00639713
2026-01-06,AUDUSD,0.67320000
2026-01-06,CHFUSD,1.25722907
2026-01-06,EURUSD,1.16890000
2026-01-06,GBPUSD,1.34970000
2026-01-06,JPYUSD,0.00638162
2026-01-07,AUDUSD,0.67280000
2026-01-07,CHFUSD,1.25517761
2026-01-07,EURUSD,1.16900000
2026-01-07,GBPUSD,1.34740000
2026-01-07,JPYUSD,0.00638040
2026-01-08,AUDUSD,0.66940000
2026-01-08,CHFUSD,1.25109471
2026-01-08,EURUSD,1.16550000
2026-01-08,GBPUSD,1.34300000
2026-01-08,JPYUSD,0.00637349
2026-01-09,AUDUSD,0.66840000
2026-01-09,CHFUSD,1.24812781
2026-01-09,EURUSD,1.16340000
2026-01-09,GBPUSD,1.34130000
2026-01-09,JPYUSD,0.00632631
2026-01-12,AUDUSD,0.67160000
2026-01-12,CHFUSD,1.25439037
2026-01-12,EURUSD,1.16720000
2026-01-12,GBPUSD,1.34660000
2026-01-12,JPYUSD,0.00632311
2026-01-13,AUDUSD,0.66840000
2026-01-13,CHFUSD,1.24921924
2026-01-13,EURUSD,1.16460000
2026-01-13,GBPUSD,1.34360000
2026-01-13,JPYUSD,0.00628694
2026-01-14,AUDUSD,0.66790000
2026-01-14,CHFUSD,1.25203456
2026-01-14,EURUSD,1.16550000
2026-01-14,GBPUSD,1.34450000
2026-01-14,JPYUSD,0.00632391
2026-01-15,AUDUSD,0.67050000
2026-01-15,CHFUSD,1.24533001
2026-01-15,EURUSD,1.16050000
2026-01-15,GBPUSD,1.33870000
2026-01-15,JPYUSD,0.00630915
2026-01-16,AUDUSD,0.66820000
2026-01-16,CHFUSD,1.24595066
2026-01-16,EURUSD,1.15990000
2026-01-16,GBPUSD,1.33840000
2026-01-16,JPYUSD,0.00632831
2026-01-20,AUDUSD,0.67430000
2026-01-20,CHFUSD,1.26726651
2026-01-20,EURUSD,1.17390000
2026-01-20,GBPUSD,1.34720000
2026-01-20,JPYUSD,0.00633352
2026-01-21,AUDUSD,0.67650000
2026-01-21,CHFUSD,1.26119309
2026-01-21,EURUSD,1.17050000
2026-01-21,GBPUSD,1.34300000
2026-01-21,JPYUSD,0.00632271
2026-01-22,AUDUSD,0.68340000
2026-01-22,CHFUSD,1.26502214
2026-01-22,EURUSD,1.17380000
2026-01-22,GBPUSD,1.34890000
2026-01-22,JPYUSD,0.00631473
2026-01-23,AUDUSD,0.68780000
2026-01-23,CHFUSD,1.26919660
2026-01-23,EURUSD,1.17710000
2026-01-23,GBPUSD,1.35900000
2026-01-23,JPYUSD,0.00634639
2026-01-26,AUDUSD,0.69330000
2026-01-26,CHFUSD,1.28982329
2026-01-26,EURUSD,1.18860000
2026-01-26,GBPUSD,1.36990000
2026-01-26,JPYUSD,0.00649857
2026-01-27,AUDUSD,0.69780000
2026-01-27,CHFUSD,1.30446126
2026-01-27,EURUSD,1.19800000
2026-01-27,GBPUSD,1.37820000
2026-01-27,JPYUSD,0.00653467
2026-01-28,AUDUSD,0.69930000
2026-01-28,CHFUSD,1.29971406
2026-01-28,EURUSD,1.19410000
2026-01-28,GBPUSD,1.37870000
2026-01-28,JPYUSD,0.00651042
2026-01-29,AUDUSD,0.70100000
2026-01-29,CHFUSD,1.30310138
2026-01-29,EURUSD,1.19430000
2026-01-29,GBPUSD,1.37950000
2026-01-29,JPYUSD,0.00654108
2026-01-30,AUDUSD,0.69950000
2026-01-30,CHFUSD,1.29701686
2026-01-30,EURUSD,1.18850000
2026-01-30,GBPUSD,1.37290000
2026-01-30,JPYUSD,0.00647920
2026-02-02,AUDUSD,0.69600000
2026-02-02,CHFUSD,1.28254457
2026-02-02,EURUSD,1.18070000
2026-02-02,GBPUSD,1.36540000
2026-02-02,JPYUSD,0.00643087
2026-02-03,AUDUSD,0.70190000
2026-02-03,CHFUSD,1.29048910
2026-02-03,EURUSD,1.18190000
2026-02-03,GBPUSD,1.37010000
2026-02-03,JPYUSD,0.00642261
2026-02-04,AUDUSD,0.69960000
2026-02-04,CHFUSD,1.28749839
2026-02-04,EURUSD,1.18030000
2026-02-04,GBPUSD,1.36590000
2026-02-04,JPYUSD,0.00638529
2026-02-05,AUDUSD,0.69740000
2026-02-05,CHFUSD,1.28667010
2026-02-05,EURUSD,1.18020000
2026-02-05,GBPUSD,1.35510000
2026-02-05,JPYUSD,0.00637308
2026-02-06,AUDUSD,0.70140000
2026-02-06,CHFUSD,1.28899201
2026-02-06,EURUSD,1.18120000
2026-02-06,GBPUSD,1.36060000
2026-02-06,JPYUSD,0.00636537
2026-02-09,AUDUSD,0.70870000
2026-02-09,CHFUSD,1.30225290
2026-02-09,EURUSD,1.18980000
2026-02-09,GBPUSD,1.36670000
2026-02-09,JPYUSD,0.00640697
2026-02-10,AUDUSD,0.70720000
2026-02-10,CHFUSD,1.30412102
2026-02-10,EURUSD,1.18980000
2026-02-10,GBPUSD,1.36640000
2026-02-10,JPYUSD,0.00648172
2026-02-11,AUDUSD,0.71290000
2026-02-11,CHFUSD,1.29870130
2026-02-11,EURUSD,1.18840000
2026-02-11,GBPUSD,1.36540000
2026-02-11,JPYUSD,0.00653894
2026-02-12,AUDUSD,0.70970000
2026-02-12,CHFUSD,1.29988301
2026-02-12,EURUSD,1.18700000
2026-02-12,GBPUSD,1.36320000
2026-02-12,JPYUSD,0.00655136
2026-02-13,AUDUSD,0.70680000
2026-02-13,CHFUSD,1.30123617
2026-02-13,EURUSD,1.18700000
2026-02-13,GBPUSD,1.36440000
2026-02-13,JPYUSD,0.00654579
2026-02-17,AUDUSD,0.70640000
2026-02-17,CHFUSD,1.29567245
2026-02-17,EURUSD,1.18310000
2026-02-17,GBPUSD,1.35400000
2026-02-17,JPYUSD,0.00651169
2026-02-18,AUDUSD,0.70650000
2026-02-18,CHFUSD,1.29483361
2026-02-18,EURUSD,1.18100000
2026-02-18,GBPUSD,1.35360000
2026-02-18,JPYUSD,0.00647459
2026-02-19,AUDUSD,0.70500000
2026-02-19,CHFUSD,1.28899201
2026-02-19,EURUSD,1.17620000
2026-02-19,GBPUSD,1.34460000
2026-02-19,JPYUSD,0.00645328
2026-02-20,AUDUSD,0.70820000
2026-02-20,CHFUSD,1.28932439
2026-02-20,EURUSD,1.17810000
2026-02-20,GBPUSD,1.35000000
2026-02-20,JPYUSD,0.00645203
2026-02-23,AUDUSD,0.70610000
2026-02-23,CHFUSD,1.29299198
2026-02-23,EURUSD,1.18040000
2026-02-23,GBPUSD,1.35090000
2026-02-23,JPYUSD,0.00648088
2026-02-24,AUDUSD,0.70670000
2026-02-24,CHFUSD,1.29299198
2026-02-24,EURUSD,1.17890000
2026-02-24,GBPUSD,1.35310000
2026-02-24,JPYUSD,0.00642426
2026-02-25,AUDUSD,0.71160000
2026-02-25,CHFUSD,1.29399586
2026-02-25,EURUSD,1.18040000
2026-02-25,GBPUSD,1.35520000
2026-02-25,JPYUSD,0.00639795
2026-02-26,AUDUSD,0.70920000
2026-02-26,CHFUSD,1.29232360
2026-02-26,EURUSD,1.17920000
2026-02-26,GBPUSD,1.35040000
2026-02-26,JPYUSD,0.00640492
2026-02-27,AUDUSD,0.71210000
2026-02-27,CHFUSD,1.30106687
2026-02-27,EURUSD,1.18220000
2026-02-27,GBPUSD,1.34550000
2026-02-27,JPYUSD,0.00640820
2026-03-02,AUDUSD,0.70670000
2026-03-02,CHFUSD,1.28254457
2026-03-02,EURUSD,1.16900000
2026-03-02,GBPUSD,1.33930000
2026-03-02,JPYUSD,0.00635001
2026-03-03,AUDUSD,0.70260000
2026-03-03,CHFUSD,1.27746551
2026-03-03,EURUSD,1.16040000
2026-03-03,GBPUSD,1.33300000
2026-03-03,JPYUSD,0.00634156
2026-03-04,AUDUSD,0.70720000
2026-03-04,CHFUSD,1.28238010
2026-03-04,EURUSD,1.16380000
2026-03-04,GBPUSD,1.33700000
2026-03-04,JPYUSD,0.00637227
2026-03-05,AUDUSD,0.70050000
2026-03-05,CHFUSD,1.27893593
2026-03-05,EURUSD,1.15850000
2026-03-05,GBPUSD,1.33200000
2026-03-05,JPYUSD,0.00634598
2026-03-06,AUDUSD,0.70220000
2026-03-06,CHFUSD,1.28567755
2026-03-06,EURUSD,1.16060000
2026-03-06,GBPUSD,1.33980000
2026-03-06,JPYUSD,0.00634357
2026-03-09,AUDUSD,0.70460000
2026-03-09,CHFUSD,1.28419160
2026-03-09,EURUSD,1.15920000
2026-03-09,GBPUSD,1.33950000
2026-03-09,JPYUSD,0.00632591
2026-03-10,AUDUSD,0.71500000
2026-03-10,CHFUSD,1.28982329
2026-03-10,EURUSD,1.16480000
2026-03-10,GBPUSD,1.34600000
2026-03-10,JPYUSD,0.00634518
2026-03-11,AUDUSD,0.71500000
2026-03-11,CHFUSD,1.28106585
2026-03-11,EURUSD,1.15660000
2026-03-11,GBPUSD,1.33990000
2026-03-11,JPYUSD,0.00629604
2026-03-12,AUDUSD,0.70890000
2026-03-12,CHFUSD,1.27485977
2026-03-12,EURUSD,1.15220000
2026-03-12,GBPUSD,1.33500000
2026-03-12,JPYUSD,0.00628101
2026-03-13,AUDUSD,0.70040000
2026-03-13,CHFUSD,1.26614333
2026-03-13,EURUSD,1.14440000
2026-03-13,GBPUSD,1.32400000
2026-03-13,JPYUSD,0.00626802
2026-03-16,AUDUSD,0.70550000
2026-03-16,CHFUSD,1.26790922
2026-03-16,EURUSD,1.14870000
2026-03-16,GBPUSD,1.33020000
2026-03-16,JPYUSD,0.00627746
2026-03-17,AUDUSD,0.71000000
2026-03-17,CHFUSD,1.27275041
2026-03-17,EURUSD,1.15250000
2026-03-17,GBPUSD,1.33450000
2026-03-17,JPYUSD,0.00628812
2026-03-18,AUDUSD,0.70780000
2026-03-18,CHFUSD,1.26710593
2026-03-18,EURUSD,1.15130000
2026-03-18,GBPUSD,1.33230000
2026-03-18,JPYUSD,0.00627038
2026-03-19,AUDUSD,0.70360000
2026-03-19,CHFUSD,1.26198889
2026-03-19,EURUSD,1.15150000
2026-03-19,GBPUSD,1.33610000
2026-03-19,JPYUSD,0.00632151
2026-03-20,AUDUSD,0.70330000
2026-03-20,CHFUSD,1.26742712
2026-03-20,EURUSD,1.15430000
2026-03-20,GBPUSD,1.33030000
2026-03-20,JPYUSD,0.00627904
2026-03-23,AUDUSD,0.69950000
2026-03-23,CHFUSD,1.26935771
2026-03-23,EURUSD,1.15870000
2026-03-23,GBPUSD,1.33850000
2026-03-23,JPYUSD,0.00630120
2026-03-24,AUDUSD,0.69650000
2026-03-24,CHFUSD,1.26358352
2026-03-24,EURUSD,1.15780000
2026-03-24,GBPUSD,1.33830000
2026-03-24,JPYUSD,0.00629327
2026-03-25,AUDUSD,0.69620000
2026-03-25,CHFUSD,1.26294519
2026-03-25,EURUSD,1.15700000
2026-03-25,GBPUSD,1.33730000
2026-03-25,JPYUSD,0.00628141
2026-03-26,AUDUSD,0.69130000
2026-03-26,CHFUSD,1.26023945
2026-03-26,EURUSD,1.15420000
2026-03-26,GBPUSD,1.33530000
2026-03-26,JPYUSD,0.00626370
2026-03-27,AUDUSD,0.68900000
2026-03-27,CHFUSD,1.25470514
2026-03-27,EURUSD,1.15200000
2026-03-27,GBPUSD,1.32930000
2026-03-27,JPYUSD,0.00624376
2026-03-30,AUDUSD,0.68580000
2026-03-30,CHFUSD,1.24984377
2026-03-30,EURUSD,1.14540000
2026-03-30,GBPUSD,1.31910000
2026-03-30,JPYUSD,0.00626999
2026-03-31,AUDUSD,0.68550000
2026-03-31,CHFUSD,1.24579544
2026-03-31,EURUSD,1.15180000
2026-03-31,GBPUSD,1.31840000
2026-03-31,JPYUSD,0.00628615
2026-04-01,AUDUSD,0.69440000
2026-04-01,CHFUSD,1.26055717
2026-04-01,EURUSD,1.16140000
2026-04-01,GBPUSD,1.33310000
2026-04-01,JPYUSD,0.00630398
2026-04-02,AUDUSD,0.69110000
2026-04-02,CHFUSD,1.25234815
2026-04-02,EURUSD,1.15460000
2026-04-02,GBPUSD,1.32410000
2026-04-02,JPYUSD,0.00627589
2026-04-03,AUDUSD,0.68940000
2026-04-03,CHFUSD,1.25015627
2026-04-03,EURUSD,1.15230000
2026-04-03,GBPUSD,1.32020000
2026-04-03,JPYUSD,0.00626409
2026-04-06,AUDUSD,0.69190000
2026-04-06,CHFUSD,1.25328989
2026-04-06,EURUSD,1.15450000
2026-04-06,GBPUSD,1.32350000
2026-04-06,JPYUSD,0.00626135
2026-04-07,AUDUSD,0.69440000
2026-04-07,CHFUSD,1.25046893
2026-04-07,EURUSD,1.15710000
2026-04-07,GBPUSD,1.32400000
2026-04-07,JPYUSD,0.00625391
2026-04-08,AUDUSD,0.70620000
2026-04-08,CHFUSD,1.26598304
2026-04-08,EURUSD,1.16860000
2026-04-08,GBPUSD,1.34390000
2026-04-08,JPYUSD,0.00631353
2026-04-09,AUDUSD,0.70860000
2026-04-09,CHFUSD,1.26758778
2026-04-09,EURUSD,1.17060000
2026-04-09,GBPUSD,1.34430000
2026-04-09,JPYUSD,0.00629445
2026-04-10,AUDUSD,0.70780000
2026-04-10,CHFUSD,1.26694539
2026-04-10,EURUSD,1.17230000
2026-04-10,GBPUSD,1.34600000
2026-04-10,JPYUSD,0.00628062
2026-04-13,AUDUSD,0.70630000
2026-04-13,CHFUSD,1.26968004
2026-04-13,EURUSD,1.17100000
2026-04-13,GBPUSD,1.34590000
2026-04-13,JPYUSD,0.00626017
2026-04-14,AUDUSD,0.71310000
2026-04-14,CHFUSD,1.28040973
2026-04-14,EURUSD,1.17910000
2026-04-14,GBPUSD,1.35630000
2026-04-14,JPYUSD,0.00629287
2026-04-15,AUDUSD,0.71610000
2026-04-15,CHFUSD,1.27959053
2026-04-15,EURUSD,1.17990000
2026-04-15,GBPUSD,1.35690000
2026-04-15,JPYUSD,0.00628852
2026-04-16,AUDUSD,0.71700000
2026-04-16,CHFUSD,1.27665007
2026-04-16,EURUSD,1.17830000
2026-04-16,GBPUSD,1.35400000
2026-04-16,JPYUSD,0.00628654
2026-04-17,AUDUSD,0.71920000
2026-04-17,CHFUSD,1.28287364
2026-04-17,EURUSD,1.18010000
2026-04-17,GBPUSD,1.35560000
2026-04-17,JPYUSD,0.00632511
2026-04-20,AUDUSD,0.71750000
2026-04-20,CHFUSD,1.28501671
2026-04-20,EURUSD,1.17850000
2026-04-20,GBPUSD,1.35420000
2026-04-20,JPYUSD,0.00630279
2026-04-21,AUDUSD,0.71640000
2026-04-21,CHFUSD,1.28205128
2026-04-21,EURUSD,1.17520000
2026-04-21,GBPUSD,1.35120000
2026-04-21,JPYUSD,0.00627392
2026-04-22,AUDUSD,0.71620000
2026-04-22,CHFUSD,1.27632419
2026-04-22,EURUSD,1.17140000
2026-04-22,GBPUSD,1.35050000
2026-04-22,JPYUSD,0.00626999
2026-04-23,AUDUSD,0.71560000
2026-04-23,CHFUSD,1.27502231
2026-04-23,EURUSD,1.17040000
2026-04-23,GBPUSD,1.34950000
2026-04-23,JPYUSD,0.00627195
2026-04-24,AUDUSD,0.71540000
2026-04-24,CHFUSD,1.27420999
2026-04-24,EURUSD,1.17180000
2026-04-24,GBPUSD,1.35180000
2026-04-24,JPYUSD,0.00627549
2026-04-27,AUDUSD,0.71930000
2026-04-27,CHFUSD,1.27469726
2026-04-27,EURUSD,1.17310000
2026-04-27,GBPUSD,1.35530000
2026-04-27,JPYUSD,0.00627786
2026-04-28,AUDUSD,0.71810000
2026-04-28,CHFUSD,1.26774848
2026-04-28,EURUSD,1.17150000
2026-04-28,GBPUSD,1.35130000
2026-04-28,JPYUSD,0.00626841
2026-04-29,AUDUSD,0.71300000
2026-04-29,CHFUSD,1.26550240
2026-04-29,EURUSD,1.16950000
2026-04-29,GBPUSD,1.34930000
2026-04-29,JPYUSD,0.00624103
2026-04-30,AUDUSD,0.71840000
2026-04-30,CHFUSD,1.27811861
2026-04-30,EURUSD,1.17290000
2026-04-30,GBPUSD,1.35800000
2026-04-30,JPYUSD,0.00638325
2026-05-01,AUDUSD,0.72190000
2026-05-01,CHFUSD,1.28270908
2026-05-01,EURUSD,1.17550000
2026-05-01,GBPUSD,1.36210000
2026-05-01,JPYUSD,0.00637918
2026-05-04,AUDUSD,0.71670000
2026-05-04,CHFUSD,1.27632419
2026-05-04,EURUSD,1.16980000
2026-05-04,GBPUSD,1.35350000
2026-05-04,JPYUSD,0.00636092
2026-05-05,AUDUSD,0.71960000
2026-05-05,CHFUSD,1.27844541
2026-05-05,EURUSD,1.17070000
2026-05-05,GBPUSD,1.35760000
2026-05-05,JPYUSD,0.00634196
2026-05-06,AUDUSD,0.72350000
2026-05-06,CHFUSD,1.28320287
2026-05-06,EURUSD,1.17530000
2026-05-06,GBPUSD,1.35970000
2026-05-06,JPYUSD,0.00639223
2026-05-07,AUDUSD,0.72410000
2026-05-07,CHFUSD,1.28584287
2026-05-07,EURUSD,1.17640000
2026-05-07,GBPUSD,1.36120000
2026-05-07,JPYUSD,0.00639059
2026-05-08,AUDUSD,0.72420000
2026-05-08,CHFUSD,1.28650457
2026-05-08,EURUSD,1.17730000
2026-05-08,GBPUSD,1.36250000
2026-05-08,JPYUSD,0.00638407
2026-05-11,AUDUSD,0.72590000
2026-05-11,CHFUSD,1.28650457
2026-05-11,EURUSD,1.17800000
2026-05-11,GBPUSD,1.36510000
2026-05-11,JPYUSD,0.00636780
2026-05-12,AUDUSD,0.72240000
2026-05-12,CHFUSD,1.27926314
2026-05-12,EURUSD,1.17330000
2026-05-12,GBPUSD,1.35280000
2026-05-12,JPYUSD,0.00634075
2026-05-13,AUDUSD,0.72630000
2026-05-13,CHFUSD,1.27795527
2026-05-13,EURUSD,1.17110000
2026-05-13,GBPUSD,1.35200000
2026-05-13,JPYUSD,0.00633553
2026-05-14,AUDUSD,0.72250000
2026-05-14,CHFUSD,1.27713921
2026-05-14,EURUSD,1.16780000
2026-05-14,GBPUSD,1.34800000
2026-05-14,JPYUSD,0.00632591
2026-05-15,AUDUSD,0.71510000
2026-05-15,CHFUSD,1.27097102
2026-05-15,EURUSD,1.16270000
2026-05-15,GBPUSD,1.33320000
2026-05-15,JPYUSD,0.00630159
2026-05-18,AUDUSD,0.71600000
2026-05-18,CHFUSD,1.27291242
2026-05-18,EURUSD,1.16490000
2026-05-18,GBPUSD,1.34200000
2026-05-18,JPYUSD,0.00629604
2026-05-19,AUDUSD,0.71010000
2026-05-19,CHFUSD,1.26630366
2026-05-19,EURUSD,1.16020000
2026-05-19,GBPUSD,1.34010000
2026-05-19,JPYUSD,0.00628496
2026-05-20,AUDUSD,0.71520000
2026-05-20,CHFUSD,1.26968004
2026-05-20,EURUSD,1.16200000
2026-05-20,GBPUSD,1.34410000
2026-05-20,JPYUSD,0.00629564
2026-05-21,AUDUSD,0.71340000
2026-05-21,CHFUSD,1.26694539
2026-05-21,EURUSD,1.15890000
2026-05-21,GBPUSD,1.34070000
2026-05-21,JPYUSD,0.00628299
2026-05-22,AUDUSD,0.71320000
2026-05-22,CHFUSD,1.27275041
2026-05-22,EURUSD,1.16030000
2026-05-22,GBPUSD,1.34390000
2026-05-22,JPYUSD,0.00628141
2026-05-26,AUDUSD,0.71620000
2026-05-26,CHFUSD,1.27226463
2026-05-26,EURUSD,1.16200000
2026-05-26,GBPUSD,1.34370000
2026-05-26,JPYUSD,0.00627510
2026-05-27,AUDUSD,0.71370000
2026-05-27,CHFUSD,1.27048660
2026-05-27,EURUSD,1.16310000
2026-05-27,GBPUSD,1.34310000
2026-05-27,JPYUSD,0.00627077
2026-05-28,AUDUSD,0.71590000
2026-05-28,CHFUSD,1.27469726
2026-05-28,EURUSD,1.16490000
2026-05-28,GBPUSD,1.34380000
2026-05-28,JPYUSD,0.00627786
2026-05-29,AUDUSD,0.71910000
2026-05-29,CHFUSD,1.28024581
2026-05-29,EURUSD,1.16790000
2026-05-29,GBPUSD,1.34760000
2026-05-29,JPYUSD,0.00628022
2026-06-01,AUDUSD,0.71530000
2026-06-01,CHFUSD,1.27097102
2026-06-01,EURUSD,1.16240000
2026-06-01,GBPUSD,1.34510000
2026-06-01,JPYUSD,0.00626331
2026-06-02,AUDUSD,0.71860000
2026-06-02,CHFUSD,1.27258844
2026-06-02,EURUSD,1.16420000
2026-06-02,GBPUSD,1.34810000
2026-06-02,JPYUSD,0.00625547
2026-06-03,AUDUSD,0.71390000
2026-06-03,CHFUSD,1.26454224
2026-06-03,EURUSD,1.16050000
2026-06-03,GBPUSD,1.34350000
2026-06-03,JPYUSD,0.00625117
2026-06-04,AUDUSD,0.71430000
2026-06-04,CHFUSD,1.26823082
2026-06-04,EURUSD,1.16290000
2026-06-04,GBPUSD,1.34410000
2026-06-04,JPYUSD,0.00625117
2026-06-05,AUDUSD,0.70600000
2026-06-05,CHFUSD,1.25707102
2026-06-05,EURUSD,1.15330000
2026-06-05,GBPUSD,1.33600000
2026-06-05,JPYUSD,0.00623986
2026-06-08,AUDUSD,0.70550000
2026-06-08,CHFUSD,1.25439037
2026-06-08,EURUSD,1.15450000
2026-06-08,GBPUSD,1.33470000
2026-06-08,JPYUSD,0.00624532
2026-06-09,AUDUSD,0.70280000
2026-06-09,CHFUSD,1.25454774
2026-06-09,EURUSD,1.15560000
2026-06-09,GBPUSD,1.33890000
2026-06-09,JPYUSD,0.00624103
2026-06-10,AUDUSD,0.70220000
2026-06-10,CHFUSD,1.25250501
2026-06-10,EURUSD,1.15500000
2026-06-10,GBPUSD,1.33920000
2026-06-10,JPYUSD,0.00623169
2026-06-11,AUDUSD,0.69950000
2026-06-11,CHFUSD,1.24890721
2026-06-11,EURUSD,1.15150000
2026-06-11,GBPUSD,1.33370000
2026-06-11,JPYUSD,0.00623014
2026-06-12,AUDUSD,0.70470000
2026-06-12,CHFUSD,1.25565043
2026-06-12,EURUSD,1.15730000
2026-06-12,GBPUSD,1.34140000
2026-06-12,JPYUSD,0.00624064
2026-06-15,AUDUSD,0.70810000
2026-06-15,CHFUSD,1.25992188
2026-06-15,EURUSD,1.15990000
2026-06-15,GBPUSD,1.34260000
2026-06-15,JPYUSD,0.00624220
2026-06-16,AUDUSD,0.70770000
2026-06-16,CHFUSD,1.26135217
2026-06-16,EURUSD,1.16150000
2026-06-16,GBPUSD,1.34380000
2026-06-16,JPYUSD,0.00623480
2026-06-17,AUDUSD,0.70730000
2026-06-17,CHFUSD,1.26103405
2026-06-17,EURUSD,1.15930000
2026-06-17,GBPUSD,1.34000000
2026-06-17,JPYUSD,0.00624142
2026-06-18,AUDUSD,0.70190000
2026-06-18,CHFUSD,1.24378109
2026-06-18,EURUSD,1.14700000
2026-06-18,GBPUSD,1.32280000
2026-06-18,JPYUSD,0.00619694
2026-06-22,AUDUSD,0.70000000
2026-06-22,CHFUSD,1.23594117
2026-06-22,EURUSD,1.14320000
2026-06-22,GBPUSD,1.32490000
2026-06-22,JPYUSD,0.00619157
2026-06-23,AUDUSD,0.69260000
2026-06-23,CHFUSD,1.23502532
2026-06-23,EURUSD,1.13830000
2026-06-23,GBPUSD,1.31920000
2026-06-23,JPYUSD,0.00619003
2026-06-24,AUDUSD,0.68950000
2026-06-24,CHFUSD,1.23061777
2026-06-24,EURUSD,1.13480000
2026-06-24,GBPUSD,1.31600000
2026-06-24,JPYUSD,0.00618200
2026-06-25,AUDUSD,0.69220000
2026-06-25,CHFUSD,1.23563573
2026-06-25,EURUSD,1.13850000
2026-06-25,GBPUSD,1.32160000
2026-06-25,JPYUSD,0.00618544
2026-06-26,AUDUSD,0.69070000
2026-06-26,CHFUSD,1.23731750
2026-06-26,EURUSD,1.14030000
2026-06-26,GBPUSD,1.32230000
2026-06-26,JPYUSD,0.00618544
2026-06-29,AUDUSD,0.68850000
2026-06-29,CHFUSD,1.23747061
2026-06-29,EURUSD,1.14250000
2026-06-29,GBPUSD,1.32550000
2026-06-29,JPYUSD,0.00617551
2026-06-30,AUDUSD,0.69150000
2026-06-30,CHFUSD,1.23731750
2026-06-30,EURUSD,1.14170000
2026-06-30,GBPUSD,1.32590000
2026-06-30,JPYUSD,0.00614968
2026-07-01,AUDUSD,0.69030000
2026-07-01,CHFUSD,1.23670542
2026-07-01,EURUSD,1.13840000
2026-07-01,GBPUSD,1.32800000
2026-07-01,JPYUSD,0.00615726
2026-07-02,AUDUSD,0.69310000
2026-07-02,CHFUSD,1.24657193
2026-07-02,EURUSD,1.14480000
2026-07-02,GBPUSD,1.33640000
2026-07-02,JPYUSD,0.00621504
2026-07-06,AUDUSD,0.69440000
2026-07-06,CHFUSD,1.24023316
2026-07-06,EURUSD,1.14260000
2026-07-06,GBPUSD,1.33690000
2026-07-06,JPYUSD,0.00616219
2026-07-07,AUDUSD,0.69350000
2026-07-07,CHFUSD,1.23931094
2026-07-07,EURUSD,1.14230000
2026-07-07,GBPUSD,1.33720000
2026-07-07,JPYUSD,0.00617627
2026-07-08,AUDUSD,0.69110000
2026-07-08,CHFUSD,1.23380629
2026-07-08,EURUSD,1.13960000
2026-07-08,GBPUSD,1.33620000
2026-07-08,JPYUSD,0.00614742
2026-07-09,AUDUSD,0.69440000
2026-07-09,CHFUSD,1.24023316
2026-07-09,EURUSD,1.14390000
2026-07-09,GBPUSD,1.34090000
2026-07-09,JPYUSD,0.00616181
2026-07-10,AUDUSD,0.69590000
2026-07-10,CHFUSD,1.24023316
2026-07-10,EURUSD,1.14380000
2026-07-10,GBPUSD,1.34210000
2026-07-10,JPYUSD,0.00619924
2026-07-13,AUDUSD,0.69350000
2026-07-13,CHFUSD,1.23107226
2026-07-13,EURUSD,1.14020000
2026-07-13,GBPUSD,1.33820000
2026-07-13,JPYUSD,0.00616067
2026-07-14,AUDUSD,0.69740000
2026-07-14,CHFUSD,1.23594117
2026-07-14,EURUSD,1.14280000
2026-07-14,GBPUSD,1.33830000
2026-07-14,JPYUSD,0.00616751
2026-07-15,AUDUSD,0.69990000
2026-07-15,CHFUSD,1.23961820
2026-07-15,EURUSD,1.14360000
2026-07-15,GBPUSD,1.34970000
2026-07-15,JPYUSD,0.00616789
2026-07-16,AUDUSD,0.70040000
2026-07-16,CHFUSD,1.23777695
2026-07-16,EURUSD,1.14470000
2026-07-16,GBPUSD,1.34850000
2026-07-16,JPYUSD,0.00615688
2026-07-17,AUDUSD,0.69850000
2026-07-17,CHFUSD,1.23931094
2026-07-17,EURUSD,1.14400000
2026-07-17,GBPUSD,1.34460000
2026-07-17,JPYUSD,0.00615650
2026-07-20,AUDUSD,0.70040000
2026-07-20,CHFUSD,1.23395854
2026-07-20,EURUSD,1.14110000
2026-07-20,GBPUSD,1.34200000
2026-07-20,JPYUSD,0.00615044
2026-07-21,AUDUSD,0.70080000
2026-07-21,CHFUSD,1.23122384
2026-07-21,EURUSD,1.14080000
2026-07-21,GBPUSD,1.33740000
2026-07-21,JPYUSD,0.00613459
2026-07-22,AUDUSD,0.70000000
2026-07-22,CHFUSD,1.22940743
2026-07-22,EURUSD,1.14140000
2026-07-22,GBPUSD,1.33780000
2026-07-22,JPYUSD,0.00613196
2026-07-23,AUDUSD,0.69750000
2026-07-23,CHFUSD,1.22369065
2026-07-23,EURUSD,1.13730000
2026-07-23,GBPUSD,1.33130000
2026-07-23,JPYUSD,0.00610501
2026-07-24,AUDUSD,0.69960000
2026-07-24,CHFUSD,1.22428991
2026-07-24,EURUSD,1.13850000
2026-07-24,GBPUSD,1.33440000
2026-07-24,JPYUSD,0.00610836
2026-07-27,AUDUSD,0.69930000
2026-07-27,CHFUSD,1.22144864
2026-07-27,EURUSD,1.13760000
2026-07-27,GBPUSD,1.33040000
2026-07-27,JPYUSD,0.00610836
2026-07-28,AUDUSD,0.69840000
2026-07-28,CHFUSD,1.22399021
2026-07-28,EURUSD,1.14010000
2026-07-28,GBPUSD,1.33110000
2026-07-28,JPYUSD,0.00611060
2026-07-29,AUDUSD,0.69300000
2026-07-29,CHFUSD,1.21966093
2026-07-29,EURUSD,1.13840000
2026-07-29,GBPUSD,1.32880000
2026-07-29,JPYUSD,0.00610277
2026-07-30,AUDUSD,0.70220000
2026-07-30,CHFUSD,1.24131082
2026-07-30,EURUSD,1.15220000
2026-07-30,GBPUSD,1.34630000
2026-07-30,JPYUSD,0.00627077
2026-07-31,AUDUSD,0.70260000
2026-07-31,CHFUSD,1.23747061
2026-07-31,EURUSD,1.15190000
2026-07-31,GBPUSD,1.34700000
2026-07-31,JPYUSD,0.00628299
2026-08-03,AUDUSD,0.70010000
2026-08-03,CHFUSD,1.23395854
2026-08-03,EURUSD,1.15090000
2026-08-03,GBPUSD,1.34340000
2026-08-03,JPYUSD,0.00637105
2026-08-04,AUDUSD,0.70380000
2026-08-04,CHFUSD,1.23578843
2026-08-04,EURUSD,1.15270000
2026-08-04,GBPUSD,1.34560000
2026-08-04,JPYUSD,0.00635163
2026-08-05,AUDUSD,0.70510000
2026-08-05,CHFUSD,1.23839009
2026-08-05,EURUSD,1.15470000
2026-08-05,GBPUSD,1.34620000
2026-08-05,JPYUSD,0.00634397
2026-08-06,AUDUSD,0.70280000
2026-08-06,CHFUSD,1.23016361
2026-08-06,EURUSD,1.15210000
2026-08-06,GBPUSD,1.34560000
2026-08-06,JPYUSD,0.00631114
2026-08-07,AUDUSD,0.70640000
2026-08-07,CHFUSD,1.23793018
2026-08-07,EURUSD,1.15590000
2026-08-07,GBPUSD,1.34980000
2026-08-07,JPYUSD,0.00634759
2026-08-10,AUDUSD,0.70660000
2026-08-10,CHFUSD,1.23624675
2026-08-10,EURUSD,1.15520000
2026-08-10,GBPUSD,1.35260000
2026-08-10,JPYUSD,0.00629327
2026-08-11,AUDUSD,0.70620000
2026-08-11,CHFUSD,1.23319768
2026-08-11,EURUSD,1.15430000
2026-08-11,GBPUSD,1.35160000
2026-08-11,JPYUSD,0.00627943
2026-08-12,AUDUSD,0.70700000
2026-08-12,CHFUSD,1.23198226
2026-08-12,EURUSD,1.15400000
2026-08-12,GBPUSD,1.35110000
2026-08-12,JPYUSD,0.00628022
2026-08-13,AUDUSD,0.70580000
2026-08-13,CHFUSD,1.23001230
2026-08-13,EURUSD,1.15310000
2026-08-13,GBPUSD,1.34970000
2026-08-13,JPYUSD,0.00627549
2026-08-14,AUDUSD,0.70910000
2026-08-14,CHFUSD,1.23213406
2026-08-14,EURUSD,1.15810000
2026-08-14,GBPUSD,1.35560000
2026-08-14,JPYUSD,0.00628101
